<?xml version="1.0" encoding="UTF-8" standalone="yes"?>
<imgdir name="101081200.img">
	<imgdir name="info">
		<int name="version" value="10"/>
		<int name="cloud" value="0"/>
		<int name="town" value="0"/>
		<int name="swim" value="0"/>
		<int name="returnMap" value="101080900"/>
		<int name="forcedReturn" value="999999999"/>
		<float name="mobRate" value="1.0"/>
		<string name="bgm" value="Bgm51/SecretElodin"/>
		<string name="mapMark" value="Elodin"/>
		<int name="fly" value="0"/>
		<int name="standAlone" value="0"/>
		<int name="partyStandAlone" value="0"/>
		<int name="quarterView" value="0"/>
		<int name="noMapCmd" value="0"/>
		<int name="hideMinimap" value="0"/>
		<int name="fieldLimit" value="0"/>
		<string name="AmbientBGM" value=""/>
		<int name="AmbientBGMv" value="100"/>
		<int name="VRTop" value="-640"/>
		<int name="VRLeft" value="-1080"/>
		<int name="VRBottom" value="300"/>
		<int name="VRRight" value="1080"/>
		<string name="fieldScript" value=""/>
		<string name="onFirstUserEnter" value=""/>
		<string name="onUserEnter" value="enter_Elodin"/>
		<int name="MRLeft" value="-1080"/>
		<int name="MRTop" value="-640"/>
		<int name="MRRight" value="1080"/>
		<int name="MRBottom" value="300"/>
		<int name="individualMobPool" value="1"/>
	</imgdir>
	<imgdir name="back">
		<imgdir name="0">
			<string name="bS" value="elodin_forest1"/>
			<int name="front" value="0"/>
			<int name="ani" value="0"/>
			<int name="no" value="0"/>
			<int name="f" value="0"/>
			<int name="w" value="0"/>
			<int name="x" value="0"/>
			<int name="y" value="0"/>
			<int name="rx" value="0"/>
			<int name="ry" value="0"/>
			<int name="wx" value="0"/>
			<int name="wy" value="0"/>
			<int name="type" value="3"/>
			<int name="cx" value="70"/>
			<int name="cy" value="200"/>
			<int name="a" value="255"/>
			<string name="backTags" value=""/>
		</imgdir>
		<imgdir name="1">
			<string name="bS" value="elodin_forest1"/>
			<int name="front" value="0"/>
			<int name="ani" value="0"/>
			<int name="no" value="1"/>
			<int name="f" value="0"/>
			<int name="w" value="0"/>
			<int name="x" value="0"/>
			<int name="y" value="-100"/>
			<int name="rx" value="0"/>
			<int name="ry" value="-65"/>
			<int name="wx" value="0"/>
			<int name="wy" value="0"/>
			<int name="type" value="1"/>
			<int name="cx" value="70"/>
			<int name="cy" value="0"/>
			<int name="a" value="255"/>
			<string name="backTags" value=""/>
		</imgdir>
		<imgdir name="2">
			<string name="bS" value="elodin_forest1"/>
			<int name="front" value="0"/>
			<int name="ani" value="0"/>
			<int name="no" value="2"/>
			<int name="f" value="0"/>
			<int name="w" value="0"/>
			<int name="x" value="0"/>
			<int name="y" value="254"/>
			<int name="rx" value="0"/>
			<int name="ry" value="-65"/>
			<int name="wx" value="0"/>
			<int name="wy" value="0"/>
			<int name="type" value="1"/>
			<int name="cx" value="70"/>
			<int name="cy" value="0"/>
			<int name="a" value="255"/>
			<string name="backTags" value=""/>
		</imgdir>
		<imgdir name="3">
			<string name="bS" value="elodin_forest1"/>
			<int name="front" value="0"/>
			<int name="ani" value="0"/>
			<int name="no" value="3"/>
			<int name="f" value="0"/>
			<int name="w" value="0"/>
			<int name="x" value="466"/>
			<int name="y" value="-344"/>
			<int name="rx" value="-50"/>
			<int name="ry" value="-70"/>
			<int name="wx" value="0"/>
			<int name="wy" value="0"/>
			<int name="type" value="1"/>
			<int name="cx" value="100"/>
			<int name="cy" value="0"/>
			<int name="a" value="255"/>
			<string name="backTags" value=""/>
		</imgdir>
		<imgdir name="4">
			<string name="bS" value="elodin_forest1"/>
			<int name="front" value="0"/>
			<int name="ani" value="0"/>
			<int name="no" value="4"/>
			<int name="f" value="0"/>
			<int name="w" value="0"/>
			<int name="x" value="158"/>
			<int name="y" value="-309"/>
			<int name="rx" value="-60"/>
			<int name="ry" value="-80"/>
			<int name="wx" value="0"/>
			<int name="wy" value="0"/>
			<int name="type" value="1"/>
			<int name="cx" value="300"/>
			<int name="cy" value="0"/>
			<int name="a" value="255"/>
			<string name="backTags" value=""/>
		</imgdir>
		<imgdir name="5">
			<string name="bS" value="elodin_forest1"/>
			<int name="front" value="0"/>
			<int name="ani" value="0"/>
			<int name="no" value="5"/>
			<int name="f" value="0"/>
			<int name="w" value="0"/>
			<int name="x" value="544"/>
			<int name="y" value="-318"/>
			<int name="rx" value="-70"/>
			<int name="ry" value="-83"/>
			<int name="wx" value="0"/>
			<int name="wy" value="0"/>
			<int name="type" value="1"/>
			<int name="cx" value="600"/>
			<int name="cy" value="0"/>
			<int name="a" value="255"/>
			<string name="backTags" value=""/>
		</imgdir>
		<imgdir name="6">
			<string name="bS" value="elodin_forest1"/>
			<int name="front" value="0"/>
			<int name="ani" value="0"/>
			<int name="no" value="6"/>
			<int name="f" value="0"/>
			<int name="w" value="0"/>
			<int name="x" value="248"/>
			<int name="y" value="-316"/>
			<int name="rx" value="-70"/>
			<int name="ry" value="-83"/>
			<int name="wx" value="0"/>
			<int name="wy" value="0"/>
			<int name="type" value="1"/>
			<int name="cx" value="550"/>
			<int name="cy" value="0"/>
			<int name="a" value="255"/>
			<string name="backTags" value=""/>
		</imgdir>
		<imgdir name="7">
			<string name="bS" value="elodin_forest1"/>
			<int name="front" value="0"/>
			<int name="ani" value="0"/>
			<int name="no" value="7"/>
			<int name="f" value="0"/>
			<int name="w" value="0"/>
			<int name="x" value="26"/>
			<int name="y" value="126"/>
			<int name="rx" value="-75"/>
			<int name="ry" value="-85"/>
			<int name="wx" value="0"/>
			<int name="wy" value="0"/>
			<int name="type" value="1"/>
			<int name="cx" value="377"/>
			<int name="cy" value="0"/>
			<int name="a" value="255"/>
			<string name="backTags" value=""/>
		</imgdir>
		<imgdir name="8">
			<string name="bS" value="elodin_forest1"/>
			<int name="front" value="0"/>
			<int name="ani" value="0"/>
			<int name="no" value="8"/>
			<int name="f" value="0"/>
			<int name="w" value="0"/>
			<int name="x" value="183"/>
			<int name="y" value="-263"/>
			<int name="rx" value="-80"/>
			<int name="ry" value="-87"/>
			<int name="wx" value="0"/>
			<int name="wy" value="0"/>
			<int name="type" value="1"/>
			<int name="cx" value="1200"/>
			<int name="cy" value="0"/>
			<int name="a" value="255"/>
			<string name="backTags" value=""/>
		</imgdir>
		<imgdir name="9">
			<string name="bS" value="elodin_forest1"/>
			<int name="front" value="0"/>
			<int name="ani" value="0"/>
			<int name="no" value="9"/>
			<int name="f" value="0"/>
			<int name="w" value="0"/>
			<int name="x" value="782"/>
			<int name="y" value="-253"/>
			<int name="rx" value="-80"/>
			<int name="ry" value="-87"/>
			<int name="wx" value="0"/>
			<int name="wy" value="0"/>
			<int name="type" value="1"/>
			<int name="cx" value="1200"/>
			<int name="cy" value="0"/>
			<int name="a" value="255"/>
			<string name="backTags" value=""/>
		</imgdir>
		<imgdir name="11">
			<string name="bS" value="elodin_forest1"/>
			<int name="front" value="0"/>
			<int name="ani" value="0"/>
			<int name="no" value="14"/>
			<int name="f" value="0"/>
			<int name="w" value="0"/>
			<int name="x" value="-654"/>
			<int name="y" value="-281"/>
			<int name="rx" value="-95"/>
			<int name="ry" value="-95"/>
			<int name="wx" value="0"/>
			<int name="wy" value="0"/>
			<int name="type" value="0"/>
			<int name="cx" value="0"/>
			<int name="cy" value="0"/>
			<int name="a" value="255"/>
			<string name="backTags" value=""/>
		</imgdir>
		<imgdir name="12">
			<string name="bS" value="elodin_forest1"/>
			<int name="front" value="0"/>
			<int name="ani" value="0"/>
			<int name="no" value="12"/>
			<int name="f" value="0"/>
			<int name="w" value="0"/>
			<int name="x" value="440"/>
			<int name="y" value="-261"/>
			<int name="rx" value="-95"/>
			<int name="ry" value="-95"/>
			<int name="wx" value="0"/>
			<int name="wy" value="0"/>
			<int name="type" value="0"/>
			<int name="cx" value="0"/>
			<int name="cy" value="0"/>
			<int name="a" value="255"/>
			<string name="backTags" value=""/>
		</imgdir>
		<imgdir name="13">
			<string name="bS" value="elodin_forest1"/>
			<int name="front" value="1"/>
			<int name="ani" value="1"/>
			<int name="no" value="0"/>
			<int name="f" value="0"/>
			<int name="w" value="0"/>
			<int name="x" value="-164"/>
			<int name="y" value="-488"/>
			<int name="rx" value="-95"/>
			<int name="ry" value="-95"/>
			<int name="wx" value="0"/>
			<int name="wy" value="0"/>
			<int name="type" value="0"/>
			<int name="cx" value="0"/>
			<int name="cy" value="0"/>
			<int name="a" value="255"/>
			<string name="backTags" value=""/>
		</imgdir>
		<imgdir name="15">
			<string name="bS" value="elodin_forest1"/>
			<int name="front" value="1"/>
			<int name="ani" value="0"/>
			<int name="no" value="25"/>
			<int name="f" value="0"/>
			<int name="w" value="0"/>
			<int name="x" value="-760"/>
			<int name="y" value="230"/>
			<int name="rx" value="-90"/>
			<int name="ry" value="-85"/>
			<int name="wx" value="0"/>
			<int name="wy" value="0"/>
			<int name="type" value="1"/>
			<int name="cx" value="850"/>
			<int name="cy" value="0"/>
			<int name="a" value="255"/>
			<string name="backTags" value=""/>
		</imgdir>
		<imgdir name="16">
			<string name="bS" value="elodin_forest1"/>
			<int name="front" value="1"/>
			<int name="ani" value="0"/>
			<int name="no" value="28"/>
			<int name="f" value="0"/>
			<int name="w" value="0"/>
			<int name="x" value="-559"/>
			<int name="y" value="279"/>
			<int name="rx" value="-90"/>
			<int name="ry" value="-85"/>
			<int name="wx" value="0"/>
			<int name="wy" value="0"/>
			<int name="type" value="1"/>
			<int name="cx" value="250"/>
			<int name="cy" value="0"/>
			<int name="a" value="255"/>
			<string name="backTags" value=""/>
		</imgdir>
		<imgdir name="17">
			<string name="bS" value="elodin_forest1"/>
			<int name="front" value="1"/>
			<int name="ani" value="0"/>
			<int name="no" value="27"/>
			<int name="f" value="0"/>
			<int name="w" value="0"/>
			<int name="x" value="-998"/>
			<int name="y" value="268"/>
			<int name="rx" value="-90"/>
			<int name="ry" value="-85"/>
			<int name="wx" value="0"/>
			<int name="wy" value="0"/>
			<int name="type" value="1"/>
			<int name="cx" value="250"/>
			<int name="cy" value="0"/>
			<int name="a" value="255"/>
			<string name="backTags" value=""/>
		</imgdir>
		<imgdir name="14">
			<string name="bS" value="elodin_forest1"/>
			<int name="front" value="1"/>
			<int name="ani" value="1"/>
			<int name="no" value="0"/>
			<int name="f" value="0"/>
			<int name="w" value="0"/>
			<int name="x" value="1032"/>
			<int name="y" value="-477"/>
			<int name="rx" value="-95"/>
			<int name="ry" value="-95"/>
			<int name="wx" value="0"/>
			<int name="wy" value="0"/>
			<int name="type" value="0"/>
			<int name="cx" value="0"/>
			<int name="cy" value="0"/>
			<int name="a" value="255"/>
			<string name="backTags" value=""/>
		</imgdir>
		<imgdir name="10">
			<string name="bS" value="elodin_forest1"/>
			<int name="front" value="0"/>
			<int name="ani" value="0"/>
			<int name="no" value="11"/>
			<int name="f" value="0"/>
			<int name="w" value="0"/>
			<int name="x" value="-620"/>
			<int name="y" value="169"/>
			<int name="rx" value="-90"/>
			<int name="ry" value="-90"/>
			<int name="wx" value="0"/>
			<int name="wy" value="0"/>
			<int name="type" value="1"/>
			<int name="cx" value="540"/>
			<int name="cy" value="0"/>
			<int name="a" value="255"/>
			<string name="backTags" value=""/>
		</imgdir>
	</imgdir>
	<imgdir name="life">
		<imgdir name="0">
			<string name="type" value="m"/>
			<string name="id" value="3501100"/>
			<int name="x" value="-730"/>
			<int name="y" value="134"/>
			<int name="mobTime" value="0"/>
			<int name="f" value="0"/>
			<int name="hide" value="0"/>
			<int name="fh" value="1"/>
			<int name="cy" value="149"/>
			<int name="rx0" value="-1060"/>
			<int name="rx1" value="-20"/>
		</imgdir>
		<imgdir name="1">
			<string name="type" value="m"/>
			<string name="id" value="3501100"/>
			<int name="x" value="-544"/>
			<int name="y" value="126"/>
			<int name="mobTime" value="0"/>
			<int name="f" value="0"/>
			<int name="hide" value="0"/>
			<int name="fh" value="1"/>
			<int name="cy" value="149"/>
			<int name="rx0" value="-1060"/>
			<int name="rx1" value="-20"/>
		</imgdir>
		<imgdir name="2">
			<string name="type" value="m"/>
			<string name="id" value="3501100"/>
			<int name="x" value="-355"/>
			<int name="y" value="126"/>
			<int name="mobTime" value="0"/>
			<int name="f" value="0"/>
			<int name="hide" value="0"/>
			<int name="fh" value="1"/>
			<int name="cy" value="149"/>
			<int name="rx0" value="-1060"/>
			<int name="rx1" value="-20"/>
		</imgdir>
		<imgdir name="3">
			<string name="type" value="m"/>
			<string name="id" value="3501100"/>
			<int name="x" value="-191"/>
			<int name="y" value="125"/>
			<int name="mobTime" value="0"/>
			<int name="f" value="0"/>
			<int name="hide" value="0"/>
			<int name="fh" value="1"/>
			<int name="cy" value="149"/>
			<int name="rx0" value="-1060"/>
			<int name="rx1" value="-20"/>
		</imgdir>
		<imgdir name="4">
			<string name="type" value="m"/>
			<string name="id" value="3501100"/>
			<int name="x" value="159"/>
			<int name="y" value="128"/>
			<int name="mobTime" value="0"/>
			<int name="f" value="0"/>
			<int name="hide" value="0"/>
			<int name="fh" value="2"/>
			<int name="cy" value="149"/>
			<int name="rx0" value="20"/>
			<int name="rx1" value="1060"/>
		</imgdir>
		<imgdir name="5">
			<string name="type" value="m"/>
			<string name="id" value="3501100"/>
			<int name="x" value="336"/>
			<int name="y" value="127"/>
			<int name="mobTime" value="0"/>
			<int name="f" value="0"/>
			<int name="hide" value="0"/>
			<int name="fh" value="2"/>
			<int name="cy" value="149"/>
			<int name="rx0" value="20"/>
			<int name="rx1" value="1060"/>
		</imgdir>
		<imgdir name="6">
			<string name="type" value="m"/>
			<string name="id" value="3501100"/>
			<int name="x" value="520"/>
			<int name="y" value="128"/>
			<int name="mobTime" value="0"/>
			<int name="f" value="0"/>
			<int name="hide" value="0"/>
			<int name="fh" value="2"/>
			<int name="cy" value="149"/>
			<int name="rx0" value="20"/>
			<int name="rx1" value="1060"/>
		</imgdir>
		<imgdir name="7">
			<string name="type" value="m"/>
			<string name="id" value="3501100"/>
			<int name="x" value="716"/>
			<int name="y" value="128"/>
			<int name="mobTime" value="0"/>
			<int name="f" value="0"/>
			<int name="hide" value="0"/>
			<int name="fh" value="2"/>
			<int name="cy" value="149"/>
			<int name="rx0" value="20"/>
			<int name="rx1" value="1060"/>
		</imgdir>
		<imgdir name="8">
			<string name="type" value="m"/>
			<string name="id" value="3501100"/>
			<int name="x" value="272"/>
			<int name="y" value="-133"/>
			<int name="mobTime" value="0"/>
			<int name="f" value="0"/>
			<int name="hide" value="0"/>
			<int name="fh" value="7"/>
			<int name="cy" value="-114"/>
			<int name="rx0" value="222"/>
			<int name="rx1" value="351"/>
		</imgdir>
		<imgdir name="9">
			<string name="type" value="m"/>
			<string name="id" value="3501100"/>
			<int name="x" value="-353"/>
			<int name="y" value="-139"/>
			<int name="mobTime" value="0"/>
			<int name="f" value="0"/>
			<int name="hide" value="0"/>
			<int name="fh" value="11"/>
			<int name="cy" value="-114"/>
			<int name="rx0" value="-353"/>
			<int name="rx1" value="-218"/>
		</imgdir>
		<imgdir name="10">
			<string name="type" value="m"/>
			<string name="id" value="3501102"/>
			<int name="x" value="-442"/>
			<int name="y" value="-136"/>
			<int name="mobTime" value="0"/>
			<int name="f" value="0"/>
			<int name="hide" value="0"/>
			<int name="fh" value="12"/>
			<int name="cy" value="-114"/>
			<int name="rx0" value="-518"/>
			<int name="rx1" value="-388"/>
		</imgdir>
		<imgdir name="11">
			<string name="type" value="m"/>
			<string name="id" value="3501102"/>
			<int name="x" value="-854"/>
			<int name="y" value="-212"/>
			<int name="mobTime" value="0"/>
			<int name="f" value="0"/>
			<int name="hide" value="0"/>
			<int name="fh" value="16"/>
			<int name="cy" value="-189"/>
			<int name="rx0" value="-994"/>
			<int name="rx1" value="-854"/>
		</imgdir>
		<imgdir name="12">
			<string name="type" value="m"/>
			<string name="id" value="3501102"/>
			<int name="x" value="-758"/>
			<int name="y" value="-215"/>
			<int name="mobTime" value="0"/>
			<int name="f" value="0"/>
			<int name="hide" value="0"/>
			<int name="fh" value="15"/>
			<int name="cy" value="-189"/>
			<int name="rx0" value="-824"/>
			<int name="rx1" value="-694"/>
		</imgdir>
		<imgdir name="13">
			<string name="type" value="m"/>
			<string name="id" value="3501102"/>
			<int name="x" value="-457"/>
			<int name="y" value="-329"/>
			<int name="mobTime" value="0"/>
			<int name="f" value="0"/>
			<int name="hide" value="0"/>
			<int name="fh" value="28"/>
			<int name="cy" value="-299"/>
			<int name="rx0" value="-518"/>
			<int name="rx1" value="-388"/>
		</imgdir>
		<imgdir name="14">
			<string name="type" value="m"/>
			<string name="id" value="3501102"/>
			<int name="x" value="-370"/>
			<int name="y" value="-332"/>
			<int name="mobTime" value="0"/>
			<int name="f" value="0"/>
			<int name="hide" value="0"/>
			<int name="fh" value="28"/>
			<int name="cy" value="-299"/>
			<int name="rx0" value="-518"/>
			<int name="rx1" value="-370"/>
		</imgdir>
		<imgdir name="15">
			<string name="type" value="m"/>
			<string name="id" value="3501102"/>
			<int name="x" value="60"/>
			<int name="y" value="-432"/>
			<int name="mobTime" value="0"/>
			<int name="f" value="0"/>
			<int name="hide" value="0"/>
			<int name="fh" value="30"/>
			<int name="cy" value="-404"/>
			<int name="rx0" value="-65"/>
			<int name="rx1" value="65"/>
		</imgdir>
		<imgdir name="16">
			<string name="type" value="m"/>
			<string name="id" value="3501102"/>
			<int name="x" value="444"/>
			<int name="y" value="-147"/>
			<int name="mobTime" value="0"/>
			<int name="f" value="0"/>
			<int name="hide" value="0"/>
			<int name="fh" value="8"/>
			<int name="cy" value="-114"/>
			<int name="rx0" value="391"/>
			<int name="rx1" value="521"/>
		</imgdir>
		<imgdir name="17">
			<string name="type" value="m"/>
			<string name="id" value="3501102"/>
			<int name="x" value="258"/>
			<int name="y" value="-321"/>
			<int name="mobTime" value="0"/>
			<int name="f" value="0"/>
			<int name="hide" value="0"/>
			<int name="fh" value="23"/>
			<int name="cy" value="-299"/>
			<int name="rx0" value="222"/>
			<int name="rx1" value="351"/>
		</imgdir>
		<imgdir name="18">
			<string name="type" value="m"/>
			<string name="id" value="3501102"/>
			<int name="x" value="360"/>
			<int name="y" value="-329"/>
			<int name="mobTime" value="0"/>
			<int name="f" value="0"/>
			<int name="hide" value="0"/>
			<int name="fh" value="23"/>
			<int name="cy" value="-299"/>
			<int name="rx0" value="222"/>
			<int name="rx1" value="360"/>
		</imgdir>
		<imgdir name="19">
			<string name="type" value="m"/>
			<string name="id" value="3501102"/>
			<int name="x" value="827"/>
			<int name="y" value="-210"/>
			<int name="mobTime" value="0"/>
			<int name="f" value="0"/>
			<int name="hide" value="0"/>
			<int name="fh" value="19"/>
			<int name="cy" value="-189"/>
			<int name="rx0" value="697"/>
			<int name="rx1" value="827"/>
		</imgdir>
		<imgdir name="20">
			<string name="type" value="m"/>
			<string name="id" value="3501102"/>
			<int name="x" value="908"/>
			<int name="y" value="-207"/>
			<int name="mobTime" value="0"/>
			<int name="f" value="0"/>
			<int name="hide" value="0"/>
			<int name="fh" value="20"/>
			<int name="cy" value="-189"/>
			<int name="rx0" value="866"/>
			<int name="rx1" value="996"/>
		</imgdir>
		<imgdir name="21">
			<string name="type" value="m"/>
			<string name="id" value="3501102"/>
			<int name="x" value="-931"/>
			<int name="y" value="-210"/>
			<int name="mobTime" value="0"/>
			<int name="f" value="0"/>
			<int name="hide" value="0"/>
			<int name="fh" value="16"/>
			<int name="cy" value="-189"/>
			<int name="rx0" value="-994"/>
			<int name="rx1" value="-864"/>
		</imgdir>
		<imgdir name="22">
			<string name="type" value="m"/>
			<string name="id" value="3501102"/>
			<int name="x" value="-283"/>
			<int name="y" value="-333"/>
			<int name="mobTime" value="0"/>
			<int name="f" value="0"/>
			<int name="hide" value="0"/>
			<int name="fh" value="27"/>
			<int name="cy" value="-299"/>
			<int name="rx0" value="-348"/>
			<int name="rx1" value="-218"/>
		</imgdir>
		<imgdir name="23">
			<string name="type" value="m"/>
			<string name="id" value="3501100"/>
			<int name="x" value="-275"/>
			<int name="y" value="-129"/>
			<int name="mobTime" value="0"/>
			<int name="f" value="0"/>
			<int name="hide" value="0"/>
			<int name="fh" value="11"/>
			<int name="cy" value="-114"/>
			<int name="rx0" value="-348"/>
			<int name="rx1" value="-218"/>
		</imgdir>
		<imgdir name="24">
			<string name="type" value="m"/>
			<string name="id" value="3501102"/>
			<int name="x" value="-3"/>
			<int name="y" value="-424"/>
			<int name="mobTime" value="0"/>
			<int name="f" value="0"/>
			<int name="hide" value="0"/>
			<int name="fh" value="30"/>
			<int name="cy" value="-404"/>
			<int name="rx0" value="-65"/>
			<int name="rx1" value="65"/>
		</imgdir>
		<imgdir name="25">
			<string name="type" value="m"/>
			<string name="id" value="3501102"/>
			<int name="x" value="444"/>
			<int name="y" value="-320"/>
			<int name="mobTime" value="0"/>
			<int name="f" value="0"/>
			<int name="hide" value="0"/>
			<int name="fh" value="24"/>
			<int name="cy" value="-299"/>
			<int name="rx0" value="391"/>
			<int name="rx1" value="521"/>
		</imgdir>
		<imgdir name="26">
			<string name="type" value="m"/>
			<string name="id" value="3501102"/>
			<int name="x" value="368"/>
			<int name="y" value="-148"/>
			<int name="mobTime" value="0"/>
			<int name="f" value="0"/>
			<int name="hide" value="0"/>
			<int name="fh" value="7"/>
			<int name="cy" value="-114"/>
			<int name="rx0" value="222"/>
			<int name="rx1" value="368"/>
		</imgdir>
		<imgdir name="27">
			<string name="type" value="m"/>
			<string name="id" value="3501102"/>
			<int name="x" value="743"/>
			<int name="y" value="-208"/>
			<int name="mobTime" value="0"/>
			<int name="f" value="0"/>
			<int name="hide" value="0"/>
			<int name="fh" value="19"/>
			<int name="cy" value="-189"/>
			<int name="rx0" value="697"/>
			<int name="rx1" value="826"/>
		</imgdir>
	</imgdir>
	<imgdir name="reactor">
	</imgdir>
	<imgdir name="0">
		<imgdir name="info">
		</imgdir>
		<imgdir name="tile">
		</imgdir>
		<imgdir name="obj">
		</imgdir>
	</imgdir>
	<imgdir name="1">
		<imgdir name="info">
		</imgdir>
		<imgdir name="tile">
		</imgdir>
		<imgdir name="obj">
		</imgdir>
	</imgdir>
	<imgdir name="2">
		<imgdir name="info">
		</imgdir>
		<imgdir name="tile">
		</imgdir>
		<imgdir name="obj">
		</imgdir>
	</imgdir>
	<imgdir name="3">
		<imgdir name="info">
		</imgdir>
		<imgdir name="tile">
		</imgdir>
		<imgdir name="obj">
			<imgdir name="0">
				<string name="oS" value="elodin"/>
				<string name="l0" value="forest1"/>
				<string name="l1" value="tree"/>
				<string name="l2" value="3"/>
				<int name="x" value="-6"/>
				<int name="y" value="-234"/>
				<int name="z" value="9"/>
				<int name="f" value="0"/>
				<int name="zM" value="2"/>
				<int name="r" value="0"/>
				<int name="move" value="0"/>
				<int name="dynamic" value="0"/>
				<int name="piece" value="0"/>
			</imgdir>
			<imgdir name="1">
				<string name="oS" value="elodin"/>
				<string name="l0" value="forest1"/>
				<string name="l1" value="stone"/>
				<string name="l2" value="2"/>
				<int name="x" value="871"/>
				<int name="y" value="-1"/>
				<int name="z" value="9"/>
				<int name="f" value="0"/>
				<int name="zM" value="3"/>
				<int name="r" value="0"/>
				<int name="move" value="0"/>
				<int name="dynamic" value="0"/>
				<int name="piece" value="1"/>
			</imgdir>
			<imgdir name="2">
				<string name="oS" value="elodin"/>
				<string name="l0" value="forest1"/>
				<string name="l1" value="tree"/>
				<string name="l2" value="0"/>
				<int name="x" value="641"/>
				<int name="y" value="-7"/>
				<int name="z" value="10"/>
				<int name="f" value="0"/>
				<int name="zM" value="3"/>
				<int name="r" value="0"/>
				<int name="move" value="0"/>
				<int name="dynamic" value="0"/>
				<int name="piece" value="2"/>
			</imgdir>
			<imgdir name="3">
				<string name="oS" value="elodin"/>
				<string name="l0" value="forest1"/>
				<string name="l1" value="stone"/>
				<string name="l2" value="1"/>
				<int name="x" value="-390"/>
				<int name="y" value="31"/>
				<int name="z" value="9"/>
				<int name="f" value="0"/>
				<int name="zM" value="2"/>
				<int name="r" value="0"/>
				<int name="move" value="0"/>
				<int name="dynamic" value="0"/>
				<int name="piece" value="3"/>
			</imgdir>
			<imgdir name="4">
				<string name="oS" value="elodin"/>
				<string name="l0" value="forest1"/>
				<string name="l1" value="tree"/>
				<string name="l2" value="1"/>
				<int name="x" value="-992"/>
				<int name="y" value="-86"/>
				<int name="z" value="9"/>
				<int name="f" value="0"/>
				<int name="zM" value="5"/>
				<int name="r" value="0"/>
				<int name="move" value="0"/>
				<int name="dynamic" value="0"/>
				<int name="piece" value="4"/>
			</imgdir>
			<imgdir name="5">
				<string name="oS" value="elodin"/>
				<string name="l0" value="forest1"/>
				<string name="l1" value="tree"/>
				<string name="l2" value="2"/>
				<int name="x" value="731"/>
				<int name="y" value="-136"/>
				<int name="z" value="8"/>
				<int name="f" value="0"/>
				<int name="zM" value="3"/>
				<int name="r" value="0"/>
				<int name="move" value="0"/>
				<int name="dynamic" value="0"/>
				<int name="piece" value="5"/>
			</imgdir>
			<imgdir name="6">
				<string name="oS" value="elodin"/>
				<string name="l0" value="forest1"/>
				<string name="l1" value="grass"/>
				<string name="l2" value="3"/>
				<int name="x" value="-601"/>
				<int name="y" value="62"/>
				<int name="z" value="10"/>
				<int name="f" value="0"/>
				<int name="zM" value="2"/>
				<int name="r" value="0"/>
				<int name="move" value="0"/>
				<int name="dynamic" value="0"/>
				<int name="piece" value="6"/>
			</imgdir>
			<imgdir name="7">
				<string name="oS" value="elodin"/>
				<string name="l0" value="forest1"/>
				<string name="l1" value="grass"/>
				<string name="l2" value="3"/>
				<int name="x" value="302"/>
				<int name="y" value="-384"/>
				<int name="z" value="9"/>
				<int name="f" value="0"/>
				<int name="zM" value="55"/>
				<int name="r" value="0"/>
				<int name="move" value="0"/>
				<int name="dynamic" value="0"/>
				<int name="piece" value="7"/>
			</imgdir>
			<imgdir name="8">
				<string name="oS" value="elodin"/>
				<string name="l0" value="forest1"/>
				<string name="l1" value="grass"/>
				<string name="l2" value="1"/>
				<int name="x" value="969"/>
				<int name="y" value="-223"/>
				<int name="z" value="9"/>
				<int name="f" value="0"/>
				<int name="zM" value="3"/>
				<int name="r" value="0"/>
				<int name="move" value="0"/>
				<int name="dynamic" value="0"/>
				<int name="piece" value="8"/>
			</imgdir>
			<imgdir name="9">
				<string name="oS" value="elodin"/>
				<string name="l0" value="forest1"/>
				<string name="l1" value="grass"/>
				<string name="l2" value="2"/>
				<int name="x" value="439"/>
				<int name="y" value="95"/>
				<int name="z" value="9"/>
				<int name="f" value="0"/>
				<int name="zM" value="4"/>
				<int name="r" value="0"/>
				<int name="move" value="0"/>
				<int name="dynamic" value="0"/>
				<int name="piece" value="9"/>
			</imgdir>
			<imgdir name="10">
				<string name="oS" value="elodin"/>
				<string name="l0" value="forest1"/>
				<string name="l1" value="grass"/>
				<string name="l2" value="0"/>
				<int name="x" value="-239"/>
				<int name="y" value="-154"/>
				<int name="z" value="9"/>
				<int name="f" value="0"/>
				<int name="zM" value="2"/>
				<int name="r" value="0"/>
				<int name="move" value="0"/>
				<int name="dynamic" value="0"/>
				<int name="piece" value="10"/>
			</imgdir>
			<imgdir name="11">
				<string name="oS" value="elodin"/>
				<string name="l0" value="forest1"/>
				<string name="l1" value="grass"/>
				<string name="l2" value="1"/>
				<int name="x" value="-831"/>
				<int name="y" value="-218"/>
				<int name="z" value="9"/>
				<int name="f" value="0"/>
				<int name="zM" value="46"/>
				<int name="r" value="0"/>
				<int name="move" value="0"/>
				<int name="dynamic" value="0"/>
				<int name="piece" value="11"/>
			</imgdir>
			<imgdir name="12">
				<string name="oS" value="elodin"/>
				<string name="l0" value="forest1"/>
				<string name="l1" value="grass"/>
				<string name="l2" value="2"/>
				<int name="x" value="-908"/>
				<int name="y" value="93"/>
				<int name="z" value="9"/>
				<int name="f" value="0"/>
				<int name="zM" value="5"/>
				<int name="r" value="0"/>
				<int name="move" value="0"/>
				<int name="dynamic" value="0"/>
				<int name="piece" value="12"/>
			</imgdir>
			<imgdir name="13">
				<string name="oS" value="elodin"/>
				<string name="l0" value="forest1"/>
				<string name="l1" value="grass"/>
				<string name="l2" value="0"/>
				<int name="x" value="-386"/>
				<int name="y" value="-335"/>
				<int name="z" value="9"/>
				<int name="f" value="0"/>
				<int name="zM" value="2"/>
				<int name="r" value="0"/>
				<int name="move" value="0"/>
				<int name="dynamic" value="0"/>
				<int name="piece" value="13"/>
			</imgdir>
		</imgdir>
	</imgdir>
	<imgdir name="4">
		<imgdir name="info">
		</imgdir>
		<imgdir name="tile">
		</imgdir>
		<imgdir name="obj">
		</imgdir>
	</imgdir>
	<imgdir name="5">
		<imgdir name="info">
		</imgdir>
		<imgdir name="tile">
		</imgdir>
		<imgdir name="obj">
			<imgdir name="0">
				<string name="oS" value="elodin"/>
				<string name="l0" value="foothold"/>
				<string name="l1" value="forest"/>
				<string name="l2" value="6"/>
				<int name="x" value="-540"/>
				<int name="y" value="212"/>
				<int name="z" value="9"/>
				<int name="f" value="0"/>
				<int name="zM" value="0"/>
				<int name="r" value="0"/>
				<int name="move" value="0"/>
				<int name="dynamic" value="0"/>
				<int name="piece" value="0"/>
			</imgdir>
			<imgdir name="1">
				<string name="oS" value="elodin"/>
				<string name="l0" value="foothold"/>
				<string name="l1" value="forest"/>
				<string name="l2" value="6"/>
				<int name="x" value="540"/>
				<int name="y" value="212"/>
				<int name="z" value="9"/>
				<int name="f" value="0"/>
				<int name="zM" value="1"/>
				<int name="r" value="0"/>
				<int name="move" value="0"/>
				<int name="dynamic" value="0"/>
				<int name="piece" value="1"/>
			</imgdir>
			<imgdir name="2">
				<string name="oS" value="elodin"/>
				<string name="l0" value="foothold"/>
				<string name="l1" value="forest"/>
				<string name="l2" value="1"/>
				<int name="x" value="0"/>
				<int name="y" value="-20"/>
				<int name="z" value="9"/>
				<int name="f" value="0"/>
				<int name="zM" value="12"/>
				<int name="r" value="0"/>
				<int name="move" value="0"/>
				<int name="dynamic" value="0"/>
				<int name="piece" value="2"/>
			</imgdir>
			<imgdir name="3">
				<string name="oS" value="elodin"/>
				<string name="l0" value="foothold"/>
				<string name="l1" value="forest"/>
				<string name="l2" value="0"/>
				<int name="x" value="-107"/>
				<int name="y" value="-20"/>
				<int name="z" value="9"/>
				<int name="f" value="0"/>
				<int name="zM" value="26"/>
				<int name="r" value="0"/>
				<int name="move" value="0"/>
				<int name="dynamic" value="0"/>
				<int name="piece" value="3"/>
			</imgdir>
			<imgdir name="4">
				<string name="oS" value="elodin"/>
				<string name="l0" value="foothold"/>
				<string name="l1" value="forest"/>
				<string name="l2" value="4"/>
				<int name="x" value="108"/>
				<int name="y" value="-20"/>
				<int name="z" value="9"/>
				<int name="f" value="0"/>
				<int name="zM" value="25"/>
				<int name="r" value="0"/>
				<int name="move" value="0"/>
				<int name="dynamic" value="0"/>
				<int name="piece" value="4"/>
			</imgdir>
			<imgdir name="5">
				<string name="oS" value="elodin"/>
				<string name="l0" value="foothold"/>
				<string name="l1" value="forest"/>
				<string name="l2" value="0"/>
				<int name="x" value="179"/>
				<int name="y" value="-100"/>
				<int name="z" value="9"/>
				<int name="f" value="0"/>
				<int name="zM" value="23"/>
				<int name="r" value="0"/>
				<int name="move" value="0"/>
				<int name="dynamic" value="0"/>
				<int name="piece" value="5"/>
			</imgdir>
			<imgdir name="6">
				<string name="oS" value="elodin"/>
				<string name="l0" value="foothold"/>
				<string name="l1" value="forest"/>
				<string name="l2" value="2"/>
				<int name="x" value="286"/>
				<int name="y" value="-100"/>
				<int name="z" value="9"/>
				<int name="f" value="0"/>
				<int name="zM" value="32"/>
				<int name="r" value="0"/>
				<int name="move" value="0"/>
				<int name="dynamic" value="0"/>
				<int name="piece" value="6"/>
			</imgdir>
			<imgdir name="7">
				<string name="oS" value="elodin"/>
				<string name="l0" value="foothold"/>
				<string name="l1" value="forest"/>
				<string name="l2" value="3"/>
				<int name="x" value="456"/>
				<int name="y" value="-100"/>
				<int name="z" value="9"/>
				<int name="f" value="0"/>
				<int name="zM" value="22"/>
				<int name="r" value="0"/>
				<int name="move" value="0"/>
				<int name="dynamic" value="0"/>
				<int name="piece" value="7"/>
			</imgdir>
			<imgdir name="8">
				<string name="oS" value="elodin"/>
				<string name="l0" value="foothold"/>
				<string name="l1" value="forest"/>
				<string name="l2" value="4"/>
				<int name="x" value="564"/>
				<int name="y" value="-100"/>
				<int name="z" value="9"/>
				<int name="f" value="0"/>
				<int name="zM" value="33"/>
				<int name="r" value="0"/>
				<int name="move" value="0"/>
				<int name="dynamic" value="0"/>
				<int name="piece" value="8"/>
			</imgdir>
			<imgdir name="9">
				<string name="oS" value="elodin"/>
				<string name="l0" value="foothold"/>
				<string name="l1" value="forest"/>
				<string name="l2" value="4"/>
				<int name="x" value="-175"/>
				<int name="y" value="-100"/>
				<int name="z" value="9"/>
				<int name="f" value="0"/>
				<int name="zM" value="24"/>
				<int name="r" value="0"/>
				<int name="move" value="0"/>
				<int name="dynamic" value="0"/>
				<int name="piece" value="9"/>
			</imgdir>
			<imgdir name="10">
				<string name="oS" value="elodin"/>
				<string name="l0" value="foothold"/>
				<string name="l1" value="forest"/>
				<string name="l2" value="2"/>
				<int name="x" value="-283"/>
				<int name="y" value="-100"/>
				<int name="z" value="9"/>
				<int name="f" value="0"/>
				<int name="zM" value="31"/>
				<int name="r" value="0"/>
				<int name="move" value="0"/>
				<int name="dynamic" value="0"/>
				<int name="piece" value="10"/>
			</imgdir>
			<imgdir name="11">
				<string name="oS" value="elodin"/>
				<string name="l0" value="foothold"/>
				<string name="l1" value="forest"/>
				<string name="l2" value="3"/>
				<int name="x" value="-453"/>
				<int name="y" value="-100"/>
				<int name="z" value="9"/>
				<int name="f" value="0"/>
				<int name="zM" value="21"/>
				<int name="r" value="0"/>
				<int name="move" value="0"/>
				<int name="dynamic" value="0"/>
				<int name="piece" value="11"/>
			</imgdir>
			<imgdir name="12">
				<string name="oS" value="elodin"/>
				<string name="l0" value="foothold"/>
				<string name="l1" value="forest"/>
				<string name="l2" value="0"/>
				<int name="x" value="-560"/>
				<int name="y" value="-100"/>
				<int name="z" value="9"/>
				<int name="f" value="0"/>
				<int name="zM" value="34"/>
				<int name="r" value="0"/>
				<int name="move" value="0"/>
				<int name="dynamic" value="0"/>
				<int name="piece" value="12"/>
			</imgdir>
			<imgdir name="13">
				<string name="oS" value="elodin"/>
				<string name="l0" value="foothold"/>
				<string name="l1" value="forest"/>
				<string name="l2" value="4"/>
				<int name="x" value="-651"/>
				<int name="y" value="-175"/>
				<int name="z" value="9"/>
				<int name="f" value="0"/>
				<int name="zM" value="29"/>
				<int name="r" value="0"/>
				<int name="move" value="0"/>
				<int name="dynamic" value="0"/>
				<int name="piece" value="13"/>
			</imgdir>
			<imgdir name="14">
				<string name="oS" value="elodin"/>
				<string name="l0" value="foothold"/>
				<string name="l1" value="forest"/>
				<string name="l2" value="2"/>
				<int name="x" value="-759"/>
				<int name="y" value="-175"/>
				<int name="z" value="9"/>
				<int name="f" value="0"/>
				<int name="zM" value="38"/>
				<int name="r" value="0"/>
				<int name="move" value="0"/>
				<int name="dynamic" value="0"/>
				<int name="piece" value="14"/>
			</imgdir>
			<imgdir name="15">
				<string name="oS" value="elodin"/>
				<string name="l0" value="foothold"/>
				<string name="l1" value="forest"/>
				<string name="l2" value="3"/>
				<int name="x" value="-929"/>
				<int name="y" value="-175"/>
				<int name="z" value="9"/>
				<int name="f" value="0"/>
				<int name="zM" value="30"/>
				<int name="r" value="0"/>
				<int name="move" value="0"/>
				<int name="dynamic" value="0"/>
				<int name="piece" value="15"/>
			</imgdir>
			<imgdir name="16">
				<string name="oS" value="elodin"/>
				<string name="l0" value="foothold"/>
				<string name="l1" value="forest"/>
				<string name="l2" value="0"/>
				<int name="x" value="-1036"/>
				<int name="y" value="-175"/>
				<int name="z" value="9"/>
				<int name="f" value="0"/>
				<int name="zM" value="40"/>
				<int name="r" value="0"/>
				<int name="move" value="0"/>
				<int name="dynamic" value="0"/>
				<int name="piece" value="16"/>
			</imgdir>
			<imgdir name="17">
				<string name="oS" value="elodin"/>
				<string name="l0" value="foothold"/>
				<string name="l1" value="forest"/>
				<string name="l2" value="0"/>
				<int name="x" value="654"/>
				<int name="y" value="-175"/>
				<int name="z" value="9"/>
				<int name="f" value="0"/>
				<int name="zM" value="27"/>
				<int name="r" value="0"/>
				<int name="move" value="0"/>
				<int name="dynamic" value="0"/>
				<int name="piece" value="17"/>
			</imgdir>
			<imgdir name="18">
				<string name="oS" value="elodin"/>
				<string name="l0" value="foothold"/>
				<string name="l1" value="forest"/>
				<string name="l2" value="2"/>
				<int name="x" value="761"/>
				<int name="y" value="-175"/>
				<int name="z" value="9"/>
				<int name="f" value="0"/>
				<int name="zM" value="37"/>
				<int name="r" value="0"/>
				<int name="move" value="0"/>
				<int name="dynamic" value="0"/>
				<int name="piece" value="18"/>
			</imgdir>
			<imgdir name="19">
				<string name="oS" value="elodin"/>
				<string name="l0" value="foothold"/>
				<string name="l1" value="forest"/>
				<string name="l2" value="3"/>
				<int name="x" value="931"/>
				<int name="y" value="-175"/>
				<int name="z" value="9"/>
				<int name="f" value="0"/>
				<int name="zM" value="28"/>
				<int name="r" value="0"/>
				<int name="move" value="0"/>
				<int name="dynamic" value="0"/>
				<int name="piece" value="19"/>
			</imgdir>
			<imgdir name="20">
				<string name="oS" value="elodin"/>
				<string name="l0" value="foothold"/>
				<string name="l1" value="forest"/>
				<string name="l2" value="4"/>
				<int name="x" value="1039"/>
				<int name="y" value="-175"/>
				<int name="z" value="9"/>
				<int name="f" value="0"/>
				<int name="zM" value="39"/>
				<int name="r" value="0"/>
				<int name="move" value="0"/>
				<int name="dynamic" value="0"/>
				<int name="piece" value="20"/>
			</imgdir>
			<imgdir name="21">
				<string name="oS" value="elodin"/>
				<string name="l0" value="foothold"/>
				<string name="l1" value="forest"/>
				<string name="l2" value="0"/>
				<int name="x" value="179"/>
				<int name="y" value="-285"/>
				<int name="z" value="9"/>
				<int name="f" value="0"/>
				<int name="zM" value="50"/>
				<int name="r" value="0"/>
				<int name="move" value="0"/>
				<int name="dynamic" value="0"/>
				<int name="piece" value="21"/>
			</imgdir>
			<imgdir name="22">
				<string name="oS" value="elodin"/>
				<string name="l0" value="foothold"/>
				<string name="l1" value="forest"/>
				<string name="l2" value="2"/>
				<int name="x" value="286"/>
				<int name="y" value="-285"/>
				<int name="z" value="9"/>
				<int name="f" value="0"/>
				<int name="zM" value="51"/>
				<int name="r" value="0"/>
				<int name="move" value="0"/>
				<int name="dynamic" value="0"/>
				<int name="piece" value="22"/>
			</imgdir>
			<imgdir name="23">
				<string name="oS" value="elodin"/>
				<string name="l0" value="foothold"/>
				<string name="l1" value="forest"/>
				<string name="l2" value="3"/>
				<int name="x" value="456"/>
				<int name="y" value="-285"/>
				<int name="z" value="9"/>
				<int name="f" value="0"/>
				<int name="zM" value="47"/>
				<int name="r" value="0"/>
				<int name="move" value="0"/>
				<int name="dynamic" value="0"/>
				<int name="piece" value="23"/>
			</imgdir>
			<imgdir name="24">
				<string name="oS" value="elodin"/>
				<string name="l0" value="foothold"/>
				<string name="l1" value="forest"/>
				<string name="l2" value="4"/>
				<int name="x" value="564"/>
				<int name="y" value="-285"/>
				<int name="z" value="9"/>
				<int name="f" value="0"/>
				<int name="zM" value="53"/>
				<int name="r" value="0"/>
				<int name="move" value="0"/>
				<int name="dynamic" value="0"/>
				<int name="piece" value="24"/>
			</imgdir>
			<imgdir name="25">
				<string name="oS" value="elodin"/>
				<string name="l0" value="foothold"/>
				<string name="l1" value="forest"/>
				<string name="l2" value="4"/>
				<int name="x" value="-175"/>
				<int name="y" value="-285"/>
				<int name="z" value="9"/>
				<int name="f" value="0"/>
				<int name="zM" value="48"/>
				<int name="r" value="0"/>
				<int name="move" value="0"/>
				<int name="dynamic" value="0"/>
				<int name="piece" value="25"/>
			</imgdir>
			<imgdir name="26">
				<string name="oS" value="elodin"/>
				<string name="l0" value="foothold"/>
				<string name="l1" value="forest"/>
				<string name="l2" value="2"/>
				<int name="x" value="-283"/>
				<int name="y" value="-285"/>
				<int name="z" value="9"/>
				<int name="f" value="0"/>
				<int name="zM" value="52"/>
				<int name="r" value="0"/>
				<int name="move" value="0"/>
				<int name="dynamic" value="0"/>
				<int name="piece" value="26"/>
			</imgdir>
			<imgdir name="27">
				<string name="oS" value="elodin"/>
				<string name="l0" value="foothold"/>
				<string name="l1" value="forest"/>
				<string name="l2" value="3"/>
				<int name="x" value="-453"/>
				<int name="y" value="-285"/>
				<int name="z" value="9"/>
				<int name="f" value="0"/>
				<int name="zM" value="49"/>
				<int name="r" value="0"/>
				<int name="move" value="0"/>
				<int name="dynamic" value="0"/>
				<int name="piece" value="27"/>
			</imgdir>
			<imgdir name="28">
				<string name="oS" value="elodin"/>
				<string name="l0" value="foothold"/>
				<string name="l1" value="forest"/>
				<string name="l2" value="0"/>
				<int name="x" value="-560"/>
				<int name="y" value="-285"/>
				<int name="z" value="9"/>
				<int name="f" value="0"/>
				<int name="zM" value="54"/>
				<int name="r" value="0"/>
				<int name="move" value="0"/>
				<int name="dynamic" value="0"/>
				<int name="piece" value="28"/>
			</imgdir>
			<imgdir name="29">
				<string name="oS" value="elodin"/>
				<string name="l0" value="foothold"/>
				<string name="l1" value="forest"/>
				<string name="l2" value="1"/>
				<int name="x" value="0"/>
				<int name="y" value="-390"/>
				<int name="z" value="9"/>
				<int name="f" value="0"/>
				<int name="zM" value="44"/>
				<int name="r" value="0"/>
				<int name="move" value="0"/>
				<int name="dynamic" value="0"/>
				<int name="piece" value="29"/>
			</imgdir>
			<imgdir name="30">
				<string name="oS" value="elodin"/>
				<string name="l0" value="foothold"/>
				<string name="l1" value="forest"/>
				<string name="l2" value="0"/>
				<int name="x" value="-107"/>
				<int name="y" value="-390"/>
				<int name="z" value="9"/>
				<int name="f" value="0"/>
				<int name="zM" value="57"/>
				<int name="r" value="0"/>
				<int name="move" value="0"/>
				<int name="dynamic" value="0"/>
				<int name="piece" value="30"/>
			</imgdir>
			<imgdir name="31">
				<string name="oS" value="elodin"/>
				<string name="l0" value="foothold"/>
				<string name="l1" value="forest"/>
				<string name="l2" value="4"/>
				<int name="x" value="108"/>
				<int name="y" value="-390"/>
				<int name="z" value="9"/>
				<int name="f" value="0"/>
				<int name="zM" value="56"/>
				<int name="r" value="0"/>
				<int name="move" value="0"/>
				<int name="dynamic" value="0"/>
				<int name="piece" value="31"/>
			</imgdir>
			<imgdir name="32">
				<string name="oS" value="connect"/>
				<string name="l0" value="rope"/>
				<string name="l1" value="118"/>
				<string name="l2" value="0"/>
				<int name="x" value="-91"/>
				<int name="y" value="-28"/>
				<int name="z" value="10"/>
				<int name="f" value="0"/>
				<int name="zM" value="12"/>
				<int name="r" value="0"/>
				<int name="move" value="0"/>
				<int name="dynamic" value="0"/>
				<int name="piece" value="32"/>
			</imgdir>
			<imgdir name="33">
				<string name="oS" value="connect"/>
				<string name="l0" value="rope"/>
				<string name="l1" value="118"/>
				<string name="l2" value="0"/>
				<int name="x" value="89"/>
				<int name="y" value="-27"/>
				<int name="z" value="10"/>
				<int name="f" value="0"/>
				<int name="zM" value="12"/>
				<int name="r" value="0"/>
				<int name="move" value="0"/>
				<int name="dynamic" value="0"/>
				<int name="piece" value="33"/>
			</imgdir>
			<imgdir name="34">
				<string name="oS" value="connect"/>
				<string name="l0" value="rope"/>
				<string name="l1" value="118"/>
				<string name="l2" value="0"/>
				<int name="x" value="188"/>
				<int name="y" value="-109"/>
				<int name="z" value="10"/>
				<int name="f" value="0"/>
				<int name="zM" value="23"/>
				<int name="r" value="0"/>
				<int name="move" value="0"/>
				<int name="dynamic" value="0"/>
				<int name="piece" value="34"/>
			</imgdir>
			<imgdir name="35">
				<string name="oS" value="connect"/>
				<string name="l0" value="rope"/>
				<string name="l1" value="118"/>
				<string name="l2" value="0"/>
				<int name="x" value="201"/>
				<int name="y" value="-294"/>
				<int name="z" value="10"/>
				<int name="f" value="0"/>
				<int name="zM" value="50"/>
				<int name="r" value="0"/>
				<int name="move" value="0"/>
				<int name="dynamic" value="0"/>
				<int name="piece" value="35"/>
			</imgdir>
			<imgdir name="36">
				<string name="oS" value="connect"/>
				<string name="l0" value="rope"/>
				<string name="l1" value="118"/>
				<string name="l2" value="0"/>
				<int name="x" value="536"/>
				<int name="y" value="-109"/>
				<int name="z" value="10"/>
				<int name="f" value="0"/>
				<int name="zM" value="22"/>
				<int name="r" value="0"/>
				<int name="move" value="0"/>
				<int name="dynamic" value="0"/>
				<int name="piece" value="36"/>
			</imgdir>
			<imgdir name="37">
				<string name="oS" value="connect"/>
				<string name="l0" value="rope"/>
				<string name="l1" value="118"/>
				<string name="l2" value="0"/>
				<int name="x" value="548"/>
				<int name="y" value="-294"/>
				<int name="z" value="10"/>
				<int name="f" value="0"/>
				<int name="zM" value="47"/>
				<int name="r" value="0"/>
				<int name="move" value="0"/>
				<int name="dynamic" value="0"/>
				<int name="piece" value="37"/>
			</imgdir>
			<imgdir name="38">
				<string name="oS" value="connect"/>
				<string name="l0" value="rope"/>
				<string name="l1" value="118"/>
				<string name="l2" value="0"/>
				<int name="x" value="666"/>
				<int name="y" value="-183"/>
				<int name="z" value="10"/>
				<int name="f" value="0"/>
				<int name="zM" value="27"/>
				<int name="r" value="0"/>
				<int name="move" value="0"/>
				<int name="dynamic" value="0"/>
				<int name="piece" value="38"/>
			</imgdir>
			<imgdir name="39">
				<string name="oS" value="connect"/>
				<string name="l0" value="rope"/>
				<string name="l1" value="118"/>
				<string name="l2" value="0"/>
				<int name="x" value="1022"/>
				<int name="y" value="-183"/>
				<int name="z" value="10"/>
				<int name="f" value="0"/>
				<int name="zM" value="28"/>
				<int name="r" value="0"/>
				<int name="move" value="0"/>
				<int name="dynamic" value="0"/>
				<int name="piece" value="39"/>
			</imgdir>
			<imgdir name="40">
				<string name="oS" value="connect"/>
				<string name="l0" value="rope"/>
				<string name="l1" value="118"/>
				<string name="l2" value="0"/>
				<int name="x" value="91"/>
				<int name="y" value="-397"/>
				<int name="z" value="10"/>
				<int name="f" value="0"/>
				<int name="zM" value="44"/>
				<int name="r" value="0"/>
				<int name="move" value="0"/>
				<int name="dynamic" value="0"/>
				<int name="piece" value="40"/>
			</imgdir>
			<imgdir name="41">
				<string name="oS" value="connect"/>
				<string name="l0" value="rope"/>
				<string name="l1" value="118"/>
				<string name="l2" value="0"/>
				<int name="x" value="-90"/>
				<int name="y" value="-399"/>
				<int name="z" value="10"/>
				<int name="f" value="0"/>
				<int name="zM" value="44"/>
				<int name="r" value="0"/>
				<int name="move" value="0"/>
				<int name="dynamic" value="0"/>
				<int name="piece" value="41"/>
			</imgdir>
			<imgdir name="42">
				<string name="oS" value="connect"/>
				<string name="l0" value="rope"/>
				<string name="l1" value="118"/>
				<string name="l2" value="0"/>
				<int name="x" value="-189"/>
				<int name="y" value="-294"/>
				<int name="z" value="10"/>
				<int name="f" value="0"/>
				<int name="zM" value="48"/>
				<int name="r" value="0"/>
				<int name="move" value="0"/>
				<int name="dynamic" value="0"/>
				<int name="piece" value="42"/>
			</imgdir>
			<imgdir name="43">
				<string name="oS" value="connect"/>
				<string name="l0" value="rope"/>
				<string name="l1" value="118"/>
				<string name="l2" value="0"/>
				<int name="x" value="-196"/>
				<int name="y" value="-110"/>
				<int name="z" value="10"/>
				<int name="f" value="0"/>
				<int name="zM" value="24"/>
				<int name="r" value="0"/>
				<int name="move" value="0"/>
				<int name="dynamic" value="0"/>
				<int name="piece" value="43"/>
			</imgdir>
			<imgdir name="44">
				<string name="oS" value="connect"/>
				<string name="l0" value="rope"/>
				<string name="l1" value="118"/>
				<string name="l2" value="0"/>
				<int name="x" value="-550"/>
				<int name="y" value="-294"/>
				<int name="z" value="10"/>
				<int name="f" value="0"/>
				<int name="zM" value="49"/>
				<int name="r" value="0"/>
				<int name="move" value="0"/>
				<int name="dynamic" value="0"/>
				<int name="piece" value="44"/>
			</imgdir>
			<imgdir name="45">
				<string name="oS" value="connect"/>
				<string name="l0" value="rope"/>
				<string name="l1" value="118"/>
				<string name="l2" value="0"/>
				<int name="x" value="-539"/>
				<int name="y" value="-107"/>
				<int name="z" value="10"/>
				<int name="f" value="0"/>
				<int name="zM" value="21"/>
				<int name="r" value="0"/>
				<int name="move" value="0"/>
				<int name="dynamic" value="0"/>
				<int name="piece" value="45"/>
			</imgdir>
			<imgdir name="46">
				<string name="oS" value="connect"/>
				<string name="l0" value="rope"/>
				<string name="l1" value="118"/>
				<string name="l2" value="0"/>
				<int name="x" value="-668"/>
				<int name="y" value="-183"/>
				<int name="z" value="10"/>
				<int name="f" value="0"/>
				<int name="zM" value="29"/>
				<int name="r" value="0"/>
				<int name="move" value="0"/>
				<int name="dynamic" value="0"/>
				<int name="piece" value="46"/>
			</imgdir>
			<imgdir name="47">
				<string name="oS" value="connect"/>
				<string name="l0" value="rope"/>
				<string name="l1" value="118"/>
				<string name="l2" value="0"/>
				<int name="x" value="-1016"/>
				<int name="y" value="-182"/>
				<int name="z" value="11"/>
				<int name="f" value="0"/>
				<int name="zM" value="30"/>
				<int name="r" value="0"/>
				<int name="move" value="0"/>
				<int name="dynamic" value="0"/>
				<int name="piece" value="47"/>
			</imgdir>
			<imgdir name="50">
				<string name="oS" value="connect"/>
				<string name="l0" value="rope"/>
				<string name="l1" value="118"/>
				<string name="l2" value="9"/>
				<int name="x" value="188"/>
				<int name="y" value="-25"/>
				<int name="z" value="9"/>
				<int name="f" value="0"/>
				<int name="zM" value="23"/>
				<int name="r" value="0"/>
				<int name="move" value="0"/>
				<int name="dynamic" value="0"/>
				<int name="piece" value="50"/>
			</imgdir>
			<imgdir name="51">
				<string name="oS" value="connect"/>
				<string name="l0" value="rope"/>
				<string name="l1" value="118"/>
				<string name="l2" value="7"/>
				<int name="x" value="201"/>
				<int name="y" value="-228"/>
				<int name="z" value="9"/>
				<int name="f" value="0"/>
				<int name="zM" value="50"/>
				<int name="r" value="0"/>
				<int name="move" value="0"/>
				<int name="dynamic" value="0"/>
				<int name="piece" value="51"/>
			</imgdir>
			<imgdir name="52">
				<string name="oS" value="connect"/>
				<string name="l0" value="rope"/>
				<string name="l1" value="118"/>
				<string name="l2" value="7"/>
				<int name="x" value="-189"/>
				<int name="y" value="-228"/>
				<int name="z" value="9"/>
				<int name="f" value="0"/>
				<int name="zM" value="48"/>
				<int name="r" value="0"/>
				<int name="move" value="0"/>
				<int name="dynamic" value="0"/>
				<int name="piece" value="52"/>
			</imgdir>
			<imgdir name="53">
				<string name="oS" value="connect"/>
				<string name="l0" value="rope"/>
				<string name="l1" value="118"/>
				<string name="l2" value="9"/>
				<int name="x" value="-196"/>
				<int name="y" value="-26"/>
				<int name="z" value="9"/>
				<int name="f" value="0"/>
				<int name="zM" value="24"/>
				<int name="r" value="0"/>
				<int name="move" value="0"/>
				<int name="dynamic" value="0"/>
				<int name="piece" value="53"/>
			</imgdir>
			<imgdir name="54">
				<string name="oS" value="connect"/>
				<string name="l0" value="rope"/>
				<string name="l1" value="118"/>
				<string name="l2" value="10"/>
				<int name="x" value="-90"/>
				<int name="y" value="-315"/>
				<int name="z" value="9"/>
				<int name="f" value="0"/>
				<int name="zM" value="44"/>
				<int name="r" value="0"/>
				<int name="move" value="0"/>
				<int name="dynamic" value="0"/>
				<int name="piece" value="54"/>
			</imgdir>
			<imgdir name="55">
				<string name="oS" value="connect"/>
				<string name="l0" value="rope"/>
				<string name="l1" value="118"/>
				<string name="l2" value="10"/>
				<int name="x" value="91"/>
				<int name="y" value="-313"/>
				<int name="z" value="9"/>
				<int name="f" value="0"/>
				<int name="zM" value="44"/>
				<int name="r" value="0"/>
				<int name="move" value="0"/>
				<int name="dynamic" value="0"/>
				<int name="piece" value="55"/>
			</imgdir>
			<imgdir name="56">
				<string name="oS" value="connect"/>
				<string name="l0" value="rope"/>
				<string name="l1" value="118"/>
				<string name="l2" value="9"/>
				<int name="x" value="-90"/>
				<int name="y" value="-207"/>
				<int name="z" value="9"/>
				<int name="f" value="0"/>
				<int name="zM" value="44"/>
				<int name="r" value="0"/>
				<int name="move" value="0"/>
				<int name="dynamic" value="0"/>
				<int name="piece" value="56"/>
			</imgdir>
			<imgdir name="57">
				<string name="oS" value="connect"/>
				<string name="l0" value="rope"/>
				<string name="l1" value="118"/>
				<string name="l2" value="9"/>
				<int name="x" value="91"/>
				<int name="y" value="-205"/>
				<int name="z" value="9"/>
				<int name="f" value="0"/>
				<int name="zM" value="44"/>
				<int name="r" value="0"/>
				<int name="move" value="0"/>
				<int name="dynamic" value="0"/>
				<int name="piece" value="57"/>
			</imgdir>
			<imgdir name="60">
				<string name="oS" value="connect"/>
				<string name="l0" value="rope"/>
				<string name="l1" value="118"/>
				<string name="l2" value="10"/>
				<int name="x" value="-539"/>
				<int name="y" value="-23"/>
				<int name="z" value="9"/>
				<int name="f" value="0"/>
				<int name="zM" value="21"/>
				<int name="r" value="0"/>
				<int name="move" value="0"/>
				<int name="dynamic" value="0"/>
				<int name="piece" value="60"/>
			</imgdir>
			<imgdir name="61">
				<string name="oS" value="connect"/>
				<string name="l0" value="rope"/>
				<string name="l1" value="118"/>
				<string name="l2" value="10"/>
				<int name="x" value="536"/>
				<int name="y" value="-25"/>
				<int name="z" value="9"/>
				<int name="f" value="0"/>
				<int name="zM" value="22"/>
				<int name="r" value="0"/>
				<int name="move" value="0"/>
				<int name="dynamic" value="0"/>
				<int name="piece" value="61"/>
			</imgdir>
			<imgdir name="62">
				<string name="oS" value="connect"/>
				<string name="l0" value="rope"/>
				<string name="l1" value="118"/>
				<string name="l2" value="10"/>
				<int name="x" value="666"/>
				<int name="y" value="-99"/>
				<int name="z" value="9"/>
				<int name="f" value="0"/>
				<int name="zM" value="27"/>
				<int name="r" value="0"/>
				<int name="move" value="0"/>
				<int name="dynamic" value="0"/>
				<int name="piece" value="62"/>
			</imgdir>
			<imgdir name="63">
				<string name="oS" value="connect"/>
				<string name="l0" value="rope"/>
				<string name="l1" value="118"/>
				<string name="l2" value="10"/>
				<int name="x" value="-668"/>
				<int name="y" value="-99"/>
				<int name="z" value="9"/>
				<int name="f" value="0"/>
				<int name="zM" value="29"/>
				<int name="r" value="0"/>
				<int name="move" value="0"/>
				<int name="dynamic" value="0"/>
				<int name="piece" value="63"/>
			</imgdir>
			<imgdir name="58">
				<string name="oS" value="connect"/>
				<string name="l0" value="rope"/>
				<string name="l1" value="118"/>
				<string name="l2" value="9"/>
				<int name="x" value="666"/>
				<int name="y" value="9"/>
				<int name="z" value="9"/>
				<int name="f" value="0"/>
				<int name="zM" value="19"/>
				<int name="r" value="0"/>
				<int name="move" value="0"/>
				<int name="dynamic" value="0"/>
				<int name="piece" value="58"/>
			</imgdir>
			<imgdir name="59">
				<string name="oS" value="connect"/>
				<string name="l0" value="rope"/>
				<string name="l1" value="118"/>
				<string name="l2" value="9"/>
				<int name="x" value="-668"/>
				<int name="y" value="9"/>
				<int name="z" value="9"/>
				<int name="f" value="0"/>
				<int name="zM" value="20"/>
				<int name="r" value="0"/>
				<int name="move" value="0"/>
				<int name="dynamic" value="0"/>
				<int name="piece" value="59"/>
			</imgdir>
			<imgdir name="64">
				<string name="oS" value="connect"/>
				<string name="l0" value="rope"/>
				<string name="l1" value="118"/>
				<string name="l2" value="5"/>
				<int name="x" value="-550"/>
				<int name="y" value="-228"/>
				<int name="z" value="9"/>
				<int name="f" value="0"/>
				<int name="zM" value="49"/>
				<int name="r" value="0"/>
				<int name="move" value="0"/>
				<int name="dynamic" value="0"/>
				<int name="piece" value="64"/>
			</imgdir>
			<imgdir name="65">
				<string name="oS" value="connect"/>
				<string name="l0" value="rope"/>
				<string name="l1" value="118"/>
				<string name="l2" value="5"/>
				<int name="x" value="548"/>
				<int name="y" value="-228"/>
				<int name="z" value="9"/>
				<int name="f" value="0"/>
				<int name="zM" value="47"/>
				<int name="r" value="0"/>
				<int name="move" value="0"/>
				<int name="dynamic" value="0"/>
				<int name="piece" value="65"/>
			</imgdir>
			<imgdir name="70">
				<string name="oS" value="connect"/>
				<string name="l0" value="rope"/>
				<string name="l1" value="118"/>
				<string name="l2" value="9"/>
				<int name="x" value="-1016"/>
				<int name="y" value="9"/>
				<int name="z" value="9"/>
				<int name="f" value="0"/>
				<int name="zM" value="17"/>
				<int name="r" value="0"/>
				<int name="move" value="0"/>
				<int name="dynamic" value="0"/>
				<int name="piece" value="70"/>
			</imgdir>
			<imgdir name="71">
				<string name="oS" value="connect"/>
				<string name="l0" value="rope"/>
				<string name="l1" value="118"/>
				<string name="l2" value="10"/>
				<int name="x" value="-1016"/>
				<int name="y" value="-99"/>
				<int name="z" value="9"/>
				<int name="f" value="0"/>
				<int name="zM" value="30"/>
				<int name="r" value="0"/>
				<int name="move" value="0"/>
				<int name="dynamic" value="0"/>
				<int name="piece" value="71"/>
			</imgdir>
			<imgdir name="72">
				<string name="oS" value="connect"/>
				<string name="l0" value="rope"/>
				<string name="l1" value="118"/>
				<string name="l2" value="9"/>
				<int name="x" value="1022"/>
				<int name="y" value="9"/>
				<int name="z" value="9"/>
				<int name="f" value="0"/>
				<int name="zM" value="18"/>
				<int name="r" value="0"/>
				<int name="move" value="0"/>
				<int name="dynamic" value="0"/>
				<int name="piece" value="72"/>
			</imgdir>
			<imgdir name="73">
				<string name="oS" value="connect"/>
				<string name="l0" value="rope"/>
				<string name="l1" value="118"/>
				<string name="l2" value="10"/>
				<int name="x" value="1022"/>
				<int name="y" value="-99"/>
				<int name="z" value="9"/>
				<int name="f" value="0"/>
				<int name="zM" value="28"/>
				<int name="r" value="0"/>
				<int name="move" value="0"/>
				<int name="dynamic" value="0"/>
				<int name="piece" value="73"/>
			</imgdir>
			<imgdir name="74">
				<string name="oS" value="connect"/>
				<string name="l0" value="rope"/>
				<string name="l1" value="118"/>
				<string name="l2" value="11"/>
				<int name="x" value="-1016"/>
				<int name="y" value="83"/>
				<int name="z" value="9"/>
				<int name="f" value="0"/>
				<int name="zM" value="9"/>
				<int name="r" value="0"/>
				<int name="move" value="0"/>
				<int name="dynamic" value="0"/>
				<int name="piece" value="74"/>
			</imgdir>
			<imgdir name="75">
				<string name="oS" value="connect"/>
				<string name="l0" value="rope"/>
				<string name="l1" value="118"/>
				<string name="l2" value="11"/>
				<int name="x" value="-668"/>
				<int name="y" value="83"/>
				<int name="z" value="9"/>
				<int name="f" value="0"/>
				<int name="zM" value="10"/>
				<int name="r" value="0"/>
				<int name="move" value="0"/>
				<int name="dynamic" value="0"/>
				<int name="piece" value="75"/>
			</imgdir>
			<imgdir name="68">
				<string name="oS" value="connect"/>
				<string name="l0" value="rope"/>
				<string name="l1" value="118"/>
				<string name="l2" value="11"/>
				<int name="x" value="-539"/>
				<int name="y" value="87"/>
				<int name="z" value="9"/>
				<int name="f" value="0"/>
				<int name="zM" value="6"/>
				<int name="r" value="0"/>
				<int name="move" value="0"/>
				<int name="dynamic" value="0"/>
				<int name="piece" value="68"/>
			</imgdir>
			<imgdir name="69">
				<string name="oS" value="connect"/>
				<string name="l0" value="rope"/>
				<string name="l1" value="118"/>
				<string name="l2" value="4"/>
				<int name="x" value="-539"/>
				<int name="y" value="49"/>
				<int name="z" value="9"/>
				<int name="f" value="0"/>
				<int name="zM" value="13"/>
				<int name="r" value="0"/>
				<int name="move" value="0"/>
				<int name="dynamic" value="0"/>
				<int name="piece" value="69"/>
			</imgdir>
			<imgdir name="76">
				<string name="oS" value="connect"/>
				<string name="l0" value="rope"/>
				<string name="l1" value="118"/>
				<string name="l2" value="3"/>
				<int name="x" value="-196"/>
				<int name="y" value="46"/>
				<int name="z" value="9"/>
				<int name="f" value="0"/>
				<int name="zM" value="16"/>
				<int name="r" value="0"/>
				<int name="move" value="0"/>
				<int name="dynamic" value="0"/>
				<int name="piece" value="76"/>
			</imgdir>
			<imgdir name="77">
				<string name="oS" value="connect"/>
				<string name="l0" value="rope"/>
				<string name="l1" value="118"/>
				<string name="l2" value="11"/>
				<int name="x" value="-196"/>
				<int name="y" value="84"/>
				<int name="z" value="9"/>
				<int name="f" value="0"/>
				<int name="zM" value="7"/>
				<int name="r" value="0"/>
				<int name="move" value="0"/>
				<int name="dynamic" value="0"/>
				<int name="piece" value="77"/>
			</imgdir>
			<imgdir name="78">
				<string name="oS" value="connect"/>
				<string name="l0" value="rope"/>
				<string name="l1" value="118"/>
				<string name="l2" value="11"/>
				<int name="x" value="-550"/>
				<int name="y" value="-172"/>
				<int name="z" value="9"/>
				<int name="f" value="0"/>
				<int name="zM" value="45"/>
				<int name="r" value="0"/>
				<int name="move" value="0"/>
				<int name="dynamic" value="0"/>
				<int name="piece" value="78"/>
			</imgdir>
			<imgdir name="79">
				<string name="oS" value="connect"/>
				<string name="l0" value="rope"/>
				<string name="l1" value="118"/>
				<string name="l2" value="11"/>
				<int name="x" value="-189"/>
				<int name="y" value="-172"/>
				<int name="z" value="9"/>
				<int name="f" value="0"/>
				<int name="zM" value="41"/>
				<int name="r" value="0"/>
				<int name="move" value="0"/>
				<int name="dynamic" value="0"/>
				<int name="piece" value="79"/>
			</imgdir>
			<imgdir name="48">
				<string name="oS" value="connect"/>
				<string name="l0" value="rope"/>
				<string name="l1" value="118"/>
				<string name="l2" value="11"/>
				<int name="x" value="91"/>
				<int name="y" value="-131"/>
				<int name="z" value="9"/>
				<int name="f" value="0"/>
				<int name="zM" value="35"/>
				<int name="r" value="0"/>
				<int name="move" value="0"/>
				<int name="dynamic" value="0"/>
				<int name="piece" value="48"/>
			</imgdir>
			<imgdir name="49">
				<string name="oS" value="connect"/>
				<string name="l0" value="rope"/>
				<string name="l1" value="118"/>
				<string name="l2" value="11"/>
				<int name="x" value="-90"/>
				<int name="y" value="-133"/>
				<int name="z" value="9"/>
				<int name="f" value="0"/>
				<int name="zM" value="36"/>
				<int name="r" value="0"/>
				<int name="move" value="0"/>
				<int name="dynamic" value="0"/>
				<int name="piece" value="49"/>
			</imgdir>
			<imgdir name="80">
				<string name="oS" value="connect"/>
				<string name="l0" value="rope"/>
				<string name="l1" value="118"/>
				<string name="l2" value="7"/>
				<int name="x" value="-91"/>
				<int name="y" value="38"/>
				<int name="z" value="9"/>
				<int name="f" value="0"/>
				<int name="zM" value="12"/>
				<int name="r" value="0"/>
				<int name="move" value="0"/>
				<int name="dynamic" value="0"/>
				<int name="piece" value="80"/>
			</imgdir>
			<imgdir name="81">
				<string name="oS" value="connect"/>
				<string name="l0" value="rope"/>
				<string name="l1" value="118"/>
				<string name="l2" value="5"/>
				<int name="x" value="89"/>
				<int name="y" value="39"/>
				<int name="z" value="9"/>
				<int name="f" value="0"/>
				<int name="zM" value="12"/>
				<int name="r" value="0"/>
				<int name="move" value="0"/>
				<int name="dynamic" value="0"/>
				<int name="piece" value="81"/>
			</imgdir>
			<imgdir name="82">
				<string name="oS" value="connect"/>
				<string name="l0" value="rope"/>
				<string name="l1" value="118"/>
				<string name="l2" value="11"/>
				<int name="x" value="-91"/>
				<int name="y" value="94"/>
				<int name="z" value="9"/>
				<int name="f" value="0"/>
				<int name="zM" value="0"/>
				<int name="r" value="0"/>
				<int name="move" value="0"/>
				<int name="dynamic" value="0"/>
				<int name="piece" value="82"/>
			</imgdir>
			<imgdir name="83">
				<string name="oS" value="connect"/>
				<string name="l0" value="rope"/>
				<string name="l1" value="118"/>
				<string name="l2" value="11"/>
				<int name="x" value="89"/>
				<int name="y" value="95"/>
				<int name="z" value="9"/>
				<int name="f" value="0"/>
				<int name="zM" value="1"/>
				<int name="r" value="0"/>
				<int name="move" value="0"/>
				<int name="dynamic" value="0"/>
				<int name="piece" value="83"/>
			</imgdir>
			<imgdir name="84">
				<string name="oS" value="connect"/>
				<string name="l0" value="rope"/>
				<string name="l1" value="118"/>
				<string name="l2" value="11"/>
				<int name="x" value="201"/>
				<int name="y" value="-172"/>
				<int name="z" value="9"/>
				<int name="f" value="0"/>
				<int name="zM" value="42"/>
				<int name="r" value="0"/>
				<int name="move" value="0"/>
				<int name="dynamic" value="0"/>
				<int name="piece" value="84"/>
			</imgdir>
			<imgdir name="85">
				<string name="oS" value="connect"/>
				<string name="l0" value="rope"/>
				<string name="l1" value="118"/>
				<string name="l2" value="11"/>
				<int name="x" value="548"/>
				<int name="y" value="-172"/>
				<int name="z" value="9"/>
				<int name="f" value="0"/>
				<int name="zM" value="43"/>
				<int name="r" value="0"/>
				<int name="move" value="0"/>
				<int name="dynamic" value="0"/>
				<int name="piece" value="85"/>
			</imgdir>
			<imgdir name="67">
				<string name="oS" value="connect"/>
				<string name="l0" value="rope"/>
				<string name="l1" value="118"/>
				<string name="l2" value="11"/>
				<int name="x" value="666"/>
				<int name="y" value="83"/>
				<int name="z" value="9"/>
				<int name="f" value="0"/>
				<int name="zM" value="11"/>
				<int name="r" value="0"/>
				<int name="move" value="0"/>
				<int name="dynamic" value="0"/>
				<int name="piece" value="67"/>
			</imgdir>
			<imgdir name="66">
				<string name="oS" value="connect"/>
				<string name="l0" value="rope"/>
				<string name="l1" value="118"/>
				<string name="l2" value="11"/>
				<int name="x" value="1022"/>
				<int name="y" value="83"/>
				<int name="z" value="9"/>
				<int name="f" value="0"/>
				<int name="zM" value="8"/>
				<int name="r" value="0"/>
				<int name="move" value="0"/>
				<int name="dynamic" value="0"/>
				<int name="piece" value="66"/>
			</imgdir>
			<imgdir name="86">
				<string name="oS" value="connect"/>
				<string name="l0" value="rope"/>
				<string name="l1" value="118"/>
				<string name="l2" value="3"/>
				<int name="x" value="188"/>
				<int name="y" value="47"/>
				<int name="z" value="9"/>
				<int name="f" value="0"/>
				<int name="zM" value="14"/>
				<int name="r" value="0"/>
				<int name="move" value="0"/>
				<int name="dynamic" value="0"/>
				<int name="piece" value="86"/>
			</imgdir>
			<imgdir name="87">
				<string name="oS" value="connect"/>
				<string name="l0" value="rope"/>
				<string name="l1" value="118"/>
				<string name="l2" value="2"/>
				<int name="x" value="536"/>
				<int name="y" value="47"/>
				<int name="z" value="9"/>
				<int name="f" value="0"/>
				<int name="zM" value="15"/>
				<int name="r" value="0"/>
				<int name="move" value="0"/>
				<int name="dynamic" value="0"/>
				<int name="piece" value="87"/>
			</imgdir>
			<imgdir name="88">
				<string name="oS" value="connect"/>
				<string name="l0" value="rope"/>
				<string name="l1" value="118"/>
				<string name="l2" value="11"/>
				<int name="x" value="188"/>
				<int name="y" value="85"/>
				<int name="z" value="9"/>
				<int name="f" value="0"/>
				<int name="zM" value="1"/>
				<int name="r" value="0"/>
				<int name="move" value="0"/>
				<int name="dynamic" value="0"/>
				<int name="piece" value="88"/>
			</imgdir>
			<imgdir name="89">
				<string name="oS" value="connect"/>
				<string name="l0" value="rope"/>
				<string name="l1" value="118"/>
				<string name="l2" value="11"/>
				<int name="x" value="536"/>
				<int name="y" value="85"/>
				<int name="z" value="9"/>
				<int name="f" value="0"/>
				<int name="zM" value="1"/>
				<int name="r" value="0"/>
				<int name="move" value="0"/>
				<int name="dynamic" value="0"/>
				<int name="piece" value="89"/>
			</imgdir>
		</imgdir>
	</imgdir>
	<imgdir name="6">
		<imgdir name="info">
		</imgdir>
		<imgdir name="tile">
		</imgdir>
		<imgdir name="obj">
		</imgdir>
	</imgdir>
	<imgdir name="7">
		<imgdir name="info">
		</imgdir>
		<imgdir name="tile">
		</imgdir>
		<imgdir name="obj">
		</imgdir>
	</imgdir>
	<imgdir name="foothold">
		<imgdir name="5">
			<imgdir name="0">
				<imgdir name="1">
					<int name="x1" value="-1080"/>
					<int name="y1" value="149"/>
					<int name="x2" value="0"/>
					<int name="y2" value="149"/>
					<int name="prev" value="0"/>
					<int name="next" value="2"/>
					<int name="piece" value="0"/>
				</imgdir>
			</imgdir>
			<imgdir name="1">
				<imgdir name="2">
					<int name="x1" value="0"/>
					<int name="y1" value="149"/>
					<int name="x2" value="1080"/>
					<int name="y2" value="149"/>
					<int name="prev" value="1"/>
					<int name="next" value="0"/>
					<int name="piece" value="1"/>
				</imgdir>
			</imgdir>
			<imgdir name="12">
				<imgdir name="3">
					<int name="x1" value="-85"/>
					<int name="y1" value="-34"/>
					<int name="x2" value="85"/>
					<int name="y2" value="-34"/>
					<int name="prev" value="4"/>
					<int name="next" value="5"/>
					<int name="piece" value="2"/>
				</imgdir>
			</imgdir>
			<imgdir name="26">
				<imgdir name="4">
					<int name="x1" value="-125"/>
					<int name="y1" value="-34"/>
					<int name="x2" value="-85"/>
					<int name="y2" value="-34"/>
					<int name="prev" value="0"/>
					<int name="next" value="3"/>
					<int name="piece" value="3"/>
				</imgdir>
			</imgdir>
			<imgdir name="25">
				<imgdir name="5">
					<int name="x1" value="85"/>
					<int name="y1" value="-34"/>
					<int name="x2" value="128"/>
					<int name="y2" value="-34"/>
					<int name="prev" value="3"/>
					<int name="next" value="0"/>
					<int name="piece" value="4"/>
				</imgdir>
			</imgdir>
			<imgdir name="23">
				<imgdir name="6">
					<int name="x1" value="161"/>
					<int name="y1" value="-114"/>
					<int name="x2" value="202"/>
					<int name="y2" value="-114"/>
					<int name="prev" value="0"/>
					<int name="next" value="7"/>
					<int name="piece" value="5"/>
				</imgdir>
			</imgdir>
			<imgdir name="32">
				<imgdir name="7">
					<int name="x1" value="202"/>
					<int name="y1" value="-114"/>
					<int name="x2" value="371"/>
					<int name="y2" value="-114"/>
					<int name="prev" value="6"/>
					<int name="next" value="8"/>
					<int name="piece" value="6"/>
				</imgdir>
			</imgdir>
			<imgdir name="22">
				<imgdir name="8">
					<int name="x1" value="371"/>
					<int name="y1" value="-114"/>
					<int name="x2" value="541"/>
					<int name="y2" value="-114"/>
					<int name="prev" value="7"/>
					<int name="next" value="9"/>
					<int name="piece" value="7"/>
				</imgdir>
			</imgdir>
			<imgdir name="33">
				<imgdir name="9">
					<int name="x1" value="541"/>
					<int name="y1" value="-114"/>
					<int name="x2" value="584"/>
					<int name="y2" value="-114"/>
					<int name="prev" value="8"/>
					<int name="next" value="0"/>
					<int name="piece" value="8"/>
				</imgdir>
			</imgdir>
			<imgdir name="24">
				<imgdir name="10">
					<int name="x1" value="-198"/>
					<int name="y1" value="-114"/>
					<int name="x2" value="-155"/>
					<int name="y2" value="-114"/>
					<int name="prev" value="11"/>
					<int name="next" value="0"/>
					<int name="piece" value="9"/>
				</imgdir>
			</imgdir>
			<imgdir name="31">
				<imgdir name="11">
					<int name="x1" value="-368"/>
					<int name="y1" value="-114"/>
					<int name="x2" value="-198"/>
					<int name="y2" value="-114"/>
					<int name="prev" value="12"/>
					<int name="next" value="10"/>
					<int name="piece" value="10"/>
				</imgdir>
			</imgdir>
			<imgdir name="21">
				<imgdir name="12">
					<int name="x1" value="-538"/>
					<int name="y1" value="-114"/>
					<int name="x2" value="-368"/>
					<int name="y2" value="-114"/>
					<int name="prev" value="13"/>
					<int name="next" value="11"/>
					<int name="piece" value="11"/>
				</imgdir>
			</imgdir>
			<imgdir name="34">
				<imgdir name="13">
					<int name="x1" value="-578"/>
					<int name="y1" value="-114"/>
					<int name="x2" value="-538"/>
					<int name="y2" value="-114"/>
					<int name="prev" value="0"/>
					<int name="next" value="12"/>
					<int name="piece" value="12"/>
				</imgdir>
			</imgdir>
			<imgdir name="29">
				<imgdir name="14">
					<int name="x1" value="-674"/>
					<int name="y1" value="-189"/>
					<int name="x2" value="-631"/>
					<int name="y2" value="-189"/>
					<int name="prev" value="15"/>
					<int name="next" value="0"/>
					<int name="piece" value="13"/>
				</imgdir>
			</imgdir>
			<imgdir name="38">
				<imgdir name="15">
					<int name="x1" value="-844"/>
					<int name="y1" value="-189"/>
					<int name="x2" value="-674"/>
					<int name="y2" value="-189"/>
					<int name="prev" value="16"/>
					<int name="next" value="14"/>
					<int name="piece" value="14"/>
				</imgdir>
			</imgdir>
			<imgdir name="30">
				<imgdir name="16">
					<int name="x1" value="-1014"/>
					<int name="y1" value="-189"/>
					<int name="x2" value="-844"/>
					<int name="y2" value="-189"/>
					<int name="prev" value="17"/>
					<int name="next" value="15"/>
					<int name="piece" value="15"/>
				</imgdir>
			</imgdir>
			<imgdir name="40">
				<imgdir name="17">
					<int name="x1" value="-1054"/>
					<int name="y1" value="-189"/>
					<int name="x2" value="-1014"/>
					<int name="y2" value="-189"/>
					<int name="prev" value="0"/>
					<int name="next" value="16"/>
					<int name="piece" value="16"/>
				</imgdir>
			</imgdir>
			<imgdir name="27">
				<imgdir name="18">
					<int name="x1" value="636"/>
					<int name="y1" value="-189"/>
					<int name="x2" value="677"/>
					<int name="y2" value="-189"/>
					<int name="prev" value="0"/>
					<int name="next" value="19"/>
					<int name="piece" value="17"/>
				</imgdir>
			</imgdir>
			<imgdir name="37">
				<imgdir name="19">
					<int name="x1" value="677"/>
					<int name="y1" value="-189"/>
					<int name="x2" value="846"/>
					<int name="y2" value="-189"/>
					<int name="prev" value="18"/>
					<int name="next" value="20"/>
					<int name="piece" value="18"/>
				</imgdir>
			</imgdir>
			<imgdir name="28">
				<imgdir name="20">
					<int name="x1" value="846"/>
					<int name="y1" value="-189"/>
					<int name="x2" value="1016"/>
					<int name="y2" value="-189"/>
					<int name="prev" value="19"/>
					<int name="next" value="21"/>
					<int name="piece" value="19"/>
				</imgdir>
			</imgdir>
			<imgdir name="39">
				<imgdir name="21">
					<int name="x1" value="1016"/>
					<int name="y1" value="-189"/>
					<int name="x2" value="1059"/>
					<int name="y2" value="-189"/>
					<int name="prev" value="20"/>
					<int name="next" value="0"/>
					<int name="piece" value="20"/>
				</imgdir>
			</imgdir>
			<imgdir name="50">
				<imgdir name="22">
					<int name="x1" value="161"/>
					<int name="y1" value="-299"/>
					<int name="x2" value="202"/>
					<int name="y2" value="-299"/>
					<int name="prev" value="0"/>
					<int name="next" value="23"/>
					<int name="piece" value="21"/>
				</imgdir>
			</imgdir>
			<imgdir name="51">
				<imgdir name="23">
					<int name="x1" value="202"/>
					<int name="y1" value="-299"/>
					<int name="x2" value="371"/>
					<int name="y2" value="-299"/>
					<int name="prev" value="22"/>
					<int name="next" value="24"/>
					<int name="piece" value="22"/>
				</imgdir>
			</imgdir>
			<imgdir name="47">
				<imgdir name="24">
					<int name="x1" value="371"/>
					<int name="y1" value="-299"/>
					<int name="x2" value="541"/>
					<int name="y2" value="-299"/>
					<int name="prev" value="23"/>
					<int name="next" value="25"/>
					<int name="piece" value="23"/>
				</imgdir>
			</imgdir>
			<imgdir name="53">
				<imgdir name="25">
					<int name="x1" value="541"/>
					<int name="y1" value="-299"/>
					<int name="x2" value="584"/>
					<int name="y2" value="-299"/>
					<int name="prev" value="24"/>
					<int name="next" value="0"/>
					<int name="piece" value="24"/>
				</imgdir>
			</imgdir>
			<imgdir name="48">
				<imgdir name="26">
					<int name="x1" value="-198"/>
					<int name="y1" value="-299"/>
					<int name="x2" value="-155"/>
					<int name="y2" value="-299"/>
					<int name="prev" value="27"/>
					<int name="next" value="0"/>
					<int name="piece" value="25"/>
				</imgdir>
			</imgdir>
			<imgdir name="52">
				<imgdir name="27">
					<int name="x1" value="-368"/>
					<int name="y1" value="-299"/>
					<int name="x2" value="-198"/>
					<int name="y2" value="-299"/>
					<int name="prev" value="28"/>
					<int name="next" value="26"/>
					<int name="piece" value="26"/>
				</imgdir>
			</imgdir>
			<imgdir name="49">
				<imgdir name="28">
					<int name="x1" value="-538"/>
					<int name="y1" value="-299"/>
					<int name="x2" value="-368"/>
					<int name="y2" value="-299"/>
					<int name="prev" value="29"/>
					<int name="next" value="27"/>
					<int name="piece" value="27"/>
				</imgdir>
			</imgdir>
			<imgdir name="54">
				<imgdir name="29">
					<int name="x1" value="-578"/>
					<int name="y1" value="-299"/>
					<int name="x2" value="-538"/>
					<int name="y2" value="-299"/>
					<int name="prev" value="0"/>
					<int name="next" value="28"/>
					<int name="piece" value="28"/>
				</imgdir>
			</imgdir>
			<imgdir name="44">
				<imgdir name="30">
					<int name="x1" value="-85"/>
					<int name="y1" value="-404"/>
					<int name="x2" value="85"/>
					<int name="y2" value="-404"/>
					<int name="prev" value="31"/>
					<int name="next" value="32"/>
					<int name="piece" value="29"/>
				</imgdir>
			</imgdir>
			<imgdir name="57">
				<imgdir name="31">
					<int name="x1" value="-125"/>
					<int name="y1" value="-404"/>
					<int name="x2" value="-85"/>
					<int name="y2" value="-404"/>
					<int name="prev" value="0"/>
					<int name="next" value="30"/>
					<int name="piece" value="30"/>
				</imgdir>
			</imgdir>
			<imgdir name="56">
				<imgdir name="32">
					<int name="x1" value="85"/>
					<int name="y1" value="-404"/>
					<int name="x2" value="128"/>
					<int name="y2" value="-404"/>
					<int name="prev" value="30"/>
					<int name="next" value="0"/>
					<int name="piece" value="31"/>
				</imgdir>
			</imgdir>
		</imgdir>
	</imgdir>
	<imgdir name="ladderRope">
		<imgdir name="1">
			<int name="l" value="0"/>
			<int name="uf" value="1"/>
			<int name="x" value="-88"/>
			<int name="y1" value="-402"/>
			<int name="y2" value="-93"/>
			<int name="page" value="5"/>
			<int name="piece" value="56"/>
		</imgdir>
		<imgdir name="2">
			<int name="l" value="0"/>
			<int name="uf" value="1"/>
			<int name="x" value="93"/>
			<int name="y1" value="-402"/>
			<int name="y2" value="-91"/>
			<int name="page" value="5"/>
			<int name="piece" value="57"/>
		</imgdir>
		<imgdir name="3">
			<int name="l" value="0"/>
			<int name="uf" value="1"/>
			<int name="x" value="668"/>
			<int name="y1" value="-187"/>
			<int name="y2" value="123"/>
			<int name="page" value="5"/>
			<int name="piece" value="67"/>
		</imgdir>
		<imgdir name="4">
			<int name="l" value="0"/>
			<int name="uf" value="1"/>
			<int name="x" value="-537"/>
			<int name="y1" value="-112"/>
			<int name="y2" value="127"/>
			<int name="page" value="5"/>
			<int name="piece" value="69"/>
		</imgdir>
		<imgdir name="5">
			<int name="l" value="0"/>
			<int name="uf" value="1"/>
			<int name="x" value="1024"/>
			<int name="y1" value="-187"/>
			<int name="y2" value="123"/>
			<int name="page" value="5"/>
			<int name="piece" value="73"/>
		</imgdir>
		<imgdir name="6">
			<int name="l" value="0"/>
			<int name="uf" value="1"/>
			<int name="x" value="-1014"/>
			<int name="y1" value="-187"/>
			<int name="y2" value="123"/>
			<int name="page" value="5"/>
			<int name="piece" value="74"/>
		</imgdir>
		<imgdir name="7">
			<int name="l" value="0"/>
			<int name="uf" value="1"/>
			<int name="x" value="-666"/>
			<int name="y1" value="-187"/>
			<int name="y2" value="123"/>
			<int name="page" value="5"/>
			<int name="piece" value="75"/>
		</imgdir>
		<imgdir name="8">
			<int name="l" value="0"/>
			<int name="uf" value="1"/>
			<int name="x" value="-194"/>
			<int name="y1" value="-112"/>
			<int name="y2" value="124"/>
			<int name="page" value="5"/>
			<int name="piece" value="77"/>
		</imgdir>
		<imgdir name="9">
			<int name="l" value="0"/>
			<int name="uf" value="1"/>
			<int name="x" value="-548"/>
			<int name="y1" value="-297"/>
			<int name="y2" value="-132"/>
			<int name="page" value="5"/>
			<int name="piece" value="78"/>
		</imgdir>
		<imgdir name="10">
			<int name="l" value="0"/>
			<int name="uf" value="1"/>
			<int name="x" value="-187"/>
			<int name="y1" value="-297"/>
			<int name="y2" value="-132"/>
			<int name="page" value="5"/>
			<int name="piece" value="79"/>
		</imgdir>
		<imgdir name="11">
			<int name="l" value="0"/>
			<int name="uf" value="1"/>
			<int name="x" value="-89"/>
			<int name="y1" value="-32"/>
			<int name="y2" value="134"/>
			<int name="page" value="5"/>
			<int name="piece" value="82"/>
		</imgdir>
		<imgdir name="12">
			<int name="l" value="0"/>
			<int name="uf" value="1"/>
			<int name="x" value="91"/>
			<int name="y1" value="-32"/>
			<int name="y2" value="135"/>
			<int name="page" value="5"/>
			<int name="piece" value="83"/>
		</imgdir>
		<imgdir name="13">
			<int name="l" value="0"/>
			<int name="uf" value="1"/>
			<int name="x" value="203"/>
			<int name="y1" value="-297"/>
			<int name="y2" value="-132"/>
			<int name="page" value="5"/>
			<int name="piece" value="84"/>
		</imgdir>
		<imgdir name="14">
			<int name="l" value="0"/>
			<int name="uf" value="1"/>
			<int name="x" value="550"/>
			<int name="y1" value="-297"/>
			<int name="y2" value="-132"/>
			<int name="page" value="5"/>
			<int name="piece" value="85"/>
		</imgdir>
		<imgdir name="15">
			<int name="l" value="0"/>
			<int name="uf" value="1"/>
			<int name="x" value="190"/>
			<int name="y1" value="-112"/>
			<int name="y2" value="125"/>
			<int name="page" value="5"/>
			<int name="piece" value="88"/>
		</imgdir>
		<imgdir name="16">
			<int name="l" value="0"/>
			<int name="uf" value="1"/>
			<int name="x" value="538"/>
			<int name="y1" value="-112"/>
			<int name="y2" value="125"/>
			<int name="page" value="5"/>
			<int name="piece" value="89"/>
		</imgdir>
	</imgdir>
	<imgdir name="miniMap">
		<canvas name="canvas" width="135" height="58">
			<string name="_hash" value="529054c1c3f7f14d122f8addcbf515230449525e7cc7f1e949d26569bbc39f6f"/>
		</canvas>
		<int name="width" value="2160"/>
		<int name="height" value="940"/>
		<int name="centerX" value="1080"/>
		<int name="centerY" value="640"/>
		<int name="mag" value="4"/>
	</imgdir>
	<imgdir name="portal">
		<imgdir name="0">
			<string name="pn" value="sp"/>
			<int name="pt" value="0"/>
			<int name="x" value="0"/>
			<int name="y" value="-59"/>
			<int name="tm" value="999999999"/>
			<string name="tn" value=""/>
			<int name="horizontalImpact" value="0"/>
		</imgdir>
		<imgdir name="1">
			<string name="pn" value="west00"/>
			<int name="pt" value="2"/>
			<int name="x" value="-899"/>
			<int name="y" value="148"/>
			<int name="tm" value="101081100"/>
			<string name="tn" value="east00"/>
			<int name="horizontalImpact" value="0"/>
			<string name="script" value=""/>
			<int name="hideTooltip" value="0"/>
			<int name="onlyOnce" value="0"/>
			<int name="delay" value="0"/>
		</imgdir>
		<imgdir name="2">
			<string name="pn" value="east00"/>
			<int name="pt" value="2"/>
			<int name="x" value="900"/>
			<int name="y" value="148"/>
			<int name="tm" value="101081300"/>
			<string name="tn" value="west00"/>
			<int name="horizontalImpact" value="0"/>
			<string name="script" value="pt_101081200"/>
			<int name="hideTooltip" value="0"/>
			<int name="onlyOnce" value="0"/>
			<int name="delay" value="0"/>
		</imgdir>
	</imgdir>
	<imgdir name="particle">
		<imgdir name="Elodin_fog_1">
			<imgdir name="0">
				<int name="x" value="-573"/>
				<int name="y" value="-15"/>
				<int name="z" value="0"/>
				<int name="rx" value="-100"/>
				<int name="ry" value="-100"/>
			</imgdir>
		</imgdir>
		<imgdir name="Elodin_fog_2">
			<imgdir name="0">
				<int name="x" value="-594"/>
				<int name="y" value="-246"/>
				<int name="z" value="-1073454624"/>
				<int name="rx" value="-100"/>
				<int name="ry" value="-100"/>
			</imgdir>
		</imgdir>
		<imgdir name="Elodin_fog_3">
			<imgdir name="0">
				<int name="x" value="-588"/>
				<int name="y" value="-259"/>
				<int name="z" value="-1073858824"/>
				<int name="rx" value="-100"/>
				<int name="ry" value="-100"/>
			</imgdir>
		</imgdir>
		<imgdir name="Elodin_light_2">
			<imgdir name="0">
				<int name="x" value="-225"/>
				<int name="y" value="-335"/>
				<int name="z" value="-1073471624"/>
				<int name="rx" value="-95"/>
				<int name="ry" value="-95"/>
			</imgdir>
			<imgdir name="1">
				<int name="x" value="929"/>
				<int name="y" value="-406"/>
				<int name="z" value="-1073471624"/>
				<int name="rx" value="-95"/>
				<int name="ry" value="-95"/>
			</imgdir>
		</imgdir>
	</imgdir>
</imgdir>