<?xml version="1.0" encoding="UTF-8" standalone="yes"?>
<imgdir name="106030000.img">
	<imgdir name="info">
		<int name="version" value="10"/>
		<int name="cloud" value="0"/>
		<int name="town" value="1"/>
		<int name="swim" value="0"/>
		<int name="returnMap" value="106030000"/>
		<int name="forcedReturn" value="999999999"/>
		<float name="mobRate" value="1.0"/>
		<string name="bgm" value="Bgm38/MushroomCastle"/>
		<string name="mapMark" value="flowervioleta"/>
		<int name="fly" value="0"/>
		<int name="standAlone" value="0"/>
		<int name="partyStandAlone" value="0"/>
		<int name="quarterView" value="0"/>
		<int name="noMapCmd" value="0"/>
		<int name="hideMinimap" value="0"/>
		<int name="fieldLimit" value="0"/>
		<int name="VRTop" value="-265"/>
		<int name="VRLeft" value="-620"/>
		<int name="VRBottom" value="520"/>
		<int name="VRRight" value="890"/>
		<string name="fieldScript" value=""/>
		<string name="onFirstUserEnter" value=""/>
		<string name="onUserEnter" value="enter_106030000"/>
	</imgdir>
	<imgdir name="back">
		<imgdir name="0">
			<string name="bS" value="mushCatle"/>
			<int name="front" value="0"/>
			<int name="ani" value="0"/>
			<int name="no" value="0"/>
			<int name="f" value="0"/>
			<int name="x" value="0"/>
			<int name="y" value="0"/>
			<int name="rx" value="0"/>
			<int name="ry" value="0"/>
			<int name="type" value="3"/>
			<int name="cx" value="0"/>
			<int name="cy" value="0"/>
			<int name="a" value="255"/>
			<string name="backTags" value=""/>
		</imgdir>
		<imgdir name="1">
			<string name="bS" value="mushCatle"/>
			<int name="front" value="0"/>
			<int name="ani" value="0"/>
			<int name="no" value="1"/>
			<int name="f" value="0"/>
			<int name="x" value="-16"/>
			<int name="y" value="-254"/>
			<int name="rx" value="0"/>
			<int name="ry" value="0"/>
			<int name="type" value="1"/>
			<int name="cx" value="0"/>
			<int name="cy" value="0"/>
			<int name="a" value="255"/>
			<string name="backTags" value=""/>
		</imgdir>
		<imgdir name="2">
			<string name="bS" value="mushCatle"/>
			<int name="front" value="0"/>
			<int name="ani" value="0"/>
			<int name="no" value="2"/>
			<int name="f" value="0"/>
			<int name="x" value="-40"/>
			<int name="y" value="-446"/>
			<int name="rx" value="0"/>
			<int name="ry" value="0"/>
			<int name="type" value="1"/>
			<int name="cx" value="0"/>
			<int name="cy" value="0"/>
			<int name="a" value="255"/>
			<string name="backTags" value=""/>
		</imgdir>
		<imgdir name="3">
			<string name="bS" value="mushCatle"/>
			<int name="front" value="0"/>
			<int name="ani" value="0"/>
			<int name="no" value="3"/>
			<int name="f" value="0"/>
			<int name="x" value="-166"/>
			<int name="y" value="-1"/>
			<int name="rx" value="-5"/>
			<int name="ry" value="-10"/>
			<int name="type" value="0"/>
			<int name="cx" value="0"/>
			<int name="cy" value="0"/>
			<int name="a" value="255"/>
			<string name="backTags" value=""/>
		</imgdir>
		<imgdir name="5">
			<string name="bS" value="mushCatle"/>
			<int name="front" value="0"/>
			<int name="ani" value="0"/>
			<int name="no" value="32"/>
			<int name="f" value="0"/>
			<int name="x" value="-267"/>
			<int name="y" value="-294"/>
			<int name="rx" value="-10"/>
			<int name="ry" value="-15"/>
			<int name="type" value="0"/>
			<int name="cx" value="0"/>
			<int name="cy" value="0"/>
			<int name="a" value="255"/>
			<string name="backTags" value=""/>
		</imgdir>
		<imgdir name="6">
			<string name="bS" value="mushCatle"/>
			<int name="front" value="0"/>
			<int name="ani" value="0"/>
			<int name="no" value="33"/>
			<int name="f" value="0"/>
			<int name="x" value="300"/>
			<int name="y" value="-323"/>
			<int name="rx" value="-10"/>
			<int name="ry" value="-15"/>
			<int name="type" value="0"/>
			<int name="cx" value="0"/>
			<int name="cy" value="0"/>
			<int name="a" value="255"/>
			<string name="backTags" value=""/>
		</imgdir>
		<imgdir name="4">
			<string name="bS" value="mushCatle"/>
			<int name="front" value="0"/>
			<int name="ani" value="0"/>
			<int name="no" value="8"/>
			<int name="f" value="0"/>
			<int name="x" value="-604"/>
			<int name="y" value="-282"/>
			<int name="rx" value="-3"/>
			<int name="ry" value="0"/>
			<int name="type" value="4"/>
			<int name="cx" value="1000"/>
			<int name="cy" value="0"/>
			<int name="a" value="255"/>
			<string name="backTags" value=""/>
		</imgdir>
		<imgdir name="7">
			<string name="bS" value="mushCatle"/>
			<int name="front" value="0"/>
			<int name="ani" value="0"/>
			<int name="no" value="34"/>
			<int name="f" value="0"/>
			<int name="x" value="415"/>
			<int name="y" value="-305"/>
			<int name="rx" value="-10"/>
			<int name="ry" value="-15"/>
			<int name="type" value="0"/>
			<int name="cx" value="0"/>
			<int name="cy" value="0"/>
			<int name="a" value="255"/>
			<string name="backTags" value=""/>
		</imgdir>
	</imgdir>
	<imgdir name="life">
		<imgdir name="0">
			<string name="type" value="n"/>
			<string name="id" value="1302001"/>
			<int name="x" value="374"/>
			<int name="y" value="190"/>
			<int name="mobTime" value="0"/>
			<int name="f" value="0"/>
			<int name="hide" value="0"/>
			<int name="fh" value="46"/>
			<int name="cy" value="193"/>
			<int name="rx0" value="324"/>
			<int name="rx1" value="424"/>
		</imgdir>
		<imgdir name="1">
			<string name="type" value="n"/>
			<string name="id" value="1302000"/>
			<int name="x" value="-101"/>
			<int name="y" value="189"/>
			<int name="mobTime" value="0"/>
			<int name="f" value="1"/>
			<int name="hide" value="0"/>
			<int name="fh" value="30"/>
			<int name="cy" value="192"/>
			<int name="rx0" value="-151"/>
			<int name="rx1" value="-51"/>
		</imgdir>
		<imgdir name="2">
			<string name="type" value="n"/>
			<string name="id" value="1302010"/>
			<int name="x" value="522"/>
			<int name="y" value="309"/>
			<int name="mobTime" value="0"/>
			<int name="f" value="0"/>
			<int name="hide" value="0"/>
			<int name="fh" value="43"/>
			<int name="cy" value="311"/>
			<int name="rx0" value="472"/>
			<int name="rx1" value="572"/>
		</imgdir>
		<imgdir name="3">
			<string name="type" value="n"/>
			<string name="id" value="1302011"/>
			<int name="x" value="428"/>
			<int name="y" value="379"/>
			<int name="mobTime" value="0"/>
			<int name="f" value="0"/>
			<int name="hide" value="0"/>
			<int name="fh" value="8"/>
			<int name="cy" value="382"/>
			<int name="rx0" value="378"/>
			<int name="rx1" value="478"/>
		</imgdir>
		<imgdir name="4">
			<string name="type" value="n"/>
			<string name="id" value="1302021"/>
			<int name="x" value="655"/>
			<int name="y" value="379"/>
			<int name="mobTime" value="0"/>
			<int name="f" value="0"/>
			<int name="hide" value="0"/>
			<int name="fh" value="11"/>
			<int name="cy" value="382"/>
			<int name="rx0" value="605"/>
			<int name="rx1" value="705"/>
		</imgdir>
		<imgdir name="5">
			<string name="type" value="n"/>
			<string name="id" value="1302022"/>
			<int name="x" value="656"/>
			<int name="y" value="379"/>
			<int name="mobTime" value="0"/>
			<int name="f" value="0"/>
			<int name="hide" value="0"/>
			<int name="fh" value="11"/>
			<int name="cy" value="382"/>
			<int name="rx0" value="606"/>
			<int name="rx1" value="706"/>
		</imgdir>
		<imgdir name="6">
			<string name="type" value="n"/>
			<string name="id" value="1302013"/>
			<int name="x" value="139"/>
			<int name="y" value="258"/>
			<int name="mobTime" value="0"/>
			<int name="f" value="1"/>
			<int name="hide" value="0"/>
			<int name="fh" value="39"/>
			<int name="cy" value="260"/>
			<int name="rx0" value="89"/>
			<int name="rx1" value="189"/>
		</imgdir>
		<imgdir name="7">
			<string name="type" value="n"/>
			<string name="id" value="1302007"/>
			<int name="x" value="-142"/>
			<int name="y" value="380"/>
			<int name="mobTime" value="0"/>
			<int name="f" value="1"/>
			<int name="hide" value="0"/>
			<int name="fh" value="3"/>
			<int name="cy" value="382"/>
			<int name="rx0" value="-192"/>
			<int name="rx1" value="-92"/>
		</imgdir>
		<imgdir name="8">
			<string name="type" value="n"/>
			<string name="id" value="1302012"/>
			<int name="x" value="-217"/>
			<int name="y" value="288"/>
			<int name="mobTime" value="0"/>
			<int name="f" value="1"/>
			<int name="hide" value="0"/>
			<int name="fh" value="26"/>
			<int name="cy" value="289"/>
			<int name="rx0" value="-267"/>
			<int name="rx1" value="-167"/>
		</imgdir>
		<imgdir name="9">
			<string name="type" value="n"/>
			<string name="id" value="1302004"/>
			<int name="x" value="219"/>
			<int name="y" value="380"/>
			<int name="mobTime" value="0"/>
			<int name="f" value="0"/>
			<int name="hide" value="0"/>
			<int name="fh" value="6"/>
			<int name="cy" value="382"/>
			<int name="rx0" value="169"/>
			<int name="rx1" value="269"/>
		</imgdir>
		<imgdir name="10">
			<string name="type" value="n"/>
			<string name="id" value="1302015"/>
			<int name="x" value="-36"/>
			<int name="y" value="381"/>
			<int name="mobTime" value="0"/>
			<int name="f" value="0"/>
			<int name="hide" value="0"/>
			<int name="fh" value="4"/>
			<int name="cy" value="382"/>
			<int name="rx0" value="-86"/>
			<int name="rx1" value="14"/>
		</imgdir>
		<imgdir name="11">
			<string name="type" value="n"/>
			<string name="id" value="1302016"/>
			<int name="x" value="56"/>
			<int name="y" value="379"/>
			<int name="mobTime" value="0"/>
			<int name="f" value="0"/>
			<int name="hide" value="0"/>
			<int name="fh" value="15"/>
			<int name="cy" value="382"/>
			<int name="rx0" value="6"/>
			<int name="rx1" value="106"/>
		</imgdir>
		<imgdir name="12">
			<string name="type" value="n"/>
			<string name="id" value="1302017"/>
			<int name="x" value="-240"/>
			<int name="y" value="379"/>
			<int name="mobTime" value="0"/>
			<int name="f" value="1"/>
			<int name="hide" value="0"/>
			<int name="fh" value="14"/>
			<int name="cy" value="382"/>
			<int name="rx0" value="-290"/>
			<int name="rx1" value="-190"/>
		</imgdir>
		<imgdir name="13">
			<string name="type" value="n"/>
			<string name="id" value="1302018"/>
			<int name="x" value="-332"/>
			<int name="y" value="379"/>
			<int name="mobTime" value="0"/>
			<int name="f" value="1"/>
			<int name="hide" value="0"/>
			<int name="fh" value="2"/>
			<int name="cy" value="382"/>
			<int name="rx0" value="-382"/>
			<int name="rx1" value="-282"/>
		</imgdir>
	</imgdir>
	<imgdir name="reactor">
	</imgdir>
	<imgdir name="0">
		<imgdir name="info">
		</imgdir>
		<imgdir name="tile">
		</imgdir>
		<imgdir name="obj">
		</imgdir>
	</imgdir>
	<imgdir name="1">
		<imgdir name="info">
		</imgdir>
		<imgdir name="tile">
		</imgdir>
		<imgdir name="obj">
			<imgdir name="0">
				<string name="oS" value="Tdungeon"/>
				<string name="l0" value="hall"/>
				<string name="l1" value="stage"/>
				<string name="l2" value="1"/>
				<int name="x" value="138"/>
				<int name="y" value="256"/>
				<int name="z" value="9"/>
				<int name="f" value="0"/>
				<int name="zM" value="4"/>
				<int name="r" value="0"/>
				<int name="move" value="0"/>
				<int name="dynamic" value="0"/>
				<int name="piece" value="0"/>
			</imgdir>
		</imgdir>
	</imgdir>
	<imgdir name="2">
		<imgdir name="info">
		</imgdir>
		<imgdir name="tile">
		</imgdir>
		<imgdir name="obj">
			<imgdir name="0">
				<string name="oS" value="Tdungeon"/>
				<string name="l0" value="hall"/>
				<string name="l1" value="back"/>
				<string name="l2" value="0"/>
				<int name="x" value="-257"/>
				<int name="y" value="116"/>
				<int name="z" value="9"/>
				<int name="f" value="0"/>
				<int name="zM" value="1"/>
				<int name="r" value="0"/>
				<int name="move" value="0"/>
				<int name="dynamic" value="0"/>
				<int name="piece" value="0"/>
			</imgdir>
			<imgdir name="1">
				<string name="oS" value="Tdungeon"/>
				<string name="l0" value="hall"/>
				<string name="l1" value="back"/>
				<string name="l2" value="1"/>
				<int name="x" value="128"/>
				<int name="y" value="66"/>
				<int name="z" value="9"/>
				<int name="f" value="0"/>
				<int name="zM" value="2"/>
				<int name="r" value="0"/>
				<int name="move" value="0"/>
				<int name="dynamic" value="0"/>
				<int name="piece" value="1"/>
			</imgdir>
			<imgdir name="2">
				<string name="oS" value="Tdungeon"/>
				<string name="l0" value="hall"/>
				<string name="l1" value="back"/>
				<string name="l2" value="2"/>
				<int name="x" value="521"/>
				<int name="y" value="116"/>
				<int name="z" value="9"/>
				<int name="f" value="0"/>
				<int name="zM" value="3"/>
				<int name="r" value="0"/>
				<int name="move" value="0"/>
				<int name="dynamic" value="0"/>
				<int name="piece" value="2"/>
			</imgdir>
			<imgdir name="3">
				<string name="oS" value="Tdungeon"/>
				<string name="l0" value="hall"/>
				<string name="l1" value="flower"/>
				<string name="l2" value="0"/>
				<int name="x" value="87"/>
				<int name="y" value="46"/>
				<int name="z" value="9"/>
				<int name="f" value="0"/>
				<int name="zM" value="2"/>
				<int name="r" value="0"/>
				<int name="move" value="0"/>
				<int name="dynamic" value="0"/>
				<int name="piece" value="3"/>
			</imgdir>
			<imgdir name="4">
				<string name="oS" value="Tdungeon"/>
				<string name="l0" value="hall"/>
				<string name="l1" value="flower"/>
				<string name="l2" value="0"/>
				<int name="x" value="182"/>
				<int name="y" value="46"/>
				<int name="z" value="9"/>
				<int name="f" value="1"/>
				<int name="zM" value="2"/>
				<int name="r" value="0"/>
				<int name="move" value="0"/>
				<int name="dynamic" value="0"/>
				<int name="piece" value="4"/>
			</imgdir>
		</imgdir>
	</imgdir>
	<imgdir name="3">
		<imgdir name="info">
			<string name="tS" value="mushCatle"/>
			<int name="tSMag" value="1"/>
		</imgdir>
		<imgdir name="tile">
			<imgdir name="28">
				<int name="x" value="-540"/>
				<int name="y" value="420"/>
				<string name="u" value="enH0"/>
				<int name="no" value="4"/>
				<int name="zM" value="0"/>
			</imgdir>
			<imgdir name="30">
				<int name="x" value="-270"/>
				<int name="y" value="420"/>
				<string name="u" value="enH0"/>
				<int name="no" value="2"/>
				<int name="zM" value="0"/>
			</imgdir>
			<imgdir name="32">
				<int name="x" value="0"/>
				<int name="y" value="420"/>
				<string name="u" value="enH0"/>
				<int name="no" value="2"/>
				<int name="zM" value="0"/>
			</imgdir>
			<imgdir name="11">
				<int name="x" value="90"/>
				<int name="y" value="420"/>
				<string name="u" value="enH0"/>
				<int name="no" value="1"/>
				<int name="zM" value="0"/>
			</imgdir>
			<imgdir name="17">
				<int name="x" value="360"/>
				<int name="y" value="420"/>
				<string name="u" value="enH0"/>
				<int name="no" value="0"/>
				<int name="zM" value="0"/>
			</imgdir>
			<imgdir name="23">
				<int name="x" value="630"/>
				<int name="y" value="420"/>
				<string name="u" value="enH0"/>
				<int name="no" value="2"/>
				<int name="zM" value="0"/>
			</imgdir>
			<imgdir name="21">
				<int name="x" value="720"/>
				<int name="y" value="420"/>
				<string name="u" value="enH0"/>
				<int name="no" value="1"/>
				<int name="zM" value="0"/>
			</imgdir>
			<imgdir name="19">
				<int name="x" value="450"/>
				<int name="y" value="420"/>
				<string name="u" value="enH0"/>
				<int name="no" value="4"/>
				<int name="zM" value="0"/>
			</imgdir>
			<imgdir name="13">
				<int name="x" value="180"/>
				<int name="y" value="420"/>
				<string name="u" value="enH0"/>
				<int name="no" value="2"/>
				<int name="zM" value="0"/>
			</imgdir>
			<imgdir name="15">
				<int name="x" value="540"/>
				<int name="y" value="420"/>
				<string name="u" value="enH0"/>
				<int name="no" value="3"/>
				<int name="zM" value="0"/>
			</imgdir>
			<imgdir name="9">
				<int name="x" value="-90"/>
				<int name="y" value="420"/>
				<string name="u" value="enH0"/>
				<int name="no" value="3"/>
				<int name="zM" value="0"/>
			</imgdir>
			<imgdir name="5">
				<int name="x" value="-180"/>
				<int name="y" value="420"/>
				<string name="u" value="enH0"/>
				<int name="no" value="0"/>
				<int name="zM" value="0"/>
			</imgdir>
			<imgdir name="3">
				<int name="x" value="-360"/>
				<int name="y" value="420"/>
				<string name="u" value="enH0"/>
				<int name="no" value="2"/>
				<int name="zM" value="0"/>
			</imgdir>
			<imgdir name="25">
				<int name="x" value="-450"/>
				<int name="y" value="420"/>
				<string name="u" value="enH0"/>
				<int name="no" value="1"/>
				<int name="zM" value="0"/>
			</imgdir>
			<imgdir name="1">
				<int name="x" value="270"/>
				<int name="y" value="420"/>
				<string name="u" value="enH0"/>
				<int name="no" value="2"/>
				<int name="zM" value="0"/>
			</imgdir>
			<imgdir name="29">
				<int name="x" value="-540"/>
				<int name="y" value="420"/>
				<string name="u" value="bsc"/>
				<int name="no" value="3"/>
				<int name="zM" value="0"/>
			</imgdir>
			<imgdir name="24">
				<int name="x" value="-450"/>
				<int name="y" value="420"/>
				<string name="u" value="bsc"/>
				<int name="no" value="3"/>
				<int name="zM" value="0"/>
			</imgdir>
			<imgdir name="35">
				<int name="x" value="-540"/>
				<int name="y" value="540"/>
				<string name="u" value="bsc"/>
				<int name="no" value="0"/>
				<int name="zM" value="0"/>
			</imgdir>
			<imgdir name="46">
				<int name="x" value="-540"/>
				<int name="y" value="480"/>
				<string name="u" value="bsc"/>
				<int name="no" value="3"/>
				<int name="zM" value="0"/>
			</imgdir>
			<imgdir name="62">
				<int name="x" value="-360"/>
				<int name="y" value="540"/>
				<string name="u" value="bsc"/>
				<int name="no" value="0"/>
				<int name="zM" value="0"/>
			</imgdir>
			<imgdir name="44">
				<int name="x" value="0"/>
				<int name="y" value="540"/>
				<string name="u" value="bsc"/>
				<int name="no" value="0"/>
				<int name="zM" value="0"/>
			</imgdir>
			<imgdir name="63">
				<int name="x" value="-180"/>
				<int name="y" value="540"/>
				<string name="u" value="bsc"/>
				<int name="no" value="4"/>
				<int name="zM" value="0"/>
			</imgdir>
			<imgdir name="33">
				<int name="x" value="0"/>
				<int name="y" value="420"/>
				<string name="u" value="bsc"/>
				<int name="no" value="2"/>
				<int name="zM" value="0"/>
			</imgdir>
			<imgdir name="8">
				<int name="x" value="-90"/>
				<int name="y" value="420"/>
				<string name="u" value="bsc"/>
				<int name="no" value="2"/>
				<int name="zM" value="0"/>
			</imgdir>
			<imgdir name="4">
				<int name="x" value="-180"/>
				<int name="y" value="420"/>
				<string name="u" value="bsc"/>
				<int name="no" value="0"/>
				<int name="zM" value="0"/>
			</imgdir>
			<imgdir name="31">
				<int name="x" value="-270"/>
				<int name="y" value="420"/>
				<string name="u" value="bsc"/>
				<int name="no" value="2"/>
				<int name="zM" value="0"/>
			</imgdir>
			<imgdir name="2">
				<int name="x" value="-360"/>
				<int name="y" value="420"/>
				<string name="u" value="bsc"/>
				<int name="no" value="0"/>
				<int name="zM" value="0"/>
			</imgdir>
			<imgdir name="10">
				<int name="x" value="90"/>
				<int name="y" value="420"/>
				<string name="u" value="bsc"/>
				<int name="no" value="1"/>
				<int name="zM" value="0"/>
			</imgdir>
			<imgdir name="12">
				<int name="x" value="180"/>
				<int name="y" value="420"/>
				<string name="u" value="bsc"/>
				<int name="no" value="0"/>
				<int name="zM" value="0"/>
			</imgdir>
			<imgdir name="16">
				<int name="x" value="360"/>
				<int name="y" value="420"/>
				<string name="u" value="bsc"/>
				<int name="no" value="2"/>
				<int name="zM" value="0"/>
			</imgdir>
			<imgdir name="14">
				<int name="x" value="540"/>
				<int name="y" value="420"/>
				<string name="u" value="bsc"/>
				<int name="no" value="3"/>
				<int name="zM" value="0"/>
			</imgdir>
			<imgdir name="22">
				<int name="x" value="630"/>
				<int name="y" value="420"/>
				<string name="u" value="bsc"/>
				<int name="no" value="1"/>
				<int name="zM" value="0"/>
			</imgdir>
			<imgdir name="20">
				<int name="x" value="720"/>
				<int name="y" value="420"/>
				<string name="u" value="bsc"/>
				<int name="no" value="0"/>
				<int name="zM" value="0"/>
			</imgdir>
			<imgdir name="0">
				<int name="x" value="270"/>
				<int name="y" value="420"/>
				<string name="u" value="bsc"/>
				<int name="no" value="1"/>
				<int name="zM" value="0"/>
			</imgdir>
			<imgdir name="27">
				<int name="x" value="-360"/>
				<int name="y" value="480"/>
				<string name="u" value="bsc"/>
				<int name="no" value="4"/>
				<int name="zM" value="0"/>
			</imgdir>
			<imgdir name="18">
				<int name="x" value="450"/>
				<int name="y" value="420"/>
				<string name="u" value="bsc"/>
				<int name="no" value="2"/>
				<int name="zM" value="0"/>
			</imgdir>
			<imgdir name="40">
				<int name="x" value="540"/>
				<int name="y" value="540"/>
				<string name="u" value="bsc"/>
				<int name="no" value="1"/>
				<int name="zM" value="0"/>
			</imgdir>
			<imgdir name="55">
				<int name="x" value="630"/>
				<int name="y" value="540"/>
				<string name="u" value="bsc"/>
				<int name="no" value="3"/>
				<int name="zM" value="0"/>
			</imgdir>
			<imgdir name="57">
				<int name="x" value="-90"/>
				<int name="y" value="480"/>
				<string name="u" value="bsc"/>
				<int name="no" value="0"/>
				<int name="zM" value="0"/>
			</imgdir>
			<imgdir name="59">
				<int name="x" value="450"/>
				<int name="y" value="540"/>
				<string name="u" value="bsc"/>
				<int name="no" value="4"/>
				<int name="zM" value="0"/>
			</imgdir>
			<imgdir name="50">
				<int name="x" value="0"/>
				<int name="y" value="480"/>
				<string name="u" value="bsc"/>
				<int name="no" value="3"/>
				<int name="zM" value="0"/>
			</imgdir>
			<imgdir name="7">
				<int name="x" value="720"/>
				<int name="y" value="480"/>
				<string name="u" value="bsc"/>
				<int name="no" value="1"/>
				<int name="zM" value="0"/>
			</imgdir>
			<imgdir name="53">
				<int name="x" value="450"/>
				<int name="y" value="480"/>
				<string name="u" value="bsc"/>
				<int name="no" value="0"/>
				<int name="zM" value="0"/>
			</imgdir>
			<imgdir name="52">
				<int name="x" value="270"/>
				<int name="y" value="480"/>
				<string name="u" value="bsc"/>
				<int name="no" value="2"/>
				<int name="zM" value="0"/>
			</imgdir>
			<imgdir name="48">
				<int name="x" value="180"/>
				<int name="y" value="480"/>
				<string name="u" value="bsc"/>
				<int name="no" value="4"/>
				<int name="zM" value="0"/>
			</imgdir>
			<imgdir name="6">
				<int name="x" value="540"/>
				<int name="y" value="480"/>
				<string name="u" value="bsc"/>
				<int name="no" value="0"/>
				<int name="zM" value="0"/>
			</imgdir>
			<imgdir name="51">
				<int name="x" value="360"/>
				<int name="y" value="480"/>
				<string name="u" value="bsc"/>
				<int name="no" value="0"/>
				<int name="zM" value="0"/>
			</imgdir>
			<imgdir name="49">
				<int name="x" value="90"/>
				<int name="y" value="540"/>
				<string name="u" value="bsc"/>
				<int name="no" value="4"/>
				<int name="zM" value="0"/>
			</imgdir>
			<imgdir name="26">
				<int name="x" value="-630"/>
				<int name="y" value="420"/>
				<string name="u" value="bsc"/>
				<int name="no" value="1"/>
				<int name="zM" value="0"/>
			</imgdir>
			<imgdir name="36">
				<int name="x" value="-630"/>
				<int name="y" value="420"/>
				<string name="u" value="enH0"/>
				<int name="no" value="4"/>
				<int name="zM" value="0"/>
			</imgdir>
			<imgdir name="38">
				<int name="x" value="-630"/>
				<int name="y" value="480"/>
				<string name="u" value="bsc"/>
				<int name="no" value="0"/>
				<int name="zM" value="0"/>
			</imgdir>
			<imgdir name="34">
				<int name="x" value="-630"/>
				<int name="y" value="540"/>
				<string name="u" value="bsc"/>
				<int name="no" value="0"/>
				<int name="zM" value="0"/>
			</imgdir>
			<imgdir name="39">
				<int name="x" value="720"/>
				<int name="y" value="540"/>
				<string name="u" value="bsc"/>
				<int name="no" value="2"/>
				<int name="zM" value="0"/>
			</imgdir>
			<imgdir name="37">
				<int name="x" value="-450"/>
				<int name="y" value="480"/>
				<string name="u" value="bsc"/>
				<int name="no" value="0"/>
				<int name="zM" value="0"/>
			</imgdir>
			<imgdir name="43">
				<int name="x" value="630"/>
				<int name="y" value="480"/>
				<string name="u" value="bsc"/>
				<int name="no" value="3"/>
				<int name="zM" value="0"/>
			</imgdir>
			<imgdir name="47">
				<int name="x" value="-270"/>
				<int name="y" value="480"/>
				<string name="u" value="bsc"/>
				<int name="no" value="3"/>
				<int name="zM" value="0"/>
			</imgdir>
			<imgdir name="42">
				<int name="x" value="90"/>
				<int name="y" value="480"/>
				<string name="u" value="bsc"/>
				<int name="no" value="2"/>
				<int name="zM" value="0"/>
			</imgdir>
			<imgdir name="60">
				<int name="x" value="180"/>
				<int name="y" value="540"/>
				<string name="u" value="bsc"/>
				<int name="no" value="3"/>
				<int name="zM" value="0"/>
			</imgdir>
			<imgdir name="58">
				<int name="x" value="360"/>
				<int name="y" value="540"/>
				<string name="u" value="bsc"/>
				<int name="no" value="0"/>
				<int name="zM" value="0"/>
			</imgdir>
			<imgdir name="56">
				<int name="x" value="-270"/>
				<int name="y" value="540"/>
				<string name="u" value="bsc"/>
				<int name="no" value="4"/>
				<int name="zM" value="0"/>
			</imgdir>
			<imgdir name="54">
				<int name="x" value="-180"/>
				<int name="y" value="480"/>
				<string name="u" value="bsc"/>
				<int name="no" value="1"/>
				<int name="zM" value="0"/>
			</imgdir>
			<imgdir name="45">
				<int name="x" value="270"/>
				<int name="y" value="540"/>
				<string name="u" value="bsc"/>
				<int name="no" value="4"/>
				<int name="zM" value="0"/>
			</imgdir>
			<imgdir name="61">
				<int name="x" value="-450"/>
				<int name="y" value="540"/>
				<string name="u" value="bsc"/>
				<int name="no" value="0"/>
				<int name="zM" value="0"/>
			</imgdir>
			<imgdir name="41">
				<int name="x" value="-90"/>
				<int name="y" value="540"/>
				<string name="u" value="bsc"/>
				<int name="no" value="4"/>
				<int name="zM" value="0"/>
			</imgdir>
			<imgdir name="67">
				<int name="x" value="810"/>
				<int name="y" value="540"/>
				<string name="u" value="bsc"/>
				<int name="no" value="0"/>
				<int name="zM" value="0"/>
			</imgdir>
			<imgdir name="64">
				<int name="x" value="810"/>
				<int name="y" value="480"/>
				<string name="u" value="bsc"/>
				<int name="no" value="3"/>
				<int name="zM" value="0"/>
			</imgdir>
			<imgdir name="66">
				<int name="x" value="810"/>
				<int name="y" value="420"/>
				<string name="u" value="enH0"/>
				<int name="no" value="2"/>
				<int name="zM" value="0"/>
			</imgdir>
			<imgdir name="65">
				<int name="x" value="810"/>
				<int name="y" value="420"/>
				<string name="u" value="bsc"/>
				<int name="no" value="4"/>
				<int name="zM" value="0"/>
			</imgdir>
		</imgdir>
		<imgdir name="obj">
			<imgdir name="0">
				<string name="oS" value="Tdungeon"/>
				<string name="l0" value="hall"/>
				<string name="l1" value="door"/>
				<string name="l2" value="0"/>
				<int name="x" value="-507"/>
				<int name="y" value="56"/>
				<int name="z" value="9"/>
				<int name="f" value="0"/>
				<int name="zM" value="0"/>
				<int name="r" value="0"/>
				<int name="move" value="0"/>
				<int name="dynamic" value="0"/>
				<int name="piece" value="0"/>
			</imgdir>
			<imgdir name="1">
				<string name="oS" value="Tdungeon"/>
				<string name="l0" value="hall"/>
				<string name="l1" value="door"/>
				<string name="l2" value="1"/>
				<int name="x" value="771"/>
				<int name="y" value="62"/>
				<int name="z" value="9"/>
				<int name="f" value="0"/>
				<int name="zM" value="0"/>
				<int name="r" value="0"/>
				<int name="move" value="0"/>
				<int name="dynamic" value="0"/>
				<int name="piece" value="1"/>
			</imgdir>
			<imgdir name="2">
				<string name="oS" value="Tdungeon"/>
				<string name="l0" value="hall"/>
				<string name="l1" value="object"/>
				<string name="l2" value="0"/>
				<int name="x" value="339"/>
				<int name="y" value="342"/>
				<int name="z" value="9"/>
				<int name="f" value="0"/>
				<int name="zM" value="0"/>
				<int name="r" value="0"/>
				<int name="move" value="0"/>
				<int name="dynamic" value="0"/>
				<int name="piece" value="2"/>
			</imgdir>
			<imgdir name="3">
				<string name="oS" value="Tdungeon"/>
				<string name="l0" value="hall"/>
				<string name="l1" value="object"/>
				<string name="l2" value="0"/>
				<int name="x" value="-96"/>
				<int name="y" value="343"/>
				<int name="z" value="9"/>
				<int name="f" value="0"/>
				<int name="zM" value="0"/>
				<int name="r" value="0"/>
				<int name="move" value="0"/>
				<int name="dynamic" value="0"/>
				<int name="piece" value="3"/>
			</imgdir>
			<imgdir name="4">
				<string name="oS" value="Tdungeon"/>
				<string name="l0" value="hall"/>
				<string name="l1" value="violeta"/>
				<string name="l2" value="0"/>
				<int name="x" value="-402"/>
				<int name="y" value="81"/>
				<int name="z" value="9"/>
				<int name="f" value="0"/>
				<int name="zM" value="0"/>
				<int name="r" value="0"/>
				<int name="move" value="0"/>
				<int name="dynamic" value="0"/>
				<int name="piece" value="4"/>
			</imgdir>
		</imgdir>
	</imgdir>
	<imgdir name="4">
		<imgdir name="info">
		</imgdir>
		<imgdir name="tile">
		</imgdir>
		<imgdir name="obj">
		</imgdir>
	</imgdir>
	<imgdir name="5">
		<imgdir name="info">
		</imgdir>
		<imgdir name="tile">
		</imgdir>
		<imgdir name="obj">
		</imgdir>
	</imgdir>
	<imgdir name="6">
		<imgdir name="info">
		</imgdir>
		<imgdir name="tile">
		</imgdir>
		<imgdir name="obj">
		</imgdir>
	</imgdir>
	<imgdir name="7">
		<imgdir name="info">
		</imgdir>
		<imgdir name="tile">
		</imgdir>
		<imgdir name="obj">
		</imgdir>
	</imgdir>
	<imgdir name="foothold">
		<imgdir name="3">
			<imgdir name="0">
				<imgdir name="1">
					<int name="x1" value="270"/>
					<int name="y1" value="382"/>
					<int name="x2" value="360"/>
					<int name="y2" value="382"/>
					<int name="prev" value="6"/>
					<int name="next" value="8"/>
					<int name="piece" value="-1"/>
				</imgdir>
				<imgdir name="2">
					<int name="x1" value="-360"/>
					<int name="y1" value="382"/>
					<int name="x2" value="-270"/>
					<int name="y2" value="382"/>
					<int name="prev" value="12"/>
					<int name="next" value="14"/>
					<int name="piece" value="-1"/>
				</imgdir>
				<imgdir name="3">
					<int name="x1" value="-180"/>
					<int name="y1" value="382"/>
					<int name="x2" value="-90"/>
					<int name="y2" value="382"/>
					<int name="prev" value="14"/>
					<int name="next" value="4"/>
					<int name="piece" value="-1"/>
				</imgdir>
				<imgdir name="4">
					<int name="x1" value="-90"/>
					<int name="y1" value="382"/>
					<int name="x2" value="0"/>
					<int name="y2" value="382"/>
					<int name="prev" value="3"/>
					<int name="next" value="15"/>
					<int name="piece" value="-1"/>
				</imgdir>
				<imgdir name="5">
					<int name="x1" value="90"/>
					<int name="y1" value="382"/>
					<int name="x2" value="180"/>
					<int name="y2" value="382"/>
					<int name="prev" value="15"/>
					<int name="next" value="6"/>
					<int name="piece" value="-1"/>
				</imgdir>
				<imgdir name="6">
					<int name="x1" value="180"/>
					<int name="y1" value="382"/>
					<int name="x2" value="270"/>
					<int name="y2" value="382"/>
					<int name="prev" value="5"/>
					<int name="next" value="1"/>
					<int name="piece" value="-1"/>
				</imgdir>
				<imgdir name="7">
					<int name="x1" value="540"/>
					<int name="y1" value="382"/>
					<int name="x2" value="630"/>
					<int name="y2" value="382"/>
					<int name="prev" value="9"/>
					<int name="next" value="11"/>
					<int name="piece" value="-1"/>
				</imgdir>
				<imgdir name="8">
					<int name="x1" value="360"/>
					<int name="y1" value="382"/>
					<int name="x2" value="450"/>
					<int name="y2" value="382"/>
					<int name="prev" value="1"/>
					<int name="next" value="9"/>
					<int name="piece" value="-1"/>
				</imgdir>
				<imgdir name="9">
					<int name="x1" value="450"/>
					<int name="y1" value="382"/>
					<int name="x2" value="540"/>
					<int name="y2" value="382"/>
					<int name="prev" value="8"/>
					<int name="next" value="7"/>
					<int name="piece" value="-1"/>
				</imgdir>
				<imgdir name="10">
					<int name="x1" value="720"/>
					<int name="y1" value="382"/>
					<int name="x2" value="810"/>
					<int name="y2" value="382"/>
					<int name="prev" value="11"/>
					<int name="next" value="17"/>
					<int name="piece" value="-1"/>
				</imgdir>
				<imgdir name="11">
					<int name="x1" value="630"/>
					<int name="y1" value="382"/>
					<int name="x2" value="720"/>
					<int name="y2" value="382"/>
					<int name="prev" value="7"/>
					<int name="next" value="10"/>
					<int name="piece" value="-1"/>
				</imgdir>
				<imgdir name="12">
					<int name="x1" value="-450"/>
					<int name="y1" value="382"/>
					<int name="x2" value="-360"/>
					<int name="y2" value="382"/>
					<int name="prev" value="13"/>
					<int name="next" value="2"/>
					<int name="piece" value="-1"/>
				</imgdir>
				<imgdir name="13">
					<int name="x1" value="-540"/>
					<int name="y1" value="382"/>
					<int name="x2" value="-450"/>
					<int name="y2" value="382"/>
					<int name="prev" value="16"/>
					<int name="next" value="12"/>
					<int name="piece" value="-1"/>
				</imgdir>
				<imgdir name="14">
					<int name="x1" value="-270"/>
					<int name="y1" value="382"/>
					<int name="x2" value="-180"/>
					<int name="y2" value="382"/>
					<int name="prev" value="2"/>
					<int name="next" value="3"/>
					<int name="piece" value="-1"/>
				</imgdir>
				<imgdir name="15">
					<int name="x1" value="0"/>
					<int name="y1" value="382"/>
					<int name="x2" value="90"/>
					<int name="y2" value="382"/>
					<int name="prev" value="4"/>
					<int name="next" value="5"/>
					<int name="piece" value="-1"/>
				</imgdir>
				<imgdir name="16">
					<int name="x1" value="-630"/>
					<int name="y1" value="382"/>
					<int name="x2" value="-540"/>
					<int name="y2" value="382"/>
					<int name="prev" value="0"/>
					<int name="next" value="13"/>
					<int name="piece" value="-1"/>
				</imgdir>
				<imgdir name="17">
					<int name="x1" value="810"/>
					<int name="y1" value="382"/>
					<int name="x2" value="900"/>
					<int name="y2" value="382"/>
					<int name="prev" value="10"/>
					<int name="next" value="0"/>
					<int name="piece" value="-1"/>
				</imgdir>
				<imgdir name="18">
					<int name="x1" value="-629"/>
					<int name="y1" value="337"/>
					<int name="x2" value="-430"/>
					<int name="y2" value="337"/>
					<int name="prev" value="0"/>
					<int name="next" value="0"/>
					<int name="piece" value="0"/>
				</imgdir>
				<imgdir name="19">
					<int name="x1" value="-629"/>
					<int name="y1" value="360"/>
					<int name="x2" value="-414"/>
					<int name="y2" value="360"/>
					<int name="prev" value="0"/>
					<int name="next" value="0"/>
					<int name="piece" value="0"/>
				</imgdir>
				<imgdir name="20">
					<int name="x1" value="706"/>
					<int name="y1" value="345"/>
					<int name="x2" value="905"/>
					<int name="y2" value="345"/>
					<int name="prev" value="0"/>
					<int name="next" value="0"/>
					<int name="piece" value="1"/>
				</imgdir>
				<imgdir name="21">
					<int name="x1" value="687"/>
					<int name="y1" value="366"/>
					<int name="x2" value="902"/>
					<int name="y2" value="366"/>
					<int name="prev" value="0"/>
					<int name="next" value="0"/>
					<int name="piece" value="1"/>
				</imgdir>
				<imgdir name="22">
					<int name="x1" value="290"/>
					<int name="y1" value="337"/>
					<int name="x2" value="393"/>
					<int name="y2" value="337"/>
					<int name="prev" value="0"/>
					<int name="next" value="0"/>
					<int name="piece" value="2"/>
				</imgdir>
				<imgdir name="23">
					<int name="x1" value="-145"/>
					<int name="y1" value="338"/>
					<int name="x2" value="-42"/>
					<int name="y2" value="338"/>
					<int name="prev" value="0"/>
					<int name="next" value="0"/>
					<int name="piece" value="3"/>
				</imgdir>
			</imgdir>
		</imgdir>
		<imgdir name="2">
			<imgdir name="1">
				<imgdir name="24">
					<int name="x1" value="-211"/>
					<int name="y1" value="260"/>
					<int name="x2" value="-12"/>
					<int name="y2" value="260"/>
					<int name="prev" value="0"/>
					<int name="next" value="39"/>
					<int name="piece" value="0"/>
				</imgdir>
				<imgdir name="25">
					<int name="x1" value="-201"/>
					<int name="y1" value="272"/>
					<int name="x2" value="-115"/>
					<int name="y2" value="272"/>
					<int name="prev" value="0"/>
					<int name="next" value="0"/>
					<int name="piece" value="0"/>
				</imgdir>
				<imgdir name="26">
					<int name="x1" value="-252"/>
					<int name="y1" value="289"/>
					<int name="x2" value="-147"/>
					<int name="y2" value="289"/>
					<int name="prev" value="0"/>
					<int name="next" value="0"/>
					<int name="piece" value="0"/>
				</imgdir>
				<imgdir name="27">
					<int name="x1" value="-285"/>
					<int name="y1" value="310"/>
					<int name="x2" value="-180"/>
					<int name="y2" value="310"/>
					<int name="prev" value="0"/>
					<int name="next" value="0"/>
					<int name="piece" value="0"/>
				</imgdir>
				<imgdir name="28">
					<int name="x1" value="-322"/>
					<int name="y1" value="333"/>
					<int name="x2" value="-199"/>
					<int name="y2" value="333"/>
					<int name="prev" value="0"/>
					<int name="next" value="0"/>
					<int name="piece" value="0"/>
				</imgdir>
				<imgdir name="29">
					<int name="x1" value="-348"/>
					<int name="y1" value="357"/>
					<int name="x2" value="-212"/>
					<int name="y2" value="357"/>
					<int name="prev" value="0"/>
					<int name="next" value="0"/>
					<int name="piece" value="0"/>
				</imgdir>
				<imgdir name="30">
					<int name="x1" value="-130"/>
					<int name="y1" value="192"/>
					<int name="x2" value="-68"/>
					<int name="y2" value="192"/>
					<int name="prev" value="0"/>
					<int name="next" value="0"/>
					<int name="piece" value="0"/>
				</imgdir>
				<imgdir name="31">
					<int name="x1" value="-122"/>
					<int name="y1" value="210"/>
					<int name="x2" value="-16"/>
					<int name="y2" value="210"/>
					<int name="prev" value="0"/>
					<int name="next" value="0"/>
					<int name="piece" value="0"/>
				</imgdir>
				<imgdir name="32">
					<int name="x1" value="-96"/>
					<int name="y1" value="224"/>
					<int name="x2" value="-40"/>
					<int name="y2" value="224"/>
					<int name="prev" value="0"/>
					<int name="next" value="0"/>
					<int name="piece" value="0"/>
				</imgdir>
				<imgdir name="33">
					<int name="x1" value="-84"/>
					<int name="y1" value="242"/>
					<int name="x2" value="-28"/>
					<int name="y2" value="242"/>
					<int name="prev" value="0"/>
					<int name="next" value="0"/>
					<int name="piece" value="0"/>
				</imgdir>
				<imgdir name="34">
					<int name="x1" value="-389"/>
					<int name="y1" value="292"/>
					<int name="x2" value="-345"/>
					<int name="y2" value="270"/>
					<int name="prev" value="0"/>
					<int name="next" value="35"/>
					<int name="piece" value="0"/>
				</imgdir>
				<imgdir name="35">
					<int name="x1" value="-345"/>
					<int name="y1" value="270"/>
					<int name="x2" value="-295"/>
					<int name="y2" value="252"/>
					<int name="prev" value="34"/>
					<int name="next" value="36"/>
					<int name="piece" value="0"/>
				</imgdir>
				<imgdir name="36">
					<int name="x1" value="-295"/>
					<int name="y1" value="252"/>
					<int name="x2" value="-252"/>
					<int name="y2" value="242"/>
					<int name="prev" value="35"/>
					<int name="next" value="37"/>
					<int name="piece" value="0"/>
				</imgdir>
				<imgdir name="37">
					<int name="x1" value="-252"/>
					<int name="y1" value="242"/>
					<int name="x2" value="-217"/>
					<int name="y2" value="237"/>
					<int name="prev" value="36"/>
					<int name="next" value="38"/>
					<int name="piece" value="0"/>
				</imgdir>
				<imgdir name="38">
					<int name="x1" value="-217"/>
					<int name="y1" value="237"/>
					<int name="x2" value="-201"/>
					<int name="y2" value="236"/>
					<int name="prev" value="37"/>
					<int name="next" value="0"/>
					<int name="piece" value="0"/>
				</imgdir>
			</imgdir>
			<imgdir name="2">
				<imgdir name="39">
					<int name="x1" value="-12"/>
					<int name="y1" value="260"/>
					<int name="x2" value="270"/>
					<int name="y2" value="260"/>
					<int name="prev" value="24"/>
					<int name="next" value="40"/>
					<int name="piece" value="1"/>
				</imgdir>
			</imgdir>
			<imgdir name="3">
				<imgdir name="40">
					<int name="x1" value="270"/>
					<int name="y1" value="260"/>
					<int name="x2" value="483"/>
					<int name="y2" value="260"/>
					<int name="prev" value="39"/>
					<int name="next" value="0"/>
					<int name="piece" value="2"/>
				</imgdir>
				<imgdir name="41">
					<int name="x1" value="390"/>
					<int name="y1" value="272"/>
					<int name="x2" value="476"/>
					<int name="y2" value="272"/>
					<int name="prev" value="0"/>
					<int name="next" value="0"/>
					<int name="piece" value="2"/>
				</imgdir>
				<imgdir name="42">
					<int name="x1" value="423"/>
					<int name="y1" value="290"/>
					<int name="x2" value="528"/>
					<int name="y2" value="290"/>
					<int name="prev" value="0"/>
					<int name="next" value="0"/>
					<int name="piece" value="2"/>
				</imgdir>
				<imgdir name="43">
					<int name="x1" value="456"/>
					<int name="y1" value="311"/>
					<int name="x2" value="561"/>
					<int name="y2" value="311"/>
					<int name="prev" value="0"/>
					<int name="next" value="0"/>
					<int name="piece" value="2"/>
				</imgdir>
				<imgdir name="44">
					<int name="x1" value="472"/>
					<int name="y1" value="334"/>
					<int name="x2" value="595"/>
					<int name="y2" value="334"/>
					<int name="prev" value="0"/>
					<int name="next" value="0"/>
					<int name="piece" value="2"/>
				</imgdir>
				<imgdir name="45">
					<int name="x1" value="488"/>
					<int name="y1" value="358"/>
					<int name="x2" value="624"/>
					<int name="y2" value="358"/>
					<int name="prev" value="0"/>
					<int name="next" value="0"/>
					<int name="piece" value="2"/>
				</imgdir>
				<imgdir name="46">
					<int name="x1" value="339"/>
					<int name="y1" value="193"/>
					<int name="x2" value="401"/>
					<int name="y2" value="193"/>
					<int name="prev" value="0"/>
					<int name="next" value="0"/>
					<int name="piece" value="2"/>
				</imgdir>
				<imgdir name="47">
					<int name="x1" value="299"/>
					<int name="y1" value="210"/>
					<int name="x2" value="405"/>
					<int name="y2" value="210"/>
					<int name="prev" value="0"/>
					<int name="next" value="0"/>
					<int name="piece" value="2"/>
				</imgdir>
				<imgdir name="48">
					<int name="x1" value="316"/>
					<int name="y1" value="224"/>
					<int name="x2" value="372"/>
					<int name="y2" value="224"/>
					<int name="prev" value="0"/>
					<int name="next" value="0"/>
					<int name="piece" value="2"/>
				</imgdir>
				<imgdir name="49">
					<int name="x1" value="307"/>
					<int name="y1" value="243"/>
					<int name="x2" value="363"/>
					<int name="y2" value="243"/>
					<int name="prev" value="0"/>
					<int name="next" value="0"/>
					<int name="piece" value="2"/>
				</imgdir>
				<imgdir name="50">
					<int name="x1" value="661"/>
					<int name="y1" value="294"/>
					<int name="x2" value="623"/>
					<int name="y2" value="274"/>
					<int name="prev" value="0"/>
					<int name="next" value="51"/>
					<int name="piece" value="2"/>
				</imgdir>
				<imgdir name="51">
					<int name="x1" value="623"/>
					<int name="y1" value="274"/>
					<int name="x2" value="593"/>
					<int name="y2" value="262"/>
					<int name="prev" value="50"/>
					<int name="next" value="52"/>
					<int name="piece" value="2"/>
				</imgdir>
				<imgdir name="52">
					<int name="x1" value="593"/>
					<int name="y1" value="262"/>
					<int name="x2" value="565"/>
					<int name="y2" value="252"/>
					<int name="prev" value="51"/>
					<int name="next" value="53"/>
					<int name="piece" value="2"/>
				</imgdir>
				<imgdir name="53">
					<int name="x1" value="565"/>
					<int name="y1" value="252"/>
					<int name="x2" value="529"/>
					<int name="y2" value="242"/>
					<int name="prev" value="52"/>
					<int name="next" value="54"/>
					<int name="piece" value="2"/>
				</imgdir>
				<imgdir name="54">
					<int name="x1" value="529"/>
					<int name="y1" value="242"/>
					<int name="x2" value="498"/>
					<int name="y2" value="236"/>
					<int name="prev" value="53"/>
					<int name="next" value="55"/>
					<int name="piece" value="2"/>
				</imgdir>
				<imgdir name="55">
					<int name="x1" value="498"/>
					<int name="y1" value="236"/>
					<int name="x2" value="478"/>
					<int name="y2" value="233"/>
					<int name="prev" value="54"/>
					<int name="next" value="0"/>
					<int name="piece" value="2"/>
				</imgdir>
			</imgdir>
		</imgdir>
	</imgdir>
	<imgdir name="ladderRope">
	</imgdir>
	<imgdir name="miniMap">
		<canvas name="canvas" width="101" height="66">
			<string name="_hash" value="9c623b7b77fa7b79a54d9cc66edff8fd35114f294009b7b2ecce028155b99e2d"/>
		</canvas>
		<int name="width" value="1626"/>
		<int name="height" value="1070"/>
		<int name="centerX" value="678"/>
		<int name="centerY" value="422"/>
		<int name="mag" value="4"/>
	</imgdir>
	<imgdir name="portal">
		<imgdir name="0">
			<string name="pn" value="sp"/>
			<int name="pt" value="0"/>
			<int name="x" value="136"/>
			<int name="y" value="378"/>
			<int name="tm" value="999999999"/>
			<string name="tn" value=""/>
			<int name="horizontalImpact" value="0"/>
		</imgdir>
		<imgdir name="1">
			<string name="pn" value="east00"/>
			<int name="pt" value="2"/>
			<int name="x" value="820"/>
			<int name="y" value="344"/>
			<int name="tm" value="106030200"/>
			<string name="tn" value="west00"/>
			<int name="horizontalImpact" value="0"/>
		</imgdir>
		<imgdir name="2">
			<string name="pn" value="west00"/>
			<int name="pt" value="2"/>
			<int name="x" value="-549"/>
			<int name="y" value="339"/>
			<int name="tm" value="106030100"/>
			<string name="tn" value="in00"/>
			<int name="horizontalImpact" value="0"/>
		</imgdir>
		<imgdir name="3">
			<string name="pn" value="tp"/>
			<int name="pt" value="6"/>
			<int name="x" value="-173"/>
			<int name="y" value="381"/>
			<int name="tm" value="999999999"/>
			<string name="tn" value=""/>
			<int name="horizontalImpact" value="0"/>
		</imgdir>
		<imgdir name="4">
			<string name="pn" value="tp"/>
			<int name="pt" value="6"/>
			<int name="x" value="-21"/>
			<int name="y" value="385"/>
			<int name="tm" value="999999999"/>
			<string name="tn" value=""/>
			<int name="horizontalImpact" value="0"/>
		</imgdir>
		<imgdir name="5">
			<string name="pn" value="tp"/>
			<int name="pt" value="6"/>
			<int name="x" value="123"/>
			<int name="y" value="381"/>
			<int name="tm" value="999999999"/>
			<string name="tn" value=""/>
			<int name="horizontalImpact" value="0"/>
		</imgdir>
		<imgdir name="6">
			<string name="pn" value="tp"/>
			<int name="pt" value="6"/>
			<int name="x" value="258"/>
			<int name="y" value="381"/>
			<int name="tm" value="999999999"/>
			<string name="tn" value=""/>
			<int name="horizontalImpact" value="0"/>
		</imgdir>
		<imgdir name="7">
			<string name="pn" value="tp"/>
			<int name="pt" value="6"/>
			<int name="x" value="384"/>
			<int name="y" value="380"/>
			<int name="tm" value="999999999"/>
			<string name="tn" value=""/>
			<int name="horizontalImpact" value="0"/>
		</imgdir>
		<imgdir name="8">
			<string name="pn" value="tp"/>
			<int name="pt" value="6"/>
			<int name="x" value="512"/>
			<int name="y" value="384"/>
			<int name="tm" value="999999999"/>
			<string name="tn" value=""/>
			<int name="horizontalImpact" value="0"/>
		</imgdir>
	</imgdir>
</imgdir>