<?xml version="1.0" encoding="UTF-8" standalone="yes"?>
<imgdir name="101082000.img">
	<imgdir name="info">
		<int name="version" value="10"/>
		<int name="cloud" value="0"/>
		<int name="town" value="1"/>
		<int name="swim" value="0"/>
		<int name="returnMap" value="101082000"/>
		<int name="forcedReturn" value="999999999"/>
		<float name="mobRate" value="1.0"/>
		<string name="bgm" value="Bgm51/LuensHouse"/>
		<string name="mapMark" value="Elodin"/>
		<int name="fly" value="0"/>
		<int name="standAlone" value="0"/>
		<int name="partyStandAlone" value="0"/>
		<int name="quarterView" value="0"/>
		<int name="noMapCmd" value="0"/>
		<int name="hideMinimap" value="0"/>
		<int name="fieldLimit" value="65536"/>
		<string name="AmbientBGM" value=""/>
		<int name="AmbientBGMv" value="100"/>
		<int name="VRTop" value="-699"/>
		<int name="VRLeft" value="-1000"/>
		<int name="VRBottom" value="300"/>
		<int name="VRRight" value="1000"/>
		<string name="fieldScript" value=""/>
		<string name="onFirstUserEnter" value=""/>
		<string name="onUserEnter" value="enter_101082000"/>
		<int name="MRLeft" value="-1000"/>
		<int name="MRTop" value="-699"/>
		<int name="MRRight" value="1000"/>
		<int name="MRBottom" value="300"/>
	</imgdir>
	<imgdir name="back">
		<imgdir name="0">
			<string name="bS" value="elodin_house"/>
			<int name="front" value="0"/>
			<int name="ani" value="0"/>
			<int name="no" value="11"/>
			<int name="f" value="0"/>
			<int name="w" value="0"/>
			<int name="x" value="-244"/>
			<int name="y" value="-281"/>
			<int name="rx" value="-85"/>
			<int name="ry" value="-85"/>
			<int name="wx" value="0"/>
			<int name="wy" value="0"/>
			<int name="type" value="1"/>
			<int name="cx" value="784"/>
			<int name="cy" value="0"/>
			<int name="a" value="255"/>
			<string name="backTags" value=""/>
		</imgdir>
		<imgdir name="1">
			<string name="bS" value="elodin_house"/>
			<int name="front" value="0"/>
			<int name="ani" value="0"/>
			<int name="no" value="0"/>
			<int name="f" value="0"/>
			<int name="w" value="0"/>
			<int name="x" value="-1000"/>
			<int name="y" value="-270"/>
			<int name="rx" value="-100"/>
			<int name="ry" value="-100"/>
			<int name="wx" value="0"/>
			<int name="wy" value="0"/>
			<int name="type" value="0"/>
			<int name="cx" value="0"/>
			<int name="cy" value="0"/>
			<int name="a" value="255"/>
			<string name="backTags" value=""/>
		</imgdir>
		<imgdir name="2">
			<string name="bS" value="elodin_house"/>
			<int name="front" value="0"/>
			<int name="ani" value="0"/>
			<int name="no" value="1"/>
			<int name="f" value="0"/>
			<int name="w" value="0"/>
			<int name="x" value="-500"/>
			<int name="y" value="-270"/>
			<int name="rx" value="-100"/>
			<int name="ry" value="-100"/>
			<int name="wx" value="0"/>
			<int name="wy" value="0"/>
			<int name="type" value="0"/>
			<int name="cx" value="0"/>
			<int name="cy" value="0"/>
			<int name="a" value="255"/>
			<string name="backTags" value=""/>
		</imgdir>
		<imgdir name="3">
			<string name="bS" value="elodin_house"/>
			<int name="front" value="0"/>
			<int name="ani" value="0"/>
			<int name="no" value="1"/>
			<int name="f" value="0"/>
			<int name="w" value="0"/>
			<int name="x" value="0"/>
			<int name="y" value="-270"/>
			<int name="rx" value="-100"/>
			<int name="ry" value="-100"/>
			<int name="wx" value="0"/>
			<int name="wy" value="0"/>
			<int name="type" value="0"/>
			<int name="cx" value="0"/>
			<int name="cy" value="0"/>
			<int name="a" value="255"/>
			<string name="backTags" value=""/>
		</imgdir>
		<imgdir name="4">
			<string name="bS" value="elodin_house"/>
			<int name="front" value="0"/>
			<int name="ani" value="0"/>
			<int name="no" value="2"/>
			<int name="f" value="0"/>
			<int name="w" value="0"/>
			<int name="x" value="500"/>
			<int name="y" value="-270"/>
			<int name="rx" value="-100"/>
			<int name="ry" value="-100"/>
			<int name="wx" value="0"/>
			<int name="wy" value="0"/>
			<int name="type" value="0"/>
			<int name="cx" value="0"/>
			<int name="cy" value="0"/>
			<int name="a" value="255"/>
			<string name="backTags" value=""/>
		</imgdir>
		<imgdir name="6">
			<string name="bS" value="elodin_house"/>
			<int name="front" value="0"/>
			<int name="ani" value="1"/>
			<int name="no" value="0"/>
			<int name="f" value="0"/>
			<int name="w" value="0"/>
			<int name="x" value="456"/>
			<int name="y" value="80"/>
			<int name="rx" value="-100"/>
			<int name="ry" value="-100"/>
			<int name="wx" value="0"/>
			<int name="wy" value="0"/>
			<int name="type" value="0"/>
			<int name="cx" value="0"/>
			<int name="cy" value="0"/>
			<int name="a" value="255"/>
			<string name="backTags" value=""/>
		</imgdir>
		<imgdir name="7">
			<string name="bS" value="elodin_house"/>
			<int name="front" value="1"/>
			<int name="ani" value="1"/>
			<int name="no" value="2"/>
			<int name="f" value="0"/>
			<int name="w" value="0"/>
			<int name="x" value="-817"/>
			<int name="y" value="-130"/>
			<int name="rx" value="-100"/>
			<int name="ry" value="-100"/>
			<int name="wx" value="0"/>
			<int name="wy" value="0"/>
			<int name="type" value="0"/>
			<int name="cx" value="0"/>
			<int name="cy" value="0"/>
			<int name="a" value="255"/>
			<string name="backTags" value=""/>
		</imgdir>
		<imgdir name="5">
			<string name="bS" value="elodin_house"/>
			<int name="front" value="0"/>
			<int name="ani" value="0"/>
			<int name="no" value="0"/>
			<int name="f" value="0"/>
			<int name="w" value="0"/>
			<int name="x" value="1000"/>
			<int name="y" value="-270"/>
			<int name="rx" value="-100"/>
			<int name="ry" value="-100"/>
			<int name="wx" value="0"/>
			<int name="wy" value="0"/>
			<int name="type" value="0"/>
			<int name="cx" value="0"/>
			<int name="cy" value="0"/>
			<int name="a" value="255"/>
			<string name="backTags" value=""/>
		</imgdir>
		<imgdir name="8">
			<string name="bS" value="elodin_house"/>
			<int name="front" value="1"/>
			<int name="ani" value="1"/>
			<int name="no" value="2"/>
			<int name="f" value="0"/>
			<int name="w" value="0"/>
			<int name="x" value="-313"/>
			<int name="y" value="-130"/>
			<int name="rx" value="-100"/>
			<int name="ry" value="-100"/>
			<int name="wx" value="0"/>
			<int name="wy" value="0"/>
			<int name="type" value="0"/>
			<int name="cx" value="0"/>
			<int name="cy" value="0"/>
			<int name="a" value="255"/>
			<string name="backTags" value=""/>
		</imgdir>
	</imgdir>
	<imgdir name="life">
		<imgdir name="0">
			<string name="type" value="n"/>
			<string name="id" value="1501000"/>
			<int name="x" value="-70"/>
			<int name="y" value="122"/>
			<int name="mobTime" value="0"/>
			<int name="f" value="1"/>
			<int name="hide" value="0"/>
			<int name="fh" value="32"/>
			<int name="cy" value="129"/>
			<int name="rx0" value="-120"/>
			<int name="rx1" value="-20"/>
		</imgdir>
		<imgdir name="1">
			<string name="type" value="n"/>
			<string name="id" value="1501001"/>
			<int name="x" value="-70"/>
			<int name="y" value="114"/>
			<int name="mobTime" value="0"/>
			<int name="f" value="1"/>
			<int name="hide" value="0"/>
			<int name="fh" value="32"/>
			<int name="cy" value="129"/>
			<int name="rx0" value="-120"/>
			<int name="rx1" value="-20"/>
		</imgdir>
		<imgdir name="2">
			<string name="type" value="n"/>
			<string name="id" value="1501003"/>
			<int name="x" value="76"/>
			<int name="y" value="116"/>
			<int name="mobTime" value="0"/>
			<int name="f" value="0"/>
			<int name="hide" value="0"/>
			<int name="fh" value="4"/>
			<int name="cy" value="129"/>
			<int name="rx0" value="26"/>
			<int name="rx1" value="126"/>
		</imgdir>
		<imgdir name="3">
			<string name="type" value="n"/>
			<string name="id" value="1501002"/>
			<int name="x" value="76"/>
			<int name="y" value="116"/>
			<int name="mobTime" value="0"/>
			<int name="f" value="0"/>
			<int name="hide" value="0"/>
			<int name="fh" value="4"/>
			<int name="cy" value="129"/>
			<int name="rx0" value="26"/>
			<int name="rx1" value="126"/>
		</imgdir>
		<imgdir name="4">
			<string name="type" value="n"/>
			<string name="id" value="1501005"/>
			<int name="x" value="339"/>
			<int name="y" value="133"/>
			<int name="mobTime" value="0"/>
			<int name="f" value="1"/>
			<int name="hide" value="0"/>
			<int name="fh" value="6"/>
			<int name="cy" value="146"/>
			<int name="rx0" value="289"/>
			<int name="rx1" value="389"/>
		</imgdir>
		<imgdir name="5">
			<string name="type" value="n"/>
			<string name="id" value="1501006"/>
			<int name="x" value="562"/>
			<int name="y" value="120"/>
			<int name="mobTime" value="0"/>
			<int name="f" value="0"/>
			<int name="hide" value="0"/>
			<int name="fh" value="10"/>
			<int name="cy" value="131"/>
			<int name="rx0" value="512"/>
			<int name="rx1" value="612"/>
		</imgdir>
	</imgdir>
	<imgdir name="reactor">
	</imgdir>
	<imgdir name="0">
		<imgdir name="info">
		</imgdir>
		<imgdir name="tile">
		</imgdir>
		<imgdir name="obj">
		</imgdir>
	</imgdir>
	<imgdir name="1">
		<imgdir name="info">
		</imgdir>
		<imgdir name="tile">
		</imgdir>
		<imgdir name="obj">
		</imgdir>
	</imgdir>
	<imgdir name="2">
		<imgdir name="info">
		</imgdir>
		<imgdir name="tile">
		</imgdir>
		<imgdir name="obj">
		</imgdir>
	</imgdir>
	<imgdir name="3">
		<imgdir name="info">
		</imgdir>
		<imgdir name="tile">
		</imgdir>
		<imgdir name="obj">
		</imgdir>
	</imgdir>
	<imgdir name="4">
		<imgdir name="info">
		</imgdir>
		<imgdir name="tile">
		</imgdir>
		<imgdir name="obj">
			<imgdir name="1">
				<string name="oS" value="elodin"/>
				<string name="l0" value="house"/>
				<string name="l1" value="acc"/>
				<string name="l2" value="2"/>
				<int name="x" value="699"/>
				<int name="y" value="40"/>
				<int name="z" value="9"/>
				<int name="f" value="0"/>
				<int name="zM" value="5"/>
				<int name="r" value="0"/>
				<int name="move" value="0"/>
				<int name="dynamic" value="0"/>
				<int name="piece" value="1"/>
			</imgdir>
			<imgdir name="0">
				<string name="oS" value="elodin"/>
				<string name="l0" value="house"/>
				<string name="l1" value="acc"/>
				<string name="l2" value="4"/>
				<int name="x" value="240"/>
				<int name="y" value="104"/>
				<int name="z" value="9"/>
				<int name="f" value="0"/>
				<int name="zM" value="3"/>
				<int name="r" value="0"/>
				<int name="move" value="0"/>
				<int name="dynamic" value="0"/>
				<int name="piece" value="0"/>
			</imgdir>
			<imgdir name="2">
				<string name="oS" value="elodin"/>
				<string name="l0" value="house"/>
				<string name="l1" value="wall"/>
				<string name="l2" value="3"/>
				<int name="x" value="-876"/>
				<int name="y" value="-270"/>
				<int name="z" value="9"/>
				<int name="f" value="0"/>
				<int name="zM" value="2"/>
				<int name="r" value="0"/>
				<int name="move" value="0"/>
				<int name="dynamic" value="0"/>
				<int name="piece" value="2"/>
			</imgdir>
			<imgdir name="3">
				<string name="oS" value="elodin"/>
				<string name="l0" value="house"/>
				<string name="l1" value="acc"/>
				<string name="l2" value="3"/>
				<int name="x" value="-203"/>
				<int name="y" value="72"/>
				<int name="z" value="9"/>
				<int name="f" value="0"/>
				<int name="zM" value="4"/>
				<int name="r" value="0"/>
				<int name="move" value="0"/>
				<int name="dynamic" value="0"/>
				<int name="piece" value="3"/>
			</imgdir>
			<imgdir name="4">
				<string name="oS" value="elodin"/>
				<string name="l0" value="house"/>
				<string name="l1" value="acc"/>
				<string name="l2" value="6"/>
				<int name="x" value="-330"/>
				<int name="y" value="77"/>
				<int name="z" value="10"/>
				<int name="f" value="0"/>
				<int name="zM" value="4"/>
				<int name="r" value="0"/>
				<int name="move" value="0"/>
				<int name="dynamic" value="0"/>
				<int name="piece" value="4"/>
			</imgdir>
			<imgdir name="5">
				<string name="oS" value="elodin"/>
				<string name="l0" value="house"/>
				<string name="l1" value="acc"/>
				<string name="l2" value="1"/>
				<int name="x" value="-464"/>
				<int name="y" value="81"/>
				<int name="z" value="9"/>
				<int name="f" value="0"/>
				<int name="zM" value="4"/>
				<int name="r" value="0"/>
				<int name="move" value="0"/>
				<int name="dynamic" value="0"/>
				<int name="piece" value="5"/>
			</imgdir>
			<imgdir name="6">
				<string name="oS" value="elodin"/>
				<string name="l0" value="house"/>
				<string name="l1" value="lamp"/>
				<string name="l2" value="0"/>
				<int name="x" value="789"/>
				<int name="y" value="-625"/>
				<int name="z" value="9"/>
				<int name="f" value="0"/>
				<int name="zM" value="6"/>
				<int name="r" value="0"/>
				<int name="move" value="0"/>
				<int name="dynamic" value="0"/>
				<int name="piece" value="6"/>
			</imgdir>
		</imgdir>
	</imgdir>
	<imgdir name="5">
		<imgdir name="info">
		</imgdir>
		<imgdir name="tile">
		</imgdir>
		<imgdir name="obj">
			<imgdir name="0">
				<string name="oS" value="elodin"/>
				<string name="l0" value="foothold"/>
				<string name="l1" value="house"/>
				<string name="l2" value="2"/>
				<int name="x" value="501"/>
				<int name="y" value="213"/>
				<int name="z" value="9"/>
				<int name="f" value="0"/>
				<int name="zM" value="0"/>
				<int name="r" value="0"/>
				<int name="move" value="0"/>
				<int name="dynamic" value="0"/>
				<int name="piece" value="0"/>
			</imgdir>
			<imgdir name="1">
				<string name="oS" value="elodin"/>
				<string name="l0" value="foothold"/>
				<string name="l1" value="house"/>
				<string name="l2" value="2"/>
				<int name="x" value="-499"/>
				<int name="y" value="213"/>
				<int name="z" value="9"/>
				<int name="f" value="0"/>
				<int name="zM" value="1"/>
				<int name="r" value="0"/>
				<int name="move" value="0"/>
				<int name="dynamic" value="0"/>
				<int name="piece" value="1"/>
			</imgdir>
		</imgdir>
	</imgdir>
	<imgdir name="6">
		<imgdir name="info">
		</imgdir>
		<imgdir name="tile">
		</imgdir>
		<imgdir name="obj">
		</imgdir>
	</imgdir>
	<imgdir name="7">
		<imgdir name="info">
		</imgdir>
		<imgdir name="tile">
		</imgdir>
		<imgdir name="obj">
		</imgdir>
	</imgdir>
	<imgdir name="foothold">
		<imgdir name="4">
			<imgdir name="2">
				<imgdir name="1">
					<int name="x1" value="-936"/>
					<int name="y1" value="60"/>
					<int name="x2" value="-768"/>
					<int name="y2" value="60"/>
					<int name="prev" value="0"/>
					<int name="next" value="0"/>
					<int name="piece" value="2"/>
				</imgdir>
				<imgdir name="2">
					<int name="x1" value="-936"/>
					<int name="y1" value="97"/>
					<int name="x2" value="-756"/>
					<int name="y2" value="97"/>
					<int name="prev" value="0"/>
					<int name="next" value="0"/>
					<int name="piece" value="2"/>
				</imgdir>
			</imgdir>
		</imgdir>
		<imgdir name="5">
			<imgdir name="0">
				<imgdir name="3">
					<int name="x1" value="1"/>
					<int name="y1" value="126"/>
					<int name="x2" value="39"/>
					<int name="y2" value="129"/>
					<int name="prev" value="32"/>
					<int name="next" value="4"/>
					<int name="piece" value="0"/>
				</imgdir>
				<imgdir name="4">
					<int name="x1" value="39"/>
					<int name="y1" value="129"/>
					<int name="x2" value="87"/>
					<int name="y2" value="130"/>
					<int name="prev" value="3"/>
					<int name="next" value="5"/>
					<int name="piece" value="0"/>
				</imgdir>
				<imgdir name="5">
					<int name="x1" value="87"/>
					<int name="y1" value="130"/>
					<int name="x2" value="286"/>
					<int name="y2" value="143"/>
					<int name="prev" value="4"/>
					<int name="next" value="6"/>
					<int name="piece" value="0"/>
				</imgdir>
				<imgdir name="6">
					<int name="x1" value="286"/>
					<int name="y1" value="143"/>
					<int name="x2" value="370"/>
					<int name="y2" value="149"/>
					<int name="prev" value="5"/>
					<int name="next" value="7"/>
					<int name="piece" value="0"/>
				</imgdir>
				<imgdir name="7">
					<int name="x1" value="370"/>
					<int name="y1" value="149"/>
					<int name="x2" value="464"/>
					<int name="y2" value="135"/>
					<int name="prev" value="6"/>
					<int name="next" value="8"/>
					<int name="piece" value="0"/>
				</imgdir>
				<imgdir name="8">
					<int name="x1" value="464"/>
					<int name="y1" value="135"/>
					<int name="x2" value="502"/>
					<int name="y2" value="133"/>
					<int name="prev" value="7"/>
					<int name="next" value="9"/>
					<int name="piece" value="0"/>
				</imgdir>
				<imgdir name="9">
					<int name="x1" value="502"/>
					<int name="y1" value="133"/>
					<int name="x2" value="548"/>
					<int name="y2" value="130"/>
					<int name="prev" value="8"/>
					<int name="next" value="10"/>
					<int name="piece" value="0"/>
				</imgdir>
				<imgdir name="10">
					<int name="x1" value="548"/>
					<int name="y1" value="130"/>
					<int name="x2" value="587"/>
					<int name="y2" value="133"/>
					<int name="prev" value="9"/>
					<int name="next" value="11"/>
					<int name="piece" value="0"/>
				</imgdir>
				<imgdir name="11">
					<int name="x1" value="587"/>
					<int name="y1" value="133"/>
					<int name="x2" value="630"/>
					<int name="y2" value="133"/>
					<int name="prev" value="10"/>
					<int name="next" value="12"/>
					<int name="piece" value="0"/>
				</imgdir>
				<imgdir name="12">
					<int name="x1" value="630"/>
					<int name="y1" value="133"/>
					<int name="x2" value="695"/>
					<int name="y2" value="139"/>
					<int name="prev" value="11"/>
					<int name="next" value="13"/>
					<int name="piece" value="0"/>
				</imgdir>
				<imgdir name="13">
					<int name="x1" value="695"/>
					<int name="y1" value="139"/>
					<int name="x2" value="757"/>
					<int name="y2" value="141"/>
					<int name="prev" value="12"/>
					<int name="next" value="14"/>
					<int name="piece" value="0"/>
				</imgdir>
				<imgdir name="14">
					<int name="x1" value="757"/>
					<int name="y1" value="141"/>
					<int name="x2" value="859"/>
					<int name="y2" value="138"/>
					<int name="prev" value="13"/>
					<int name="next" value="15"/>
					<int name="piece" value="0"/>
				</imgdir>
				<imgdir name="15">
					<int name="x1" value="859"/>
					<int name="y1" value="138"/>
					<int name="x2" value="878"/>
					<int name="y2" value="133"/>
					<int name="prev" value="14"/>
					<int name="next" value="16"/>
					<int name="piece" value="0"/>
				</imgdir>
				<imgdir name="16">
					<int name="x1" value="878"/>
					<int name="y1" value="133"/>
					<int name="x2" value="916"/>
					<int name="y2" value="129"/>
					<int name="prev" value="15"/>
					<int name="next" value="17"/>
					<int name="piece" value="0"/>
				</imgdir>
				<imgdir name="17">
					<int name="x1" value="916"/>
					<int name="y1" value="129"/>
					<int name="x2" value="1001"/>
					<int name="y2" value="126"/>
					<int name="prev" value="16"/>
					<int name="next" value="0"/>
					<int name="piece" value="0"/>
				</imgdir>
			</imgdir>
			<imgdir name="1">
				<imgdir name="18">
					<int name="x1" value="-999"/>
					<int name="y1" value="126"/>
					<int name="x2" value="-961"/>
					<int name="y2" value="129"/>
					<int name="prev" value="0"/>
					<int name="next" value="19"/>
					<int name="piece" value="1"/>
				</imgdir>
				<imgdir name="19">
					<int name="x1" value="-961"/>
					<int name="y1" value="129"/>
					<int name="x2" value="-913"/>
					<int name="y2" value="130"/>
					<int name="prev" value="18"/>
					<int name="next" value="20"/>
					<int name="piece" value="1"/>
				</imgdir>
				<imgdir name="20">
					<int name="x1" value="-913"/>
					<int name="y1" value="130"/>
					<int name="x2" value="-714"/>
					<int name="y2" value="143"/>
					<int name="prev" value="19"/>
					<int name="next" value="21"/>
					<int name="piece" value="1"/>
				</imgdir>
				<imgdir name="21">
					<int name="x1" value="-714"/>
					<int name="y1" value="143"/>
					<int name="x2" value="-630"/>
					<int name="y2" value="149"/>
					<int name="prev" value="20"/>
					<int name="next" value="22"/>
					<int name="piece" value="1"/>
				</imgdir>
				<imgdir name="22">
					<int name="x1" value="-630"/>
					<int name="y1" value="149"/>
					<int name="x2" value="-536"/>
					<int name="y2" value="135"/>
					<int name="prev" value="21"/>
					<int name="next" value="23"/>
					<int name="piece" value="1"/>
				</imgdir>
				<imgdir name="23">
					<int name="x1" value="-536"/>
					<int name="y1" value="135"/>
					<int name="x2" value="-498"/>
					<int name="y2" value="133"/>
					<int name="prev" value="22"/>
					<int name="next" value="24"/>
					<int name="piece" value="1"/>
				</imgdir>
				<imgdir name="24">
					<int name="x1" value="-498"/>
					<int name="y1" value="133"/>
					<int name="x2" value="-452"/>
					<int name="y2" value="130"/>
					<int name="prev" value="23"/>
					<int name="next" value="25"/>
					<int name="piece" value="1"/>
				</imgdir>
				<imgdir name="25">
					<int name="x1" value="-452"/>
					<int name="y1" value="130"/>
					<int name="x2" value="-413"/>
					<int name="y2" value="133"/>
					<int name="prev" value="24"/>
					<int name="next" value="26"/>
					<int name="piece" value="1"/>
				</imgdir>
				<imgdir name="26">
					<int name="x1" value="-413"/>
					<int name="y1" value="133"/>
					<int name="x2" value="-370"/>
					<int name="y2" value="133"/>
					<int name="prev" value="25"/>
					<int name="next" value="27"/>
					<int name="piece" value="1"/>
				</imgdir>
				<imgdir name="27">
					<int name="x1" value="-370"/>
					<int name="y1" value="133"/>
					<int name="x2" value="-305"/>
					<int name="y2" value="139"/>
					<int name="prev" value="26"/>
					<int name="next" value="28"/>
					<int name="piece" value="1"/>
				</imgdir>
				<imgdir name="28">
					<int name="x1" value="-305"/>
					<int name="y1" value="139"/>
					<int name="x2" value="-243"/>
					<int name="y2" value="141"/>
					<int name="prev" value="27"/>
					<int name="next" value="29"/>
					<int name="piece" value="1"/>
				</imgdir>
				<imgdir name="29">
					<int name="x1" value="-243"/>
					<int name="y1" value="141"/>
					<int name="x2" value="-141"/>
					<int name="y2" value="138"/>
					<int name="prev" value="28"/>
					<int name="next" value="30"/>
					<int name="piece" value="1"/>
				</imgdir>
				<imgdir name="30">
					<int name="x1" value="-141"/>
					<int name="y1" value="138"/>
					<int name="x2" value="-122"/>
					<int name="y2" value="133"/>
					<int name="prev" value="29"/>
					<int name="next" value="31"/>
					<int name="piece" value="1"/>
				</imgdir>
				<imgdir name="31">
					<int name="x1" value="-122"/>
					<int name="y1" value="133"/>
					<int name="x2" value="-84"/>
					<int name="y2" value="129"/>
					<int name="prev" value="30"/>
					<int name="next" value="32"/>
					<int name="piece" value="1"/>
				</imgdir>
				<imgdir name="32">
					<int name="x1" value="-84"/>
					<int name="y1" value="129"/>
					<int name="x2" value="1"/>
					<int name="y2" value="126"/>
					<int name="prev" value="31"/>
					<int name="next" value="3"/>
					<int name="piece" value="1"/>
				</imgdir>
			</imgdir>
		</imgdir>
	</imgdir>
	<imgdir name="ladderRope">
	</imgdir>
	<imgdir name="miniMap">
		<canvas name="canvas" width="1" height="1">
			<string name="_hash" value="894deb4ffe3a4585931f5f0c6a98a6c7880b054deff65bef7bc3c29a51176895"/>
			<string name="_outlink" value="Map/Map/Map9/910143003.img/miniMap/canvas"/>
		</canvas>
		<int name="width" value="2000"/>
		<int name="height" value="999"/>
		<int name="centerX" value="1000"/>
		<int name="centerY" value="699"/>
		<int name="mag" value="4"/>
	</imgdir>
	<imgdir name="portal">
		<imgdir name="0">
			<string name="pn" value="sp"/>
			<int name="pt" value="0"/>
			<int name="x" value="0"/>
			<int name="y" value="0"/>
			<int name="tm" value="999999999"/>
			<string name="tn" value=""/>
			<int name="horizontalImpact" value="0"/>
		</imgdir>
		<imgdir name="1">
			<string name="pn" value="out00"/>
			<int name="pt" value="2"/>
			<int name="x" value="-864"/>
			<int name="y" value="59"/>
			<int name="tm" value="101081300"/>
			<string name="tn" value="in00"/>
			<int name="horizontalImpact" value="0"/>
		</imgdir>
		<imgdir name="2">
			<string name="pn" value="east00"/>
			<int name="pt" value="2"/>
			<int name="x" value="836"/>
			<int name="y" value="138"/>
			<int name="tm" value="101082100"/>
			<string name="tn" value="west00"/>
			<int name="horizontalImpact" value="0"/>
			<string name="script" value="pt_101082000"/>
		</imgdir>
		<imgdir name="3">
			<string name="pn" value="tp"/>
			<int name="pt" value="6"/>
			<int name="x" value="-586"/>
			<int name="y" value="120"/>
			<int name="tm" value="999999999"/>
			<string name="tn" value=""/>
			<int name="horizontalImpact" value="0"/>
		</imgdir>
		<imgdir name="4">
			<string name="pn" value="tp"/>
			<int name="pt" value="6"/>
			<int name="x" value="-388"/>
			<int name="y" value="117"/>
			<int name="tm" value="999999999"/>
			<string name="tn" value=""/>
			<int name="horizontalImpact" value="0"/>
		</imgdir>
		<imgdir name="5">
			<string name="pn" value="tp"/>
			<int name="pt" value="6"/>
			<int name="x" value="-182"/>
			<int name="y" value="122"/>
			<int name="tm" value="999999999"/>
			<string name="tn" value=""/>
			<int name="horizontalImpact" value="0"/>
		</imgdir>
		<imgdir name="6">
			<string name="pn" value="tp"/>
			<int name="pt" value="6"/>
			<int name="x" value="229"/>
			<int name="y" value="112"/>
			<int name="tm" value="999999999"/>
			<string name="tn" value=""/>
			<int name="horizontalImpact" value="0"/>
		</imgdir>
		<imgdir name="7">
			<string name="pn" value="tp"/>
			<int name="pt" value="6"/>
			<int name="x" value="458"/>
			<int name="y" value="114"/>
			<int name="tm" value="999999999"/>
			<string name="tn" value=""/>
			<int name="horizontalImpact" value="0"/>
		</imgdir>
		<imgdir name="8">
			<string name="pn" value="tp"/>
			<int name="pt" value="6"/>
			<int name="x" value="676"/>
			<int name="y" value="113"/>
			<int name="tm" value="999999999"/>
			<string name="tn" value=""/>
			<int name="horizontalImpact" value="0"/>
		</imgdir>
	</imgdir>
</imgdir>