<?xml version="1.0" encoding="UTF-8" standalone="yes"?>
<imgdir name="101081000.img">
	<imgdir name="info">
		<int name="version" value="10"/>
		<int name="cloud" value="0"/>
		<int name="town" value="0"/>
		<int name="swim" value="0"/>
		<int name="returnMap" value="101080900"/>
		<int name="forcedReturn" value="999999999"/>
		<float name="mobRate" value="1.0"/>
		<string name="bgm" value="Bgm51/SecretElodin"/>
		<string name="mapMark" value="Elodin"/>
		<int name="fly" value="0"/>
		<int name="standAlone" value="0"/>
		<int name="partyStandAlone" value="0"/>
		<int name="quarterView" value="0"/>
		<int name="noMapCmd" value="0"/>
		<int name="hideMinimap" value="0"/>
		<int name="fieldLimit" value="0"/>
		<string name="AmbientBGM" value=""/>
		<int name="AmbientBGMv" value="100"/>
		<int name="VRTop" value="-640"/>
		<int name="VRLeft" value="-1080"/>
		<int name="VRBottom" value="300"/>
		<int name="VRRight" value="1080"/>
		<string name="fieldScript" value=""/>
		<string name="onFirstUserEnter" value=""/>
		<string name="onUserEnter" value="enter_Elodin"/>
		<int name="MRLeft" value="-1080"/>
		<int name="MRTop" value="-640"/>
		<int name="MRRight" value="1080"/>
		<int name="MRBottom" value="300"/>
		<int name="individualMobPool" value="1"/>
	</imgdir>
	<imgdir name="back">
		<imgdir name="0">
			<string name="bS" value="elodin_forest1"/>
			<int name="front" value="0"/>
			<int name="ani" value="0"/>
			<int name="no" value="0"/>
			<int name="f" value="0"/>
			<int name="w" value="0"/>
			<int name="x" value="0"/>
			<int name="y" value="0"/>
			<int name="rx" value="0"/>
			<int name="ry" value="0"/>
			<int name="wx" value="0"/>
			<int name="wy" value="0"/>
			<int name="type" value="3"/>
			<int name="cx" value="70"/>
			<int name="cy" value="200"/>
			<int name="a" value="255"/>
			<string name="backTags" value=""/>
		</imgdir>
		<imgdir name="1">
			<string name="bS" value="elodin_forest1"/>
			<int name="front" value="0"/>
			<int name="ani" value="0"/>
			<int name="no" value="1"/>
			<int name="f" value="0"/>
			<int name="w" value="0"/>
			<int name="x" value="0"/>
			<int name="y" value="-100"/>
			<int name="rx" value="0"/>
			<int name="ry" value="-65"/>
			<int name="wx" value="0"/>
			<int name="wy" value="0"/>
			<int name="type" value="1"/>
			<int name="cx" value="70"/>
			<int name="cy" value="0"/>
			<int name="a" value="255"/>
			<string name="backTags" value=""/>
		</imgdir>
		<imgdir name="2">
			<string name="bS" value="elodin_forest1"/>
			<int name="front" value="0"/>
			<int name="ani" value="0"/>
			<int name="no" value="2"/>
			<int name="f" value="0"/>
			<int name="w" value="0"/>
			<int name="x" value="0"/>
			<int name="y" value="254"/>
			<int name="rx" value="0"/>
			<int name="ry" value="-65"/>
			<int name="wx" value="0"/>
			<int name="wy" value="0"/>
			<int name="type" value="1"/>
			<int name="cx" value="70"/>
			<int name="cy" value="0"/>
			<int name="a" value="255"/>
			<string name="backTags" value=""/>
		</imgdir>
		<imgdir name="3">
			<string name="bS" value="elodin_forest1"/>
			<int name="front" value="0"/>
			<int name="ani" value="0"/>
			<int name="no" value="3"/>
			<int name="f" value="0"/>
			<int name="w" value="0"/>
			<int name="x" value="466"/>
			<int name="y" value="-344"/>
			<int name="rx" value="-50"/>
			<int name="ry" value="-70"/>
			<int name="wx" value="0"/>
			<int name="wy" value="0"/>
			<int name="type" value="1"/>
			<int name="cx" value="100"/>
			<int name="cy" value="0"/>
			<int name="a" value="255"/>
			<string name="backTags" value=""/>
		</imgdir>
		<imgdir name="4">
			<string name="bS" value="elodin_forest1"/>
			<int name="front" value="0"/>
			<int name="ani" value="0"/>
			<int name="no" value="4"/>
			<int name="f" value="0"/>
			<int name="w" value="0"/>
			<int name="x" value="158"/>
			<int name="y" value="-309"/>
			<int name="rx" value="-60"/>
			<int name="ry" value="-80"/>
			<int name="wx" value="0"/>
			<int name="wy" value="0"/>
			<int name="type" value="1"/>
			<int name="cx" value="300"/>
			<int name="cy" value="0"/>
			<int name="a" value="255"/>
			<string name="backTags" value=""/>
		</imgdir>
		<imgdir name="5">
			<string name="bS" value="elodin_forest1"/>
			<int name="front" value="0"/>
			<int name="ani" value="0"/>
			<int name="no" value="5"/>
			<int name="f" value="0"/>
			<int name="w" value="0"/>
			<int name="x" value="544"/>
			<int name="y" value="-318"/>
			<int name="rx" value="-70"/>
			<int name="ry" value="-83"/>
			<int name="wx" value="0"/>
			<int name="wy" value="0"/>
			<int name="type" value="1"/>
			<int name="cx" value="600"/>
			<int name="cy" value="0"/>
			<int name="a" value="255"/>
			<string name="backTags" value=""/>
		</imgdir>
		<imgdir name="6">
			<string name="bS" value="elodin_forest1"/>
			<int name="front" value="0"/>
			<int name="ani" value="0"/>
			<int name="no" value="6"/>
			<int name="f" value="0"/>
			<int name="w" value="0"/>
			<int name="x" value="248"/>
			<int name="y" value="-316"/>
			<int name="rx" value="-70"/>
			<int name="ry" value="-83"/>
			<int name="wx" value="0"/>
			<int name="wy" value="0"/>
			<int name="type" value="1"/>
			<int name="cx" value="550"/>
			<int name="cy" value="0"/>
			<int name="a" value="255"/>
			<string name="backTags" value=""/>
		</imgdir>
		<imgdir name="7">
			<string name="bS" value="elodin_forest1"/>
			<int name="front" value="0"/>
			<int name="ani" value="0"/>
			<int name="no" value="7"/>
			<int name="f" value="0"/>
			<int name="w" value="0"/>
			<int name="x" value="26"/>
			<int name="y" value="126"/>
			<int name="rx" value="-75"/>
			<int name="ry" value="-85"/>
			<int name="wx" value="0"/>
			<int name="wy" value="0"/>
			<int name="type" value="1"/>
			<int name="cx" value="377"/>
			<int name="cy" value="0"/>
			<int name="a" value="255"/>
			<string name="backTags" value=""/>
		</imgdir>
		<imgdir name="8">
			<string name="bS" value="elodin_forest1"/>
			<int name="front" value="0"/>
			<int name="ani" value="0"/>
			<int name="no" value="8"/>
			<int name="f" value="0"/>
			<int name="w" value="0"/>
			<int name="x" value="183"/>
			<int name="y" value="-263"/>
			<int name="rx" value="-80"/>
			<int name="ry" value="-87"/>
			<int name="wx" value="0"/>
			<int name="wy" value="0"/>
			<int name="type" value="1"/>
			<int name="cx" value="1200"/>
			<int name="cy" value="0"/>
			<int name="a" value="255"/>
			<string name="backTags" value=""/>
		</imgdir>
		<imgdir name="9">
			<string name="bS" value="elodin_forest1"/>
			<int name="front" value="0"/>
			<int name="ani" value="0"/>
			<int name="no" value="9"/>
			<int name="f" value="0"/>
			<int name="w" value="0"/>
			<int name="x" value="782"/>
			<int name="y" value="-253"/>
			<int name="rx" value="-80"/>
			<int name="ry" value="-87"/>
			<int name="wx" value="0"/>
			<int name="wy" value="0"/>
			<int name="type" value="1"/>
			<int name="cx" value="1200"/>
			<int name="cy" value="0"/>
			<int name="a" value="255"/>
			<string name="backTags" value=""/>
		</imgdir>
		<imgdir name="11">
			<string name="bS" value="elodin_forest1"/>
			<int name="front" value="0"/>
			<int name="ani" value="0"/>
			<int name="no" value="12"/>
			<int name="f" value="0"/>
			<int name="w" value="0"/>
			<int name="x" value="-775"/>
			<int name="y" value="-271"/>
			<int name="rx" value="-95"/>
			<int name="ry" value="-95"/>
			<int name="wx" value="0"/>
			<int name="wy" value="0"/>
			<int name="type" value="0"/>
			<int name="cx" value="0"/>
			<int name="cy" value="0"/>
			<int name="a" value="255"/>
			<string name="backTags" value=""/>
		</imgdir>
		<imgdir name="12">
			<string name="bS" value="elodin_forest1"/>
			<int name="front" value="0"/>
			<int name="ani" value="0"/>
			<int name="no" value="14"/>
			<int name="f" value="0"/>
			<int name="w" value="0"/>
			<int name="x" value="608"/>
			<int name="y" value="-221"/>
			<int name="rx" value="-95"/>
			<int name="ry" value="-95"/>
			<int name="wx" value="0"/>
			<int name="wy" value="0"/>
			<int name="type" value="0"/>
			<int name="cx" value="0"/>
			<int name="cy" value="0"/>
			<int name="a" value="255"/>
			<string name="backTags" value=""/>
		</imgdir>
		<imgdir name="13">
			<string name="bS" value="elodin_forest1"/>
			<int name="front" value="1"/>
			<int name="ani" value="1"/>
			<int name="no" value="0"/>
			<int name="f" value="0"/>
			<int name="w" value="0"/>
			<int name="x" value="-328"/>
			<int name="y" value="-492"/>
			<int name="rx" value="-95"/>
			<int name="ry" value="-95"/>
			<int name="wx" value="0"/>
			<int name="wy" value="0"/>
			<int name="type" value="0"/>
			<int name="cx" value="0"/>
			<int name="cy" value="0"/>
			<int name="a" value="255"/>
			<string name="backTags" value=""/>
		</imgdir>
		<imgdir name="15">
			<string name="bS" value="elodin_forest1"/>
			<int name="front" value="1"/>
			<int name="ani" value="0"/>
			<int name="no" value="25"/>
			<int name="f" value="0"/>
			<int name="w" value="0"/>
			<int name="x" value="-760"/>
			<int name="y" value="230"/>
			<int name="rx" value="-90"/>
			<int name="ry" value="-85"/>
			<int name="wx" value="0"/>
			<int name="wy" value="0"/>
			<int name="type" value="1"/>
			<int name="cx" value="850"/>
			<int name="cy" value="0"/>
			<int name="a" value="255"/>
			<string name="backTags" value=""/>
		</imgdir>
		<imgdir name="16">
			<string name="bS" value="elodin_forest1"/>
			<int name="front" value="1"/>
			<int name="ani" value="0"/>
			<int name="no" value="28"/>
			<int name="f" value="0"/>
			<int name="w" value="0"/>
			<int name="x" value="-559"/>
			<int name="y" value="279"/>
			<int name="rx" value="-90"/>
			<int name="ry" value="-85"/>
			<int name="wx" value="0"/>
			<int name="wy" value="0"/>
			<int name="type" value="1"/>
			<int name="cx" value="250"/>
			<int name="cy" value="0"/>
			<int name="a" value="255"/>
			<string name="backTags" value=""/>
		</imgdir>
		<imgdir name="17">
			<string name="bS" value="elodin_forest1"/>
			<int name="front" value="1"/>
			<int name="ani" value="0"/>
			<int name="no" value="27"/>
			<int name="f" value="0"/>
			<int name="w" value="0"/>
			<int name="x" value="-998"/>
			<int name="y" value="268"/>
			<int name="rx" value="-90"/>
			<int name="ry" value="-85"/>
			<int name="wx" value="0"/>
			<int name="wy" value="0"/>
			<int name="type" value="1"/>
			<int name="cx" value="250"/>
			<int name="cy" value="0"/>
			<int name="a" value="255"/>
			<string name="backTags" value=""/>
		</imgdir>
		<imgdir name="14">
			<string name="bS" value="elodin_forest1"/>
			<int name="front" value="1"/>
			<int name="ani" value="1"/>
			<int name="no" value="0"/>
			<int name="f" value="0"/>
			<int name="w" value="0"/>
			<int name="x" value="425"/>
			<int name="y" value="-481"/>
			<int name="rx" value="-95"/>
			<int name="ry" value="-95"/>
			<int name="wx" value="0"/>
			<int name="wy" value="0"/>
			<int name="type" value="0"/>
			<int name="cx" value="0"/>
			<int name="cy" value="0"/>
			<int name="a" value="255"/>
			<string name="backTags" value=""/>
		</imgdir>
		<imgdir name="10">
			<string name="bS" value="elodin_forest1"/>
			<int name="front" value="0"/>
			<int name="ani" value="0"/>
			<int name="no" value="11"/>
			<int name="f" value="0"/>
			<int name="w" value="0"/>
			<int name="x" value="-620"/>
			<int name="y" value="169"/>
			<int name="rx" value="-90"/>
			<int name="ry" value="-90"/>
			<int name="wx" value="0"/>
			<int name="wy" value="0"/>
			<int name="type" value="1"/>
			<int name="cx" value="540"/>
			<int name="cy" value="0"/>
			<int name="a" value="255"/>
			<string name="backTags" value=""/>
		</imgdir>
	</imgdir>
	<imgdir name="life">
		<imgdir name="0">
			<string name="type" value="m"/>
			<string name="id" value="3501100"/>
			<int name="x" value="-680"/>
			<int name="y" value="135"/>
			<int name="mobTime" value="0"/>
			<int name="f" value="0"/>
			<int name="hide" value="0"/>
			<int name="fh" value="1"/>
			<int name="cy" value="149"/>
			<int name="rx0" value="-1060"/>
			<int name="rx1" value="-20"/>
		</imgdir>
		<imgdir name="1">
			<string name="type" value="m"/>
			<string name="id" value="3501100"/>
			<int name="x" value="-453"/>
			<int name="y" value="128"/>
			<int name="mobTime" value="0"/>
			<int name="f" value="0"/>
			<int name="hide" value="0"/>
			<int name="fh" value="1"/>
			<int name="cy" value="149"/>
			<int name="rx0" value="-1060"/>
			<int name="rx1" value="-20"/>
		</imgdir>
		<imgdir name="2">
			<string name="type" value="m"/>
			<string name="id" value="3501100"/>
			<int name="x" value="-237"/>
			<int name="y" value="125"/>
			<int name="mobTime" value="0"/>
			<int name="f" value="0"/>
			<int name="hide" value="0"/>
			<int name="fh" value="1"/>
			<int name="cy" value="149"/>
			<int name="rx0" value="-1060"/>
			<int name="rx1" value="-20"/>
		</imgdir>
		<imgdir name="3">
			<string name="type" value="m"/>
			<string name="id" value="3501100"/>
			<int name="x" value="-42"/>
			<int name="y" value="125"/>
			<int name="mobTime" value="0"/>
			<int name="f" value="0"/>
			<int name="hide" value="0"/>
			<int name="fh" value="1"/>
			<int name="cy" value="149"/>
			<int name="rx0" value="-1060"/>
			<int name="rx1" value="-20"/>
		</imgdir>
		<imgdir name="4">
			<string name="type" value="m"/>
			<string name="id" value="3501100"/>
			<int name="x" value="150"/>
			<int name="y" value="120"/>
			<int name="mobTime" value="0"/>
			<int name="f" value="0"/>
			<int name="hide" value="0"/>
			<int name="fh" value="2"/>
			<int name="cy" value="149"/>
			<int name="rx0" value="20"/>
			<int name="rx1" value="1060"/>
		</imgdir>
		<imgdir name="5">
			<string name="type" value="m"/>
			<string name="id" value="3501100"/>
			<int name="x" value="334"/>
			<int name="y" value="124"/>
			<int name="mobTime" value="0"/>
			<int name="f" value="0"/>
			<int name="hide" value="0"/>
			<int name="fh" value="2"/>
			<int name="cy" value="149"/>
			<int name="rx0" value="20"/>
			<int name="rx1" value="1060"/>
		</imgdir>
		<imgdir name="6">
			<string name="type" value="m"/>
			<string name="id" value="3501100"/>
			<int name="x" value="524"/>
			<int name="y" value="122"/>
			<int name="mobTime" value="0"/>
			<int name="f" value="0"/>
			<int name="hide" value="0"/>
			<int name="fh" value="2"/>
			<int name="cy" value="149"/>
			<int name="rx0" value="20"/>
			<int name="rx1" value="1060"/>
		</imgdir>
		<imgdir name="7">
			<string name="type" value="m"/>
			<string name="id" value="3501100"/>
			<int name="x" value="733"/>
			<int name="y" value="126"/>
			<int name="mobTime" value="0"/>
			<int name="f" value="0"/>
			<int name="hide" value="0"/>
			<int name="fh" value="2"/>
			<int name="cy" value="149"/>
			<int name="rx0" value="20"/>
			<int name="rx1" value="1060"/>
		</imgdir>
		<imgdir name="8">
			<string name="type" value="m"/>
			<string name="id" value="3501100"/>
			<int name="x" value="631"/>
			<int name="y" value="-123"/>
			<int name="mobTime" value="0"/>
			<int name="f" value="0"/>
			<int name="hide" value="0"/>
			<int name="fh" value="9"/>
			<int name="cy" value="-94"/>
			<int name="rx0" value="491"/>
			<int name="rx1" value="631"/>
		</imgdir>
		<imgdir name="9">
			<string name="type" value="m"/>
			<string name="id" value="3501100"/>
			<int name="x" value="-1040"/>
			<int name="y" value="-285"/>
			<int name="mobTime" value="0"/>
			<int name="f" value="0"/>
			<int name="hide" value="0"/>
			<int name="fh" value="11"/>
			<int name="cy" value="-249"/>
			<int name="rx0" value="-1060"/>
			<int name="rx1" value="-930"/>
		</imgdir>
		<imgdir name="10">
			<string name="type" value="m"/>
			<string name="id" value="3501101"/>
			<int name="x" value="-617"/>
			<int name="y" value="-123"/>
			<int name="mobTime" value="0"/>
			<int name="f" value="0"/>
			<int name="hide" value="0"/>
			<int name="fh" value="4"/>
			<int name="cy" value="-94"/>
			<int name="rx0" value="-619"/>
			<int name="rx1" value="-489"/>
		</imgdir>
		<imgdir name="11">
			<string name="type" value="m"/>
			<string name="id" value="3501101"/>
			<int name="x" value="709"/>
			<int name="y" value="-119"/>
			<int name="mobTime" value="0"/>
			<int name="f" value="0"/>
			<int name="hide" value="0"/>
			<int name="fh" value="10"/>
			<int name="cy" value="-94"/>
			<int name="rx0" value="660"/>
			<int name="rx1" value="790"/>
		</imgdir>
		<imgdir name="12">
			<string name="type" value="m"/>
			<string name="id" value="3501101"/>
			<int name="x" value="1034"/>
			<int name="y" value="-284"/>
			<int name="mobTime" value="0"/>
			<int name="f" value="0"/>
			<int name="hide" value="0"/>
			<int name="fh" value="14"/>
			<int name="cy" value="-249"/>
			<int name="rx0" value="930"/>
			<int name="rx1" value="1059"/>
		</imgdir>
		<imgdir name="13">
			<string name="type" value="m"/>
			<string name="id" value="3501100"/>
			<int name="x" value="-708"/>
			<int name="y" value="-115"/>
			<int name="mobTime" value="0"/>
			<int name="f" value="0"/>
			<int name="hide" value="0"/>
			<int name="fh" value="3"/>
			<int name="cy" value="-94"/>
			<int name="rx0" value="-789"/>
			<int name="rx1" value="-659"/>
		</imgdir>
		<imgdir name="14">
			<string name="type" value="m"/>
			<string name="id" value="3501101"/>
			<int name="x" value="-238"/>
			<int name="y" value="-272"/>
			<int name="mobTime" value="0"/>
			<int name="f" value="0"/>
			<int name="hide" value="0"/>
			<int name="fh" value="16"/>
			<int name="cy" value="-249"/>
			<int name="rx0" value="-308"/>
			<int name="rx1" value="-179"/>
		</imgdir>
		<imgdir name="15">
			<string name="type" value="m"/>
			<string name="id" value="3501101"/>
			<int name="x" value="-78"/>
			<int name="y" value="-270"/>
			<int name="mobTime" value="0"/>
			<int name="f" value="0"/>
			<int name="hide" value="0"/>
			<int name="fh" value="17"/>
			<int name="cy" value="-249"/>
			<int name="rx0" value="-139"/>
			<int name="rx1" value="-9"/>
		</imgdir>
		<imgdir name="16">
			<string name="type" value="m"/>
			<string name="id" value="3501101"/>
			<int name="x" value="11"/>
			<int name="y" value="-273"/>
			<int name="mobTime" value="0"/>
			<int name="f" value="0"/>
			<int name="hide" value="0"/>
			<int name="fh" value="17"/>
			<int name="cy" value="-249"/>
			<int name="rx0" value="-139"/>
			<int name="rx1" value="11"/>
		</imgdir>
		<imgdir name="17">
			<string name="type" value="m"/>
			<string name="id" value="3501101"/>
			<int name="x" value="247"/>
			<int name="y" value="-272"/>
			<int name="mobTime" value="0"/>
			<int name="f" value="0"/>
			<int name="hide" value="0"/>
			<int name="fh" value="19"/>
			<int name="cy" value="-249"/>
			<int name="rx0" value="201"/>
			<int name="rx1" value="331"/>
		</imgdir>
		<imgdir name="18">
			<string name="type" value="m"/>
			<string name="id" value="3501101"/>
			<int name="x" value="-533"/>
			<int name="y" value="-433"/>
			<int name="mobTime" value="0"/>
			<int name="f" value="0"/>
			<int name="hide" value="0"/>
			<int name="fh" value="27"/>
			<int name="cy" value="-414"/>
			<int name="rx0" value="-590"/>
			<int name="rx1" value="-460"/>
		</imgdir>
		<imgdir name="19">
			<string name="type" value="m"/>
			<string name="id" value="3501101"/>
			<int name="x" value="-684"/>
			<int name="y" value="-437"/>
			<int name="mobTime" value="0"/>
			<int name="f" value="0"/>
			<int name="hide" value="0"/>
			<int name="fh" value="26"/>
			<int name="cy" value="-414"/>
			<int name="rx0" value="-759"/>
			<int name="rx1" value="-630"/>
		</imgdir>
		<imgdir name="20">
			<string name="type" value="m"/>
			<string name="id" value="3501101"/>
			<int name="x" value="532"/>
			<int name="y" value="-432"/>
			<int name="mobTime" value="0"/>
			<int name="f" value="0"/>
			<int name="hide" value="0"/>
			<int name="fh" value="28"/>
			<int name="cy" value="-414"/>
			<int name="rx0" value="478"/>
			<int name="rx1" value="608"/>
		</imgdir>
		<imgdir name="21">
			<string name="type" value="m"/>
			<string name="id" value="3501101"/>
			<int name="x" value="620"/>
			<int name="y" value="-435"/>
			<int name="mobTime" value="0"/>
			<int name="f" value="0"/>
			<int name="hide" value="0"/>
			<int name="fh" value="28"/>
			<int name="cy" value="-414"/>
			<int name="rx0" value="478"/>
			<int name="rx1" value="620"/>
		</imgdir>
		<imgdir name="22">
			<string name="type" value="m"/>
			<string name="id" value="3501101"/>
			<int name="x" value="-604"/>
			<int name="y" value="-437"/>
			<int name="mobTime" value="0"/>
			<int name="f" value="0"/>
			<int name="hide" value="0"/>
			<int name="fh" value="27"/>
			<int name="cy" value="-414"/>
			<int name="rx0" value="-604"/>
			<int name="rx1" value="-460"/>
		</imgdir>
		<imgdir name="23">
			<string name="type" value="m"/>
			<string name="id" value="3501101"/>
			<int name="x" value="-539"/>
			<int name="y" value="-117"/>
			<int name="mobTime" value="0"/>
			<int name="f" value="0"/>
			<int name="hide" value="0"/>
			<int name="fh" value="4"/>
			<int name="cy" value="-94"/>
			<int name="rx0" value="-619"/>
			<int name="rx1" value="-489"/>
		</imgdir>
		<imgdir name="24">
			<string name="type" value="m"/>
			<string name="id" value="3501101"/>
			<int name="x" value="93"/>
			<int name="y" value="-273"/>
			<int name="mobTime" value="0"/>
			<int name="f" value="0"/>
			<int name="hide" value="0"/>
			<int name="fh" value="18"/>
			<int name="cy" value="-249"/>
			<int name="rx0" value="31"/>
			<int name="rx1" value="161"/>
		</imgdir>
		<imgdir name="25">
			<string name="type" value="m"/>
			<string name="id" value="3501101"/>
			<int name="x" value="705"/>
			<int name="y" value="-431"/>
			<int name="mobTime" value="0"/>
			<int name="f" value="0"/>
			<int name="hide" value="0"/>
			<int name="fh" value="29"/>
			<int name="cy" value="-414"/>
			<int name="rx0" value="648"/>
			<int name="rx1" value="778"/>
		</imgdir>
		<imgdir name="26">
			<string name="type" value="m"/>
			<string name="id" value="3501101"/>
			<int name="x" value="709"/>
			<int name="y" value="-119"/>
			<int name="mobTime" value="0"/>
			<int name="f" value="0"/>
			<int name="hide" value="0"/>
			<int name="fh" value="10"/>
			<int name="cy" value="-94"/>
			<int name="rx0" value="660"/>
			<int name="rx1" value="790"/>
		</imgdir>
		<imgdir name="27">
			<string name="type" value="m"/>
			<string name="id" value="3501100"/>
			<int name="x" value="544"/>
			<int name="y" value="-117"/>
			<int name="mobTime" value="0"/>
			<int name="f" value="0"/>
			<int name="hide" value="0"/>
			<int name="fh" value="9"/>
			<int name="cy" value="-94"/>
			<int name="rx0" value="491"/>
			<int name="rx1" value="620"/>
		</imgdir>
		<imgdir name="28">
			<string name="type" value="m"/>
			<string name="id" value="3501100"/>
			<int name="x" value="-974"/>
			<int name="y" value="-274"/>
			<int name="mobTime" value="0"/>
			<int name="f" value="0"/>
			<int name="hide" value="0"/>
			<int name="fh" value="11"/>
			<int name="cy" value="-249"/>
			<int name="rx0" value="-1060"/>
			<int name="rx1" value="-930"/>
		</imgdir>
		<imgdir name="29">
			<string name="type" value="m"/>
			<string name="id" value="3501101"/>
			<int name="x" value="965"/>
			<int name="y" value="-274"/>
			<int name="mobTime" value="0"/>
			<int name="f" value="0"/>
			<int name="hide" value="0"/>
			<int name="fh" value="14"/>
			<int name="cy" value="-249"/>
			<int name="rx0" value="930"/>
			<int name="rx1" value="1059"/>
		</imgdir>
	</imgdir>
	<imgdir name="reactor">
	</imgdir>
	<imgdir name="0">
		<imgdir name="info">
		</imgdir>
		<imgdir name="tile">
		</imgdir>
		<imgdir name="obj">
		</imgdir>
	</imgdir>
	<imgdir name="1">
		<imgdir name="info">
		</imgdir>
		<imgdir name="tile">
		</imgdir>
		<imgdir name="obj">
		</imgdir>
	</imgdir>
	<imgdir name="2">
		<imgdir name="info">
		</imgdir>
		<imgdir name="tile">
		</imgdir>
		<imgdir name="obj">
		</imgdir>
	</imgdir>
	<imgdir name="3">
		<imgdir name="info">
		</imgdir>
		<imgdir name="tile">
		</imgdir>
		<imgdir name="obj">
		</imgdir>
	</imgdir>
	<imgdir name="4">
		<imgdir name="info">
		</imgdir>
		<imgdir name="tile">
		</imgdir>
		<imgdir name="obj">
			<imgdir name="0">
				<string name="oS" value="elodin"/>
				<string name="l0" value="forest1"/>
				<string name="l1" value="tree"/>
				<string name="l2" value="3"/>
				<int name="x" value="-270"/>
				<int name="y" value="-231"/>
				<int name="z" value="9"/>
				<int name="f" value="0"/>
				<int name="zM" value="2"/>
				<int name="r" value="0"/>
				<int name="move" value="0"/>
				<int name="dynamic" value="0"/>
				<int name="piece" value="0"/>
			</imgdir>
			<imgdir name="1">
				<string name="oS" value="elodin"/>
				<string name="l0" value="forest1"/>
				<string name="l1" value="stone"/>
				<string name="l2" value="1"/>
				<int name="x" value="250"/>
				<int name="y" value="33"/>
				<int name="z" value="9"/>
				<int name="f" value="0"/>
				<int name="zM" value="3"/>
				<int name="r" value="0"/>
				<int name="move" value="0"/>
				<int name="dynamic" value="0"/>
				<int name="piece" value="1"/>
			</imgdir>
			<imgdir name="2">
				<string name="oS" value="elodin"/>
				<string name="l0" value="forest1"/>
				<string name="l1" value="stone"/>
				<string name="l2" value="2"/>
				<int name="x" value="-539"/>
				<int name="y" value="2"/>
				<int name="z" value="8"/>
				<int name="f" value="0"/>
				<int name="zM" value="2"/>
				<int name="r" value="0"/>
				<int name="move" value="0"/>
				<int name="dynamic" value="0"/>
				<int name="piece" value="2"/>
			</imgdir>
			<imgdir name="3">
				<string name="oS" value="elodin"/>
				<string name="l0" value="forest1"/>
				<string name="l1" value="tree"/>
				<string name="l2" value="1"/>
				<int name="x" value="-954"/>
				<int name="y" value="-82"/>
				<int name="z" value="9"/>
				<int name="f" value="0"/>
				<int name="zM" value="6"/>
				<int name="r" value="0"/>
				<int name="move" value="0"/>
				<int name="dynamic" value="0"/>
				<int name="piece" value="3"/>
			</imgdir>
			<imgdir name="4">
				<string name="oS" value="elodin"/>
				<string name="l0" value="forest1"/>
				<string name="l1" value="tree"/>
				<string name="l2" value="0"/>
				<int name="x" value="155"/>
				<int name="y" value="-63"/>
				<int name="z" value="8"/>
				<int name="f" value="0"/>
				<int name="zM" value="3"/>
				<int name="r" value="0"/>
				<int name="move" value="0"/>
				<int name="dynamic" value="0"/>
				<int name="piece" value="4"/>
			</imgdir>
			<imgdir name="5">
				<string name="oS" value="elodin"/>
				<string name="l0" value="forest1"/>
				<string name="l1" value="tree"/>
				<string name="l2" value="2"/>
				<int name="x" value="918"/>
				<int name="y" value="-127"/>
				<int name="z" value="9"/>
				<int name="f" value="0"/>
				<int name="zM" value="4"/>
				<int name="r" value="0"/>
				<int name="move" value="0"/>
				<int name="dynamic" value="0"/>
				<int name="piece" value="5"/>
			</imgdir>
			<imgdir name="6">
				<string name="oS" value="elodin"/>
				<string name="l0" value="forest1"/>
				<string name="l1" value="stone"/>
				<string name="l2" value="0"/>
				<int name="x" value="1056"/>
				<int name="y" value="81"/>
				<int name="z" value="9"/>
				<int name="f" value="0"/>
				<int name="zM" value="4"/>
				<int name="r" value="0"/>
				<int name="move" value="0"/>
				<int name="dynamic" value="0"/>
				<int name="piece" value="6"/>
			</imgdir>
			<imgdir name="7">
				<string name="oS" value="elodin"/>
				<string name="l0" value="forest1"/>
				<string name="l1" value="grass"/>
				<string name="l2" value="1"/>
				<int name="x" value="29"/>
				<int name="y" value="-74"/>
				<int name="z" value="9"/>
				<int name="f" value="0"/>
				<int name="zM" value="3"/>
				<int name="r" value="0"/>
				<int name="move" value="0"/>
				<int name="dynamic" value="0"/>
				<int name="piece" value="7"/>
			</imgdir>
			<imgdir name="8">
				<string name="oS" value="elodin"/>
				<string name="l0" value="forest1"/>
				<string name="l1" value="grass"/>
				<string name="l2" value="2"/>
				<int name="x" value="-866"/>
				<int name="y" value="80"/>
				<int name="z" value="9"/>
				<int name="f" value="0"/>
				<int name="zM" value="6"/>
				<int name="r" value="0"/>
				<int name="move" value="0"/>
				<int name="dynamic" value="0"/>
				<int name="piece" value="8"/>
			</imgdir>
			<imgdir name="9">
				<string name="oS" value="elodin"/>
				<string name="l0" value="forest1"/>
				<string name="l1" value="grass"/>
				<string name="l2" value="3"/>
				<int name="x" value="415"/>
				<int name="y" value="59"/>
				<int name="z" value="10"/>
				<int name="f" value="0"/>
				<int name="zM" value="3"/>
				<int name="r" value="0"/>
				<int name="move" value="0"/>
				<int name="dynamic" value="0"/>
				<int name="piece" value="9"/>
			</imgdir>
			<imgdir name="10">
				<string name="oS" value="elodin"/>
				<string name="l0" value="forest1"/>
				<string name="l1" value="grass"/>
				<string name="l2" value="0"/>
				<int name="x" value="519"/>
				<int name="y" value="-135"/>
				<int name="z" value="9"/>
				<int name="f" value="0"/>
				<int name="zM" value="34"/>
				<int name="r" value="0"/>
				<int name="move" value="0"/>
				<int name="dynamic" value="0"/>
				<int name="piece" value="10"/>
			</imgdir>
			<imgdir name="11">
				<string name="oS" value="elodin"/>
				<string name="l0" value="forest1"/>
				<string name="l1" value="grass"/>
				<string name="l2" value="1"/>
				<int name="x" value="732"/>
				<int name="y" value="-445"/>
				<int name="z" value="9"/>
				<int name="f" value="0"/>
				<int name="zM" value="63"/>
				<int name="r" value="0"/>
				<int name="move" value="0"/>
				<int name="dynamic" value="0"/>
				<int name="piece" value="11"/>
			</imgdir>
			<imgdir name="12">
				<string name="oS" value="elodin"/>
				<string name="l0" value="forest1"/>
				<string name="l1" value="grass"/>
				<string name="l2" value="1"/>
				<int name="x" value="-647"/>
				<int name="y" value="-120"/>
				<int name="z" value="9"/>
				<int name="f" value="0"/>
				<int name="zM" value="2"/>
				<int name="r" value="0"/>
				<int name="move" value="0"/>
				<int name="dynamic" value="0"/>
				<int name="piece" value="12"/>
			</imgdir>
			<imgdir name="13">
				<string name="oS" value="elodin"/>
				<string name="l0" value="forest1"/>
				<string name="l1" value="grass"/>
				<string name="l2" value="3"/>
				<int name="x" value="187"/>
				<int name="y" value="-331"/>
				<int name="z" value="9"/>
				<int name="f" value="0"/>
				<int name="zM" value="53"/>
				<int name="r" value="0"/>
				<int name="move" value="0"/>
				<int name="dynamic" value="0"/>
				<int name="piece" value="13"/>
			</imgdir>
			<imgdir name="14">
				<string name="oS" value="elodin"/>
				<string name="l0" value="forest1"/>
				<string name="l1" value="grass"/>
				<string name="l2" value="0"/>
				<int name="x" value="9"/>
				<int name="y" value="-281"/>
				<int name="z" value="9"/>
				<int name="f" value="0"/>
				<int name="zM" value="52"/>
				<int name="r" value="0"/>
				<int name="move" value="0"/>
				<int name="dynamic" value="0"/>
				<int name="piece" value="14"/>
			</imgdir>
			<imgdir name="15">
				<string name="oS" value="elodin"/>
				<string name="l0" value="forest1"/>
				<string name="l1" value="grass"/>
				<string name="l2" value="1"/>
				<int name="x" value="83"/>
				<int name="y" value="100"/>
				<int name="z" value="10"/>
				<int name="f" value="0"/>
				<int name="zM" value="3"/>
				<int name="r" value="0"/>
				<int name="move" value="0"/>
				<int name="dynamic" value="0"/>
				<int name="piece" value="15"/>
			</imgdir>
			<imgdir name="16">
				<string name="oS" value="elodin"/>
				<string name="l0" value="forest1"/>
				<string name="l1" value="grass"/>
				<string name="l2" value="3"/>
				<int name="x" value="-181"/>
				<int name="y" value="50"/>
				<int name="z" value="10"/>
				<int name="f" value="0"/>
				<int name="zM" value="2"/>
				<int name="r" value="0"/>
				<int name="move" value="0"/>
				<int name="dynamic" value="0"/>
				<int name="piece" value="16"/>
			</imgdir>
			<imgdir name="17">
				<string name="oS" value="elodin"/>
				<string name="l0" value="forest1"/>
				<string name="l1" value="grass"/>
				<string name="l2" value="2"/>
				<int name="x" value="708"/>
				<int name="y" value="92"/>
				<int name="z" value="10"/>
				<int name="f" value="0"/>
				<int name="zM" value="5"/>
				<int name="r" value="0"/>
				<int name="move" value="0"/>
				<int name="dynamic" value="0"/>
				<int name="piece" value="17"/>
			</imgdir>
			<imgdir name="18">
				<string name="oS" value="elodin"/>
				<string name="l0" value="forest1"/>
				<string name="l1" value="grass"/>
				<string name="l2" value="0"/>
				<int name="x" value="630"/>
				<int name="y" value="-444"/>
				<int name="z" value="10"/>
				<int name="f" value="0"/>
				<int name="zM" value="62"/>
				<int name="r" value="0"/>
				<int name="move" value="0"/>
				<int name="dynamic" value="0"/>
				<int name="piece" value="18"/>
			</imgdir>
		</imgdir>
	</imgdir>
	<imgdir name="5">
		<imgdir name="info">
		</imgdir>
		<imgdir name="tile">
		</imgdir>
		<imgdir name="obj">
			<imgdir name="0">
				<string name="oS" value="elodin"/>
				<string name="l0" value="foothold"/>
				<string name="l1" value="forest"/>
				<string name="l2" value="6"/>
				<int name="x" value="-540"/>
				<int name="y" value="212"/>
				<int name="z" value="9"/>
				<int name="f" value="0"/>
				<int name="zM" value="0"/>
				<int name="r" value="0"/>
				<int name="move" value="0"/>
				<int name="dynamic" value="0"/>
				<int name="piece" value="0"/>
			</imgdir>
			<imgdir name="1">
				<string name="oS" value="elodin"/>
				<string name="l0" value="foothold"/>
				<string name="l1" value="forest"/>
				<string name="l2" value="6"/>
				<int name="x" value="540"/>
				<int name="y" value="212"/>
				<int name="z" value="9"/>
				<int name="f" value="0"/>
				<int name="zM" value="1"/>
				<int name="r" value="0"/>
				<int name="move" value="0"/>
				<int name="dynamic" value="0"/>
				<int name="piece" value="1"/>
			</imgdir>
			<imgdir name="2">
				<string name="oS" value="elodin"/>
				<string name="l0" value="foothold"/>
				<string name="l1" value="forest"/>
				<string name="l2" value="1"/>
				<int name="x" value="-724"/>
				<int name="y" value="-80"/>
				<int name="z" value="9"/>
				<int name="f" value="0"/>
				<int name="zM" value="16"/>
				<int name="r" value="0"/>
				<int name="move" value="0"/>
				<int name="dynamic" value="0"/>
				<int name="piece" value="2"/>
			</imgdir>
			<imgdir name="3">
				<string name="oS" value="elodin"/>
				<string name="l0" value="foothold"/>
				<string name="l1" value="forest"/>
				<string name="l2" value="2"/>
				<int name="x" value="-554"/>
				<int name="y" value="-80"/>
				<int name="z" value="9"/>
				<int name="f" value="0"/>
				<int name="zM" value="15"/>
				<int name="r" value="0"/>
				<int name="move" value="0"/>
				<int name="dynamic" value="0"/>
				<int name="piece" value="3"/>
			</imgdir>
			<imgdir name="4">
				<string name="oS" value="elodin"/>
				<string name="l0" value="foothold"/>
				<string name="l1" value="forest"/>
				<string name="l2" value="0"/>
				<int name="x" value="-831"/>
				<int name="y" value="-80"/>
				<int name="z" value="9"/>
				<int name="f" value="0"/>
				<int name="zM" value="31"/>
				<int name="r" value="0"/>
				<int name="move" value="0"/>
				<int name="dynamic" value="0"/>
				<int name="piece" value="4"/>
			</imgdir>
			<imgdir name="5">
				<string name="oS" value="elodin"/>
				<string name="l0" value="foothold"/>
				<string name="l1" value="forest"/>
				<string name="l2" value="4"/>
				<int name="x" value="-446"/>
				<int name="y" value="-80"/>
				<int name="z" value="9"/>
				<int name="f" value="0"/>
				<int name="zM" value="29"/>
				<int name="r" value="0"/>
				<int name="move" value="0"/>
				<int name="dynamic" value="0"/>
				<int name="piece" value="5"/>
			</imgdir>
			<imgdir name="6">
				<string name="oS" value="elodin"/>
				<string name="l0" value="foothold"/>
				<string name="l1" value="forest"/>
				<string name="l2" value="0"/>
				<int name="x" value="448"/>
				<int name="y" value="-80"/>
				<int name="z" value="9"/>
				<int name="f" value="0"/>
				<int name="zM" value="17"/>
				<int name="r" value="0"/>
				<int name="move" value="0"/>
				<int name="dynamic" value="0"/>
				<int name="piece" value="6"/>
			</imgdir>
			<imgdir name="7">
				<string name="oS" value="elodin"/>
				<string name="l0" value="foothold"/>
				<string name="l1" value="forest"/>
				<string name="l2" value="4"/>
				<int name="x" value="833"/>
				<int name="y" value="-80"/>
				<int name="z" value="9"/>
				<int name="f" value="0"/>
				<int name="zM" value="18"/>
				<int name="r" value="0"/>
				<int name="move" value="0"/>
				<int name="dynamic" value="0"/>
				<int name="piece" value="7"/>
			</imgdir>
			<imgdir name="8">
				<string name="oS" value="elodin"/>
				<string name="l0" value="foothold"/>
				<string name="l1" value="forest"/>
				<string name="l2" value="3"/>
				<int name="x" value="555"/>
				<int name="y" value="-80"/>
				<int name="z" value="9"/>
				<int name="f" value="0"/>
				<int name="zM" value="30"/>
				<int name="r" value="0"/>
				<int name="move" value="0"/>
				<int name="dynamic" value="0"/>
				<int name="piece" value="8"/>
			</imgdir>
			<imgdir name="9">
				<string name="oS" value="elodin"/>
				<string name="l0" value="foothold"/>
				<string name="l1" value="forest"/>
				<string name="l2" value="1"/>
				<int name="x" value="725"/>
				<int name="y" value="-80"/>
				<int name="z" value="9"/>
				<int name="f" value="0"/>
				<int name="zM" value="28"/>
				<int name="r" value="0"/>
				<int name="move" value="0"/>
				<int name="dynamic" value="0"/>
				<int name="piece" value="9"/>
			</imgdir>
			<imgdir name="10">
				<string name="oS" value="elodin"/>
				<string name="l0" value="foothold"/>
				<string name="l1" value="forest"/>
				<string name="l2" value="1"/>
				<int name="x" value="-995"/>
				<int name="y" value="-235"/>
				<int name="z" value="9"/>
				<int name="f" value="0"/>
				<int name="zM" value="36"/>
				<int name="r" value="0"/>
				<int name="move" value="0"/>
				<int name="dynamic" value="0"/>
				<int name="piece" value="10"/>
			</imgdir>
			<imgdir name="11">
				<string name="oS" value="elodin"/>
				<string name="l0" value="foothold"/>
				<string name="l1" value="forest"/>
				<string name="l2" value="4"/>
				<int name="x" value="-887"/>
				<int name="y" value="-235"/>
				<int name="z" value="9"/>
				<int name="f" value="0"/>
				<int name="zM" value="51"/>
				<int name="r" value="0"/>
				<int name="move" value="0"/>
				<int name="dynamic" value="0"/>
				<int name="piece" value="11"/>
			</imgdir>
			<imgdir name="12">
				<string name="oS" value="elodin"/>
				<string name="l0" value="foothold"/>
				<string name="l1" value="forest"/>
				<string name="l2" value="0"/>
				<int name="x" value="887"/>
				<int name="y" value="-235"/>
				<int name="z" value="9"/>
				<int name="f" value="0"/>
				<int name="zM" value="37"/>
				<int name="r" value="0"/>
				<int name="move" value="0"/>
				<int name="dynamic" value="0"/>
				<int name="piece" value="12"/>
			</imgdir>
			<imgdir name="13">
				<string name="oS" value="elodin"/>
				<string name="l0" value="foothold"/>
				<string name="l1" value="forest"/>
				<string name="l2" value="2"/>
				<int name="x" value="994"/>
				<int name="y" value="-235"/>
				<int name="z" value="9"/>
				<int name="f" value="0"/>
				<int name="zM" value="32"/>
				<int name="r" value="0"/>
				<int name="move" value="0"/>
				<int name="dynamic" value="0"/>
				<int name="piece" value="13"/>
			</imgdir>
			<imgdir name="14">
				<string name="oS" value="elodin"/>
				<string name="l0" value="foothold"/>
				<string name="l1" value="forest"/>
				<string name="l2" value="0"/>
				<int name="x" value="-351"/>
				<int name="y" value="-235"/>
				<int name="z" value="9"/>
				<int name="f" value="0"/>
				<int name="zM" value="35"/>
				<int name="r" value="0"/>
				<int name="move" value="0"/>
				<int name="dynamic" value="0"/>
				<int name="piece" value="14"/>
			</imgdir>
			<imgdir name="15">
				<string name="oS" value="elodin"/>
				<string name="l0" value="foothold"/>
				<string name="l1" value="forest"/>
				<string name="l2" value="3"/>
				<int name="x" value="-244"/>
				<int name="y" value="-235"/>
				<int name="z" value="9"/>
				<int name="f" value="0"/>
				<int name="zM" value="50"/>
				<int name="r" value="0"/>
				<int name="move" value="0"/>
				<int name="dynamic" value="0"/>
				<int name="piece" value="15"/>
			</imgdir>
			<imgdir name="16">
				<string name="oS" value="elodin"/>
				<string name="l0" value="foothold"/>
				<string name="l1" value="forest"/>
				<string name="l2" value="2"/>
				<int name="x" value="-74"/>
				<int name="y" value="-235"/>
				<int name="z" value="9"/>
				<int name="f" value="0"/>
				<int name="zM" value="48"/>
				<int name="r" value="0"/>
				<int name="move" value="0"/>
				<int name="dynamic" value="0"/>
				<int name="piece" value="16"/>
			</imgdir>
			<imgdir name="17">
				<string name="oS" value="elodin"/>
				<string name="l0" value="foothold"/>
				<string name="l1" value="forest"/>
				<string name="l2" value="1"/>
				<int name="x" value="96"/>
				<int name="y" value="-235"/>
				<int name="z" value="9"/>
				<int name="f" value="0"/>
				<int name="zM" value="47"/>
				<int name="r" value="0"/>
				<int name="move" value="0"/>
				<int name="dynamic" value="0"/>
				<int name="piece" value="17"/>
			</imgdir>
			<imgdir name="18">
				<string name="oS" value="elodin"/>
				<string name="l0" value="foothold"/>
				<string name="l1" value="forest"/>
				<string name="l2" value="3"/>
				<int name="x" value="266"/>
				<int name="y" value="-235"/>
				<int name="z" value="9"/>
				<int name="f" value="0"/>
				<int name="zM" value="38"/>
				<int name="r" value="0"/>
				<int name="move" value="0"/>
				<int name="dynamic" value="0"/>
				<int name="piece" value="18"/>
			</imgdir>
			<imgdir name="19">
				<string name="oS" value="elodin"/>
				<string name="l0" value="foothold"/>
				<string name="l1" value="forest"/>
				<string name="l2" value="4"/>
				<int name="x" value="374"/>
				<int name="y" value="-235"/>
				<int name="z" value="9"/>
				<int name="f" value="0"/>
				<int name="zM" value="49"/>
				<int name="r" value="0"/>
				<int name="move" value="0"/>
				<int name="dynamic" value="0"/>
				<int name="piece" value="19"/>
			</imgdir>
			<imgdir name="20">
				<string name="oS" value="elodin"/>
				<string name="l0" value="foothold"/>
				<string name="l1" value="forest"/>
				<string name="l2" value="0"/>
				<int name="x" value="-107"/>
				<int name="y" value="-30"/>
				<int name="z" value="9"/>
				<int name="f" value="0"/>
				<int name="zM" value="13"/>
				<int name="r" value="0"/>
				<int name="move" value="0"/>
				<int name="dynamic" value="0"/>
				<int name="piece" value="20"/>
			</imgdir>
			<imgdir name="21">
				<string name="oS" value="elodin"/>
				<string name="l0" value="foothold"/>
				<string name="l1" value="forest"/>
				<string name="l2" value="1"/>
				<int name="x" value="0"/>
				<int name="y" value="-30"/>
				<int name="z" value="9"/>
				<int name="f" value="0"/>
				<int name="zM" value="14"/>
				<int name="r" value="0"/>
				<int name="move" value="0"/>
				<int name="dynamic" value="0"/>
				<int name="piece" value="21"/>
			</imgdir>
			<imgdir name="22">
				<string name="oS" value="elodin"/>
				<string name="l0" value="foothold"/>
				<string name="l1" value="forest"/>
				<string name="l2" value="4"/>
				<int name="x" value="108"/>
				<int name="y" value="-30"/>
				<int name="z" value="9"/>
				<int name="f" value="0"/>
				<int name="zM" value="27"/>
				<int name="r" value="0"/>
				<int name="move" value="0"/>
				<int name="dynamic" value="0"/>
				<int name="piece" value="22"/>
			</imgdir>
			<imgdir name="23">
				<string name="oS" value="elodin"/>
				<string name="l0" value="foothold"/>
				<string name="l1" value="forest"/>
				<string name="l2" value="0"/>
				<int name="x" value="-802"/>
				<int name="y" value="-400"/>
				<int name="z" value="9"/>
				<int name="f" value="0"/>
				<int name="zM" value="54"/>
				<int name="r" value="0"/>
				<int name="move" value="0"/>
				<int name="dynamic" value="0"/>
				<int name="piece" value="23"/>
			</imgdir>
			<imgdir name="24">
				<string name="oS" value="elodin"/>
				<string name="l0" value="foothold"/>
				<string name="l1" value="forest"/>
				<string name="l2" value="4"/>
				<int name="x" value="-417"/>
				<int name="y" value="-400"/>
				<int name="z" value="9"/>
				<int name="f" value="0"/>
				<int name="zM" value="56"/>
				<int name="r" value="0"/>
				<int name="move" value="0"/>
				<int name="dynamic" value="0"/>
				<int name="piece" value="24"/>
			</imgdir>
			<imgdir name="25">
				<string name="oS" value="elodin"/>
				<string name="l0" value="foothold"/>
				<string name="l1" value="forest"/>
				<string name="l2" value="3"/>
				<int name="x" value="-695"/>
				<int name="y" value="-400"/>
				<int name="z" value="9"/>
				<int name="f" value="0"/>
				<int name="zM" value="60"/>
				<int name="r" value="0"/>
				<int name="move" value="0"/>
				<int name="dynamic" value="0"/>
				<int name="piece" value="25"/>
			</imgdir>
			<imgdir name="26">
				<string name="oS" value="elodin"/>
				<string name="l0" value="foothold"/>
				<string name="l1" value="forest"/>
				<string name="l2" value="1"/>
				<int name="x" value="-525"/>
				<int name="y" value="-400"/>
				<int name="z" value="9"/>
				<int name="f" value="0"/>
				<int name="zM" value="58"/>
				<int name="r" value="0"/>
				<int name="move" value="0"/>
				<int name="dynamic" value="0"/>
				<int name="piece" value="26"/>
			</imgdir>
			<imgdir name="27">
				<string name="oS" value="elodin"/>
				<string name="l0" value="foothold"/>
				<string name="l1" value="forest"/>
				<string name="l2" value="1"/>
				<int name="x" value="543"/>
				<int name="y" value="-400"/>
				<int name="z" value="9"/>
				<int name="f" value="0"/>
				<int name="zM" value="57"/>
				<int name="r" value="0"/>
				<int name="move" value="0"/>
				<int name="dynamic" value="0"/>
				<int name="piece" value="27"/>
			</imgdir>
			<imgdir name="28">
				<string name="oS" value="elodin"/>
				<string name="l0" value="foothold"/>
				<string name="l1" value="forest"/>
				<string name="l2" value="2"/>
				<int name="x" value="713"/>
				<int name="y" value="-400"/>
				<int name="z" value="9"/>
				<int name="f" value="0"/>
				<int name="zM" value="55"/>
				<int name="r" value="0"/>
				<int name="move" value="0"/>
				<int name="dynamic" value="0"/>
				<int name="piece" value="28"/>
			</imgdir>
			<imgdir name="29">
				<string name="oS" value="elodin"/>
				<string name="l0" value="foothold"/>
				<string name="l1" value="forest"/>
				<string name="l2" value="0"/>
				<int name="x" value="436"/>
				<int name="y" value="-400"/>
				<int name="z" value="9"/>
				<int name="f" value="0"/>
				<int name="zM" value="61"/>
				<int name="r" value="0"/>
				<int name="move" value="0"/>
				<int name="dynamic" value="0"/>
				<int name="piece" value="29"/>
			</imgdir>
			<imgdir name="30">
				<string name="oS" value="elodin"/>
				<string name="l0" value="foothold"/>
				<string name="l1" value="forest"/>
				<string name="l2" value="4"/>
				<int name="x" value="821"/>
				<int name="y" value="-400"/>
				<int name="z" value="9"/>
				<int name="f" value="0"/>
				<int name="zM" value="59"/>
				<int name="r" value="0"/>
				<int name="move" value="0"/>
				<int name="dynamic" value="0"/>
				<int name="piece" value="30"/>
			</imgdir>
			<imgdir name="31">
				<string name="oS" value="connect"/>
				<string name="l0" value="rope"/>
				<string name="l1" value="118"/>
				<string name="l2" value="0"/>
				<int name="x" value="-995"/>
				<int name="y" value="-245"/>
				<int name="z" value="10"/>
				<int name="f" value="0"/>
				<int name="zM" value="36"/>
				<int name="r" value="0"/>
				<int name="move" value="0"/>
				<int name="dynamic" value="0"/>
				<int name="piece" value="31"/>
			</imgdir>
			<imgdir name="32">
				<string name="oS" value="connect"/>
				<string name="l0" value="rope"/>
				<string name="l1" value="118"/>
				<string name="l2" value="0"/>
				<int name="x" value="-759"/>
				<int name="y" value="-407"/>
				<int name="z" value="10"/>
				<int name="f" value="0"/>
				<int name="zM" value="54"/>
				<int name="r" value="0"/>
				<int name="move" value="0"/>
				<int name="dynamic" value="0"/>
				<int name="piece" value="32"/>
			</imgdir>
			<imgdir name="33">
				<string name="oS" value="connect"/>
				<string name="l0" value="rope"/>
				<string name="l1" value="118"/>
				<string name="l2" value="0"/>
				<int name="x" value="-440"/>
				<int name="y" value="-409"/>
				<int name="z" value="10"/>
				<int name="f" value="0"/>
				<int name="zM" value="56"/>
				<int name="r" value="0"/>
				<int name="move" value="0"/>
				<int name="dynamic" value="0"/>
				<int name="piece" value="33"/>
			</imgdir>
			<imgdir name="34">
				<string name="oS" value="connect"/>
				<string name="l0" value="rope"/>
				<string name="l1" value="118"/>
				<string name="l2" value="0"/>
				<int name="x" value="-788"/>
				<int name="y" value="-88"/>
				<int name="z" value="10"/>
				<int name="f" value="0"/>
				<int name="zM" value="16"/>
				<int name="r" value="0"/>
				<int name="move" value="0"/>
				<int name="dynamic" value="0"/>
				<int name="piece" value="34"/>
			</imgdir>
			<imgdir name="35">
				<string name="oS" value="connect"/>
				<string name="l0" value="rope"/>
				<string name="l1" value="118"/>
				<string name="l2" value="0"/>
				<int name="x" value="-473"/>
				<int name="y" value="-87"/>
				<int name="z" value="10"/>
				<int name="f" value="0"/>
				<int name="zM" value="15"/>
				<int name="r" value="0"/>
				<int name="move" value="0"/>
				<int name="dynamic" value="0"/>
				<int name="piece" value="35"/>
			</imgdir>
			<imgdir name="36">
				<string name="oS" value="connect"/>
				<string name="l0" value="rope"/>
				<string name="l1" value="118"/>
				<string name="l2" value="0"/>
				<int name="x" value="-87"/>
				<int name="y" value="-39"/>
				<int name="z" value="10"/>
				<int name="f" value="0"/>
				<int name="zM" value="13"/>
				<int name="r" value="0"/>
				<int name="move" value="0"/>
				<int name="dynamic" value="0"/>
				<int name="piece" value="36"/>
			</imgdir>
			<imgdir name="37">
				<string name="oS" value="connect"/>
				<string name="l0" value="rope"/>
				<string name="l1" value="118"/>
				<string name="l2" value="0"/>
				<int name="x" value="83"/>
				<int name="y" value="-41"/>
				<int name="z" value="10"/>
				<int name="f" value="0"/>
				<int name="zM" value="14"/>
				<int name="r" value="0"/>
				<int name="move" value="0"/>
				<int name="dynamic" value="0"/>
				<int name="piece" value="37"/>
			</imgdir>
			<imgdir name="38">
				<string name="oS" value="connect"/>
				<string name="l0" value="rope"/>
				<string name="l1" value="118"/>
				<string name="l2" value="0"/>
				<int name="x" value="-323"/>
				<int name="y" value="-243"/>
				<int name="z" value="10"/>
				<int name="f" value="0"/>
				<int name="zM" value="35"/>
				<int name="r" value="0"/>
				<int name="move" value="0"/>
				<int name="dynamic" value="0"/>
				<int name="piece" value="38"/>
			</imgdir>
			<imgdir name="39">
				<string name="oS" value="connect"/>
				<string name="l0" value="rope"/>
				<string name="l1" value="118"/>
				<string name="l2" value="0"/>
				<int name="x" value="334"/>
				<int name="y" value="-244"/>
				<int name="z" value="10"/>
				<int name="f" value="0"/>
				<int name="zM" value="38"/>
				<int name="r" value="0"/>
				<int name="move" value="0"/>
				<int name="dynamic" value="0"/>
				<int name="piece" value="39"/>
			</imgdir>
			<imgdir name="40">
				<string name="oS" value="connect"/>
				<string name="l0" value="rope"/>
				<string name="l1" value="118"/>
				<string name="l2" value="0"/>
				<int name="x" value="469"/>
				<int name="y" value="-89"/>
				<int name="z" value="10"/>
				<int name="f" value="0"/>
				<int name="zM" value="17"/>
				<int name="r" value="0"/>
				<int name="move" value="0"/>
				<int name="dynamic" value="0"/>
				<int name="piece" value="40"/>
			</imgdir>
			<imgdir name="41">
				<string name="oS" value="connect"/>
				<string name="l0" value="rope"/>
				<string name="l1" value="118"/>
				<string name="l2" value="0"/>
				<int name="x" value="799"/>
				<int name="y" value="-89"/>
				<int name="z" value="10"/>
				<int name="f" value="0"/>
				<int name="zM" value="18"/>
				<int name="r" value="0"/>
				<int name="move" value="0"/>
				<int name="dynamic" value="0"/>
				<int name="piece" value="41"/>
			</imgdir>
			<imgdir name="42">
				<string name="oS" value="connect"/>
				<string name="l0" value="rope"/>
				<string name="l1" value="118"/>
				<string name="l2" value="0"/>
				<int name="x" value="992"/>
				<int name="y" value="-243"/>
				<int name="z" value="10"/>
				<int name="f" value="0"/>
				<int name="zM" value="32"/>
				<int name="r" value="0"/>
				<int name="move" value="0"/>
				<int name="dynamic" value="0"/>
				<int name="piece" value="42"/>
			</imgdir>
			<imgdir name="43">
				<string name="oS" value="connect"/>
				<string name="l0" value="rope"/>
				<string name="l1" value="118"/>
				<string name="l2" value="0"/>
				<int name="x" value="454"/>
				<int name="y" value="-410"/>
				<int name="z" value="10"/>
				<int name="f" value="0"/>
				<int name="zM" value="57"/>
				<int name="r" value="0"/>
				<int name="move" value="0"/>
				<int name="dynamic" value="0"/>
				<int name="piece" value="43"/>
			</imgdir>
			<imgdir name="44">
				<string name="oS" value="connect"/>
				<string name="l0" value="rope"/>
				<string name="l1" value="118"/>
				<string name="l2" value="0"/>
				<int name="x" value="805"/>
				<int name="y" value="-409"/>
				<int name="z" value="10"/>
				<int name="f" value="0"/>
				<int name="zM" value="55"/>
				<int name="r" value="0"/>
				<int name="move" value="0"/>
				<int name="dynamic" value="0"/>
				<int name="piece" value="44"/>
			</imgdir>
			<imgdir name="45">
				<string name="oS" value="connect"/>
				<string name="l0" value="rope"/>
				<string name="l1" value="118"/>
				<string name="l2" value="9"/>
				<int name="x" value="799"/>
				<int name="y" value="-5"/>
				<int name="z" value="9"/>
				<int name="f" value="0"/>
				<int name="zM" value="18"/>
				<int name="r" value="0"/>
				<int name="move" value="0"/>
				<int name="dynamic" value="0"/>
				<int name="piece" value="45"/>
			</imgdir>
			<imgdir name="46">
				<string name="oS" value="connect"/>
				<string name="l0" value="rope"/>
				<string name="l1" value="118"/>
				<string name="l2" value="9"/>
				<int name="x" value="-788"/>
				<int name="y" value="-4"/>
				<int name="z" value="9"/>
				<int name="f" value="0"/>
				<int name="zM" value="16"/>
				<int name="r" value="0"/>
				<int name="move" value="0"/>
				<int name="dynamic" value="0"/>
				<int name="piece" value="46"/>
			</imgdir>
			<imgdir name="47">
				<string name="oS" value="connect"/>
				<string name="l0" value="rope"/>
				<string name="l1" value="118"/>
				<string name="l2" value="10"/>
				<int name="x" value="-473"/>
				<int name="y" value="-3"/>
				<int name="z" value="9"/>
				<int name="f" value="0"/>
				<int name="zM" value="15"/>
				<int name="r" value="0"/>
				<int name="move" value="0"/>
				<int name="dynamic" value="0"/>
				<int name="piece" value="47"/>
			</imgdir>
			<imgdir name="48">
				<string name="oS" value="connect"/>
				<string name="l0" value="rope"/>
				<string name="l1" value="118"/>
				<string name="l2" value="10"/>
				<int name="x" value="469"/>
				<int name="y" value="-5"/>
				<int name="z" value="9"/>
				<int name="f" value="0"/>
				<int name="zM" value="17"/>
				<int name="r" value="0"/>
				<int name="move" value="0"/>
				<int name="dynamic" value="0"/>
				<int name="piece" value="48"/>
			</imgdir>
			<imgdir name="49">
				<string name="oS" value="connect"/>
				<string name="l0" value="rope"/>
				<string name="l1" value="118"/>
				<string name="l2" value="10"/>
				<int name="x" value="992"/>
				<int name="y" value="-159"/>
				<int name="z" value="9"/>
				<int name="f" value="0"/>
				<int name="zM" value="32"/>
				<int name="r" value="0"/>
				<int name="move" value="0"/>
				<int name="dynamic" value="0"/>
				<int name="piece" value="49"/>
			</imgdir>
			<imgdir name="50">
				<string name="oS" value="connect"/>
				<string name="l0" value="rope"/>
				<string name="l1" value="118"/>
				<string name="l2" value="9"/>
				<int name="x" value="992"/>
				<int name="y" value="-51"/>
				<int name="z" value="9"/>
				<int name="f" value="0"/>
				<int name="zM" value="23"/>
				<int name="r" value="0"/>
				<int name="move" value="0"/>
				<int name="dynamic" value="0"/>
				<int name="piece" value="50"/>
			</imgdir>
			<imgdir name="51">
				<string name="oS" value="connect"/>
				<string name="l0" value="rope"/>
				<string name="l1" value="118"/>
				<string name="l2" value="11"/>
				<int name="x" value="992"/>
				<int name="y" value="23"/>
				<int name="z" value="9"/>
				<int name="f" value="0"/>
				<int name="zM" value="19"/>
				<int name="r" value="0"/>
				<int name="move" value="0"/>
				<int name="dynamic" value="0"/>
				<int name="piece" value="51"/>
			</imgdir>
			<imgdir name="52">
				<string name="oS" value="connect"/>
				<string name="l0" value="rope"/>
				<string name="l1" value="118"/>
				<string name="l2" value="11"/>
				<int name="x" value="799"/>
				<int name="y" value="69"/>
				<int name="z" value="9"/>
				<int name="f" value="0"/>
				<int name="zM" value="11"/>
				<int name="r" value="0"/>
				<int name="move" value="0"/>
				<int name="dynamic" value="0"/>
				<int name="piece" value="52"/>
			</imgdir>
			<imgdir name="53">
				<string name="oS" value="connect"/>
				<string name="l0" value="rope"/>
				<string name="l1" value="118"/>
				<string name="l2" value="11"/>
				<int name="x" value="469"/>
				<int name="y" value="69"/>
				<int name="z" value="9"/>
				<int name="f" value="0"/>
				<int name="zM" value="12"/>
				<int name="r" value="0"/>
				<int name="move" value="0"/>
				<int name="dynamic" value="0"/>
				<int name="piece" value="53"/>
			</imgdir>
			<imgdir name="54">
				<string name="oS" value="connect"/>
				<string name="l0" value="rope"/>
				<string name="l1" value="118"/>
				<string name="l2" value="11"/>
				<int name="x" value="-788"/>
				<int name="y" value="70"/>
				<int name="z" value="9"/>
				<int name="f" value="0"/>
				<int name="zM" value="10"/>
				<int name="r" value="0"/>
				<int name="move" value="0"/>
				<int name="dynamic" value="0"/>
				<int name="piece" value="54"/>
			</imgdir>
			<imgdir name="55">
				<string name="oS" value="connect"/>
				<string name="l0" value="rope"/>
				<string name="l1" value="118"/>
				<string name="l2" value="11"/>
				<int name="x" value="-473"/>
				<int name="y" value="71"/>
				<int name="z" value="9"/>
				<int name="f" value="0"/>
				<int name="zM" value="9"/>
				<int name="r" value="0"/>
				<int name="move" value="0"/>
				<int name="dynamic" value="0"/>
				<int name="piece" value="55"/>
			</imgdir>
			<imgdir name="56">
				<string name="oS" value="connect"/>
				<string name="l0" value="rope"/>
				<string name="l1" value="118"/>
				<string name="l2" value="9"/>
				<int name="x" value="-995"/>
				<int name="y" value="-161"/>
				<int name="z" value="9"/>
				<int name="f" value="0"/>
				<int name="zM" value="36"/>
				<int name="r" value="0"/>
				<int name="move" value="0"/>
				<int name="dynamic" value="0"/>
				<int name="piece" value="56"/>
			</imgdir>
			<imgdir name="57">
				<string name="oS" value="connect"/>
				<string name="l0" value="rope"/>
				<string name="l1" value="118"/>
				<string name="l2" value="10"/>
				<int name="x" value="-995"/>
				<int name="y" value="-53"/>
				<int name="z" value="9"/>
				<int name="f" value="0"/>
				<int name="zM" value="26"/>
				<int name="r" value="0"/>
				<int name="move" value="0"/>
				<int name="dynamic" value="0"/>
				<int name="piece" value="57"/>
			</imgdir>
			<imgdir name="58">
				<string name="oS" value="connect"/>
				<string name="l0" value="rope"/>
				<string name="l1" value="118"/>
				<string name="l2" value="11"/>
				<int name="x" value="-995"/>
				<int name="y" value="21"/>
				<int name="z" value="9"/>
				<int name="f" value="0"/>
				<int name="zM" value="22"/>
				<int name="r" value="0"/>
				<int name="move" value="0"/>
				<int name="dynamic" value="0"/>
				<int name="piece" value="58"/>
			</imgdir>
			<imgdir name="59">
				<string name="oS" value="connect"/>
				<string name="l0" value="rope"/>
				<string name="l1" value="118"/>
				<string name="l2" value="8"/>
				<int name="x" value="-87"/>
				<int name="y" value="27"/>
				<int name="z" value="9"/>
				<int name="f" value="0"/>
				<int name="zM" value="13"/>
				<int name="r" value="0"/>
				<int name="move" value="0"/>
				<int name="dynamic" value="0"/>
				<int name="piece" value="59"/>
			</imgdir>
			<imgdir name="60">
				<string name="oS" value="connect"/>
				<string name="l0" value="rope"/>
				<string name="l1" value="118"/>
				<string name="l2" value="7"/>
				<int name="x" value="83"/>
				<int name="y" value="25"/>
				<int name="z" value="9"/>
				<int name="f" value="0"/>
				<int name="zM" value="14"/>
				<int name="r" value="0"/>
				<int name="move" value="0"/>
				<int name="dynamic" value="0"/>
				<int name="piece" value="60"/>
			</imgdir>
			<imgdir name="61">
				<string name="oS" value="connect"/>
				<string name="l0" value="rope"/>
				<string name="l1" value="118"/>
				<string name="l2" value="11"/>
				<int name="x" value="-87"/>
				<int name="y" value="83"/>
				<int name="z" value="9"/>
				<int name="f" value="0"/>
				<int name="zM" value="7"/>
				<int name="r" value="0"/>
				<int name="move" value="0"/>
				<int name="dynamic" value="0"/>
				<int name="piece" value="61"/>
			</imgdir>
			<imgdir name="62">
				<string name="oS" value="connect"/>
				<string name="l0" value="rope"/>
				<string name="l1" value="118"/>
				<string name="l2" value="11"/>
				<int name="x" value="83"/>
				<int name="y" value="81"/>
				<int name="z" value="9"/>
				<int name="f" value="0"/>
				<int name="zM" value="8"/>
				<int name="r" value="0"/>
				<int name="move" value="0"/>
				<int name="dynamic" value="0"/>
				<int name="piece" value="62"/>
			</imgdir>
			<imgdir name="63">
				<string name="oS" value="connect"/>
				<string name="l0" value="rope"/>
				<string name="l1" value="118"/>
				<string name="l2" value="10"/>
				<int name="x" value="-323"/>
				<int name="y" value="-159"/>
				<int name="z" value="9"/>
				<int name="f" value="0"/>
				<int name="zM" value="35"/>
				<int name="r" value="0"/>
				<int name="move" value="0"/>
				<int name="dynamic" value="0"/>
				<int name="piece" value="63"/>
			</imgdir>
			<imgdir name="64">
				<string name="oS" value="connect"/>
				<string name="l0" value="rope"/>
				<string name="l1" value="118"/>
				<string name="l2" value="9"/>
				<int name="x" value="-323"/>
				<int name="y" value="-51"/>
				<int name="z" value="9"/>
				<int name="f" value="0"/>
				<int name="zM" value="24"/>
				<int name="r" value="0"/>
				<int name="move" value="0"/>
				<int name="dynamic" value="0"/>
				<int name="piece" value="64"/>
			</imgdir>
			<imgdir name="65">
				<string name="oS" value="connect"/>
				<string name="l0" value="rope"/>
				<string name="l1" value="118"/>
				<string name="l2" value="11"/>
				<int name="x" value="-323"/>
				<int name="y" value="23"/>
				<int name="z" value="9"/>
				<int name="f" value="0"/>
				<int name="zM" value="20"/>
				<int name="r" value="0"/>
				<int name="move" value="0"/>
				<int name="dynamic" value="0"/>
				<int name="piece" value="65"/>
			</imgdir>
			<imgdir name="66">
				<string name="oS" value="connect"/>
				<string name="l0" value="rope"/>
				<string name="l1" value="118"/>
				<string name="l2" value="9"/>
				<int name="x" value="334"/>
				<int name="y" value="-160"/>
				<int name="z" value="9"/>
				<int name="f" value="0"/>
				<int name="zM" value="38"/>
				<int name="r" value="0"/>
				<int name="move" value="0"/>
				<int name="dynamic" value="0"/>
				<int name="piece" value="66"/>
			</imgdir>
			<imgdir name="67">
				<string name="oS" value="connect"/>
				<string name="l0" value="rope"/>
				<string name="l1" value="118"/>
				<string name="l2" value="10"/>
				<int name="x" value="334"/>
				<int name="y" value="-52"/>
				<int name="z" value="9"/>
				<int name="f" value="0"/>
				<int name="zM" value="25"/>
				<int name="r" value="0"/>
				<int name="move" value="0"/>
				<int name="dynamic" value="0"/>
				<int name="piece" value="67"/>
			</imgdir>
			<imgdir name="68">
				<string name="oS" value="connect"/>
				<string name="l0" value="rope"/>
				<string name="l1" value="118"/>
				<string name="l2" value="11"/>
				<int name="x" value="334"/>
				<int name="y" value="22"/>
				<int name="z" value="9"/>
				<int name="f" value="0"/>
				<int name="zM" value="21"/>
				<int name="r" value="0"/>
				<int name="move" value="0"/>
				<int name="dynamic" value="0"/>
				<int name="piece" value="68"/>
			</imgdir>
			<imgdir name="69">
				<string name="oS" value="connect"/>
				<string name="l0" value="rope"/>
				<string name="l1" value="118"/>
				<string name="l2" value="5"/>
				<int name="x" value="-759"/>
				<int name="y" value="-341"/>
				<int name="z" value="9"/>
				<int name="f" value="0"/>
				<int name="zM" value="54"/>
				<int name="r" value="0"/>
				<int name="move" value="0"/>
				<int name="dynamic" value="0"/>
				<int name="piece" value="69"/>
			</imgdir>
			<imgdir name="70">
				<string name="oS" value="connect"/>
				<string name="l0" value="rope"/>
				<string name="l1" value="118"/>
				<string name="l2" value="6"/>
				<int name="x" value="-440"/>
				<int name="y" value="-344"/>
				<int name="z" value="9"/>
				<int name="f" value="0"/>
				<int name="zM" value="56"/>
				<int name="r" value="0"/>
				<int name="move" value="0"/>
				<int name="dynamic" value="0"/>
				<int name="piece" value="70"/>
			</imgdir>
			<imgdir name="71">
				<string name="oS" value="connect"/>
				<string name="l0" value="rope"/>
				<string name="l1" value="118"/>
				<string name="l2" value="9"/>
				<int name="x" value="-440"/>
				<int name="y" value="-254"/>
				<int name="z" value="9"/>
				<int name="f" value="0"/>
				<int name="zM" value="45"/>
				<int name="r" value="0"/>
				<int name="move" value="0"/>
				<int name="dynamic" value="0"/>
				<int name="piece" value="71"/>
			</imgdir>
			<imgdir name="72">
				<string name="oS" value="connect"/>
				<string name="l0" value="rope"/>
				<string name="l1" value="118"/>
				<string name="l2" value="10"/>
				<int name="x" value="-759"/>
				<int name="y" value="-251"/>
				<int name="z" value="9"/>
				<int name="f" value="0"/>
				<int name="zM" value="43"/>
				<int name="r" value="0"/>
				<int name="move" value="0"/>
				<int name="dynamic" value="0"/>
				<int name="piece" value="72"/>
			</imgdir>
			<imgdir name="73">
				<string name="oS" value="connect"/>
				<string name="l0" value="rope"/>
				<string name="l1" value="118"/>
				<string name="l2" value="11"/>
				<int name="x" value="-759"/>
				<int name="y" value="-177"/>
				<int name="z" value="9"/>
				<int name="f" value="0"/>
				<int name="zM" value="39"/>
				<int name="r" value="0"/>
				<int name="move" value="0"/>
				<int name="dynamic" value="0"/>
				<int name="piece" value="73"/>
			</imgdir>
			<imgdir name="74">
				<string name="oS" value="connect"/>
				<string name="l0" value="rope"/>
				<string name="l1" value="118"/>
				<string name="l2" value="11"/>
				<int name="x" value="-440"/>
				<int name="y" value="-180"/>
				<int name="z" value="9"/>
				<int name="f" value="0"/>
				<int name="zM" value="41"/>
				<int name="r" value="0"/>
				<int name="move" value="0"/>
				<int name="dynamic" value="0"/>
				<int name="piece" value="74"/>
			</imgdir>
			<imgdir name="75">
				<string name="oS" value="connect"/>
				<string name="l0" value="rope"/>
				<string name="l1" value="118"/>
				<string name="l2" value="6"/>
				<int name="x" value="454"/>
				<int name="y" value="-344"/>
				<int name="z" value="9"/>
				<int name="f" value="0"/>
				<int name="zM" value="57"/>
				<int name="r" value="0"/>
				<int name="move" value="0"/>
				<int name="dynamic" value="0"/>
				<int name="piece" value="75"/>
			</imgdir>
			<imgdir name="76">
				<string name="oS" value="connect"/>
				<string name="l0" value="rope"/>
				<string name="l1" value="118"/>
				<string name="l2" value="9"/>
				<int name="x" value="454"/>
				<int name="y" value="-254"/>
				<int name="z" value="9"/>
				<int name="f" value="0"/>
				<int name="zM" value="46"/>
				<int name="r" value="0"/>
				<int name="move" value="0"/>
				<int name="dynamic" value="0"/>
				<int name="piece" value="76"/>
			</imgdir>
			<imgdir name="77">
				<string name="oS" value="connect"/>
				<string name="l0" value="rope"/>
				<string name="l1" value="118"/>
				<string name="l2" value="11"/>
				<int name="x" value="454"/>
				<int name="y" value="-180"/>
				<int name="z" value="9"/>
				<int name="f" value="0"/>
				<int name="zM" value="42"/>
				<int name="r" value="0"/>
				<int name="move" value="0"/>
				<int name="dynamic" value="0"/>
				<int name="piece" value="77"/>
			</imgdir>
			<imgdir name="78">
				<string name="oS" value="connect"/>
				<string name="l0" value="rope"/>
				<string name="l1" value="118"/>
				<string name="l2" value="5"/>
				<int name="x" value="805"/>
				<int name="y" value="-343"/>
				<int name="z" value="9"/>
				<int name="f" value="0"/>
				<int name="zM" value="55"/>
				<int name="r" value="0"/>
				<int name="move" value="0"/>
				<int name="dynamic" value="0"/>
				<int name="piece" value="78"/>
			</imgdir>
			<imgdir name="79">
				<string name="oS" value="connect"/>
				<string name="l0" value="rope"/>
				<string name="l1" value="118"/>
				<string name="l2" value="10"/>
				<int name="x" value="805"/>
				<int name="y" value="-253"/>
				<int name="z" value="9"/>
				<int name="f" value="0"/>
				<int name="zM" value="44"/>
				<int name="r" value="0"/>
				<int name="move" value="0"/>
				<int name="dynamic" value="0"/>
				<int name="piece" value="79"/>
			</imgdir>
			<imgdir name="80">
				<string name="oS" value="connect"/>
				<string name="l0" value="rope"/>
				<string name="l1" value="118"/>
				<string name="l2" value="11"/>
				<int name="x" value="805"/>
				<int name="y" value="-179"/>
				<int name="z" value="9"/>
				<int name="f" value="0"/>
				<int name="zM" value="40"/>
				<int name="r" value="0"/>
				<int name="move" value="0"/>
				<int name="dynamic" value="0"/>
				<int name="piece" value="80"/>
			</imgdir>
			<imgdir name="81">
				<string name="oS" value="connect"/>
				<string name="l0" value="rope"/>
				<string name="l1" value="118"/>
				<string name="l2" value="0"/>
				<int name="x" value="906"/>
				<int name="y" value="-244"/>
				<int name="z" value="10"/>
				<int name="f" value="0"/>
				<int name="zM" value="37"/>
				<int name="r" value="0"/>
				<int name="move" value="0"/>
				<int name="dynamic" value="0"/>
				<int name="piece" value="81"/>
			</imgdir>
			<imgdir name="82">
				<string name="oS" value="connect"/>
				<string name="l0" value="rope"/>
				<string name="l1" value="118"/>
				<string name="l2" value="9"/>
				<int name="x" value="906"/>
				<int name="y" value="-160"/>
				<int name="z" value="9"/>
				<int name="f" value="0"/>
				<int name="zM" value="37"/>
				<int name="r" value="0"/>
				<int name="move" value="0"/>
				<int name="dynamic" value="0"/>
				<int name="piece" value="82"/>
			</imgdir>
			<imgdir name="83">
				<string name="oS" value="connect"/>
				<string name="l0" value="rope"/>
				<string name="l1" value="118"/>
				<string name="l2" value="11"/>
				<int name="x" value="906"/>
				<int name="y" value="-86"/>
				<int name="z" value="9"/>
				<int name="f" value="0"/>
				<int name="zM" value="32"/>
				<int name="r" value="0"/>
				<int name="move" value="0"/>
				<int name="dynamic" value="0"/>
				<int name="piece" value="83"/>
			</imgdir>
			<imgdir name="84">
				<string name="oS" value="connect"/>
				<string name="l0" value="rope"/>
				<string name="l1" value="118"/>
				<string name="l2" value="0"/>
				<int name="x" value="-899"/>
				<int name="y" value="-244"/>
				<int name="z" value="10"/>
				<int name="f" value="0"/>
				<int name="zM" value="36"/>
				<int name="r" value="0"/>
				<int name="move" value="0"/>
				<int name="dynamic" value="0"/>
				<int name="piece" value="84"/>
			</imgdir>
			<imgdir name="85">
				<string name="oS" value="connect"/>
				<string name="l0" value="rope"/>
				<string name="l1" value="118"/>
				<string name="l2" value="9"/>
				<int name="x" value="-899"/>
				<int name="y" value="-160"/>
				<int name="z" value="9"/>
				<int name="f" value="0"/>
				<int name="zM" value="36"/>
				<int name="r" value="0"/>
				<int name="move" value="0"/>
				<int name="dynamic" value="0"/>
				<int name="piece" value="85"/>
			</imgdir>
			<imgdir name="86">
				<string name="oS" value="connect"/>
				<string name="l0" value="rope"/>
				<string name="l1" value="118"/>
				<string name="l2" value="11"/>
				<int name="x" value="-899"/>
				<int name="y" value="-86"/>
				<int name="z" value="9"/>
				<int name="f" value="0"/>
				<int name="zM" value="33"/>
				<int name="r" value="0"/>
				<int name="move" value="0"/>
				<int name="dynamic" value="0"/>
				<int name="piece" value="86"/>
			</imgdir>
		</imgdir>
	</imgdir>
	<imgdir name="6">
		<imgdir name="info">
		</imgdir>
		<imgdir name="tile">
		</imgdir>
		<imgdir name="obj">
		</imgdir>
	</imgdir>
	<imgdir name="7">
		<imgdir name="info">
		</imgdir>
		<imgdir name="tile">
		</imgdir>
		<imgdir name="obj">
		</imgdir>
	</imgdir>
	<imgdir name="foothold">
		<imgdir name="5">
			<imgdir name="0">
				<imgdir name="1">
					<int name="x1" value="-1080"/>
					<int name="y1" value="149"/>
					<int name="x2" value="0"/>
					<int name="y2" value="149"/>
					<int name="prev" value="0"/>
					<int name="next" value="2"/>
					<int name="piece" value="0"/>
				</imgdir>
			</imgdir>
			<imgdir name="1">
				<imgdir name="2">
					<int name="x1" value="0"/>
					<int name="y1" value="149"/>
					<int name="x2" value="1080"/>
					<int name="y2" value="149"/>
					<int name="prev" value="1"/>
					<int name="next" value="0"/>
					<int name="piece" value="1"/>
				</imgdir>
			</imgdir>
			<imgdir name="16">
				<imgdir name="3">
					<int name="x1" value="-809"/>
					<int name="y1" value="-94"/>
					<int name="x2" value="-639"/>
					<int name="y2" value="-94"/>
					<int name="prev" value="5"/>
					<int name="next" value="4"/>
					<int name="piece" value="2"/>
				</imgdir>
			</imgdir>
			<imgdir name="15">
				<imgdir name="4">
					<int name="x1" value="-639"/>
					<int name="y1" value="-94"/>
					<int name="x2" value="-469"/>
					<int name="y2" value="-94"/>
					<int name="prev" value="3"/>
					<int name="next" value="6"/>
					<int name="piece" value="3"/>
				</imgdir>
			</imgdir>
			<imgdir name="31">
				<imgdir name="5">
					<int name="x1" value="-849"/>
					<int name="y1" value="-94"/>
					<int name="x2" value="-809"/>
					<int name="y2" value="-94"/>
					<int name="prev" value="0"/>
					<int name="next" value="3"/>
					<int name="piece" value="4"/>
				</imgdir>
			</imgdir>
			<imgdir name="29">
				<imgdir name="6">
					<int name="x1" value="-469"/>
					<int name="y1" value="-94"/>
					<int name="x2" value="-426"/>
					<int name="y2" value="-94"/>
					<int name="prev" value="4"/>
					<int name="next" value="0"/>
					<int name="piece" value="5"/>
				</imgdir>
			</imgdir>
			<imgdir name="17">
				<imgdir name="7">
					<int name="x1" value="430"/>
					<int name="y1" value="-94"/>
					<int name="x2" value="471"/>
					<int name="y2" value="-94"/>
					<int name="prev" value="0"/>
					<int name="next" value="9"/>
					<int name="piece" value="6"/>
				</imgdir>
			</imgdir>
			<imgdir name="18">
				<imgdir name="8">
					<int name="x1" value="810"/>
					<int name="y1" value="-94"/>
					<int name="x2" value="853"/>
					<int name="y2" value="-94"/>
					<int name="prev" value="10"/>
					<int name="next" value="0"/>
					<int name="piece" value="7"/>
				</imgdir>
			</imgdir>
			<imgdir name="30">
				<imgdir name="9">
					<int name="x1" value="471"/>
					<int name="y1" value="-94"/>
					<int name="x2" value="640"/>
					<int name="y2" value="-94"/>
					<int name="prev" value="7"/>
					<int name="next" value="10"/>
					<int name="piece" value="8"/>
				</imgdir>
			</imgdir>
			<imgdir name="28">
				<imgdir name="10">
					<int name="x1" value="640"/>
					<int name="y1" value="-94"/>
					<int name="x2" value="810"/>
					<int name="y2" value="-94"/>
					<int name="prev" value="9"/>
					<int name="next" value="8"/>
					<int name="piece" value="9"/>
				</imgdir>
			</imgdir>
			<imgdir name="36">
				<imgdir name="11">
					<int name="x1" value="-1080"/>
					<int name="y1" value="-249"/>
					<int name="x2" value="-910"/>
					<int name="y2" value="-249"/>
					<int name="prev" value="0"/>
					<int name="next" value="12"/>
					<int name="piece" value="10"/>
				</imgdir>
			</imgdir>
			<imgdir name="51">
				<imgdir name="12">
					<int name="x1" value="-910"/>
					<int name="y1" value="-249"/>
					<int name="x2" value="-867"/>
					<int name="y2" value="-249"/>
					<int name="prev" value="11"/>
					<int name="next" value="0"/>
					<int name="piece" value="11"/>
				</imgdir>
			</imgdir>
			<imgdir name="37">
				<imgdir name="13">
					<int name="x1" value="869"/>
					<int name="y1" value="-249"/>
					<int name="x2" value="910"/>
					<int name="y2" value="-249"/>
					<int name="prev" value="0"/>
					<int name="next" value="14"/>
					<int name="piece" value="12"/>
				</imgdir>
			</imgdir>
			<imgdir name="32">
				<imgdir name="14">
					<int name="x1" value="910"/>
					<int name="y1" value="-249"/>
					<int name="x2" value="1079"/>
					<int name="y2" value="-249"/>
					<int name="prev" value="13"/>
					<int name="next" value="0"/>
					<int name="piece" value="13"/>
				</imgdir>
			</imgdir>
			<imgdir name="35">
				<imgdir name="15">
					<int name="x1" value="-369"/>
					<int name="y1" value="-249"/>
					<int name="x2" value="-328"/>
					<int name="y2" value="-249"/>
					<int name="prev" value="0"/>
					<int name="next" value="16"/>
					<int name="piece" value="14"/>
				</imgdir>
			</imgdir>
			<imgdir name="50">
				<imgdir name="16">
					<int name="x1" value="-328"/>
					<int name="y1" value="-249"/>
					<int name="x2" value="-159"/>
					<int name="y2" value="-249"/>
					<int name="prev" value="15"/>
					<int name="next" value="17"/>
					<int name="piece" value="15"/>
				</imgdir>
			</imgdir>
			<imgdir name="48">
				<imgdir name="17">
					<int name="x1" value="-159"/>
					<int name="y1" value="-249"/>
					<int name="x2" value="11"/>
					<int name="y2" value="-249"/>
					<int name="prev" value="16"/>
					<int name="next" value="18"/>
					<int name="piece" value="16"/>
				</imgdir>
			</imgdir>
			<imgdir name="47">
				<imgdir name="18">
					<int name="x1" value="11"/>
					<int name="y1" value="-249"/>
					<int name="x2" value="181"/>
					<int name="y2" value="-249"/>
					<int name="prev" value="17"/>
					<int name="next" value="19"/>
					<int name="piece" value="17"/>
				</imgdir>
			</imgdir>
			<imgdir name="38">
				<imgdir name="19">
					<int name="x1" value="181"/>
					<int name="y1" value="-249"/>
					<int name="x2" value="351"/>
					<int name="y2" value="-249"/>
					<int name="prev" value="18"/>
					<int name="next" value="20"/>
					<int name="piece" value="18"/>
				</imgdir>
			</imgdir>
			<imgdir name="49">
				<imgdir name="20">
					<int name="x1" value="351"/>
					<int name="y1" value="-249"/>
					<int name="x2" value="394"/>
					<int name="y2" value="-249"/>
					<int name="prev" value="19"/>
					<int name="next" value="0"/>
					<int name="piece" value="19"/>
				</imgdir>
			</imgdir>
			<imgdir name="13">
				<imgdir name="21">
					<int name="x1" value="-125"/>
					<int name="y1" value="-44"/>
					<int name="x2" value="-84"/>
					<int name="y2" value="-44"/>
					<int name="prev" value="0"/>
					<int name="next" value="22"/>
					<int name="piece" value="20"/>
				</imgdir>
			</imgdir>
			<imgdir name="14">
				<imgdir name="22">
					<int name="x1" value="-84"/>
					<int name="y1" value="-44"/>
					<int name="x2" value="85"/>
					<int name="y2" value="-44"/>
					<int name="prev" value="21"/>
					<int name="next" value="23"/>
					<int name="piece" value="21"/>
				</imgdir>
			</imgdir>
			<imgdir name="27">
				<imgdir name="23">
					<int name="x1" value="85"/>
					<int name="y1" value="-44"/>
					<int name="x2" value="128"/>
					<int name="y2" value="-44"/>
					<int name="prev" value="22"/>
					<int name="next" value="0"/>
					<int name="piece" value="22"/>
				</imgdir>
			</imgdir>
			<imgdir name="54">
				<imgdir name="24">
					<int name="x1" value="-820"/>
					<int name="y1" value="-414"/>
					<int name="x2" value="-779"/>
					<int name="y2" value="-414"/>
					<int name="prev" value="0"/>
					<int name="next" value="26"/>
					<int name="piece" value="23"/>
				</imgdir>
			</imgdir>
			<imgdir name="56">
				<imgdir name="25">
					<int name="x1" value="-440"/>
					<int name="y1" value="-414"/>
					<int name="x2" value="-397"/>
					<int name="y2" value="-414"/>
					<int name="prev" value="27"/>
					<int name="next" value="0"/>
					<int name="piece" value="24"/>
				</imgdir>
			</imgdir>
			<imgdir name="60">
				<imgdir name="26">
					<int name="x1" value="-779"/>
					<int name="y1" value="-414"/>
					<int name="x2" value="-610"/>
					<int name="y2" value="-414"/>
					<int name="prev" value="24"/>
					<int name="next" value="27"/>
					<int name="piece" value="25"/>
				</imgdir>
			</imgdir>
			<imgdir name="58">
				<imgdir name="27">
					<int name="x1" value="-610"/>
					<int name="y1" value="-414"/>
					<int name="x2" value="-440"/>
					<int name="y2" value="-414"/>
					<int name="prev" value="26"/>
					<int name="next" value="25"/>
					<int name="piece" value="26"/>
				</imgdir>
			</imgdir>
			<imgdir name="57">
				<imgdir name="28">
					<int name="x1" value="458"/>
					<int name="y1" value="-414"/>
					<int name="x2" value="628"/>
					<int name="y2" value="-414"/>
					<int name="prev" value="30"/>
					<int name="next" value="29"/>
					<int name="piece" value="27"/>
				</imgdir>
			</imgdir>
			<imgdir name="55">
				<imgdir name="29">
					<int name="x1" value="628"/>
					<int name="y1" value="-414"/>
					<int name="x2" value="798"/>
					<int name="y2" value="-414"/>
					<int name="prev" value="28"/>
					<int name="next" value="31"/>
					<int name="piece" value="28"/>
				</imgdir>
			</imgdir>
			<imgdir name="61">
				<imgdir name="30">
					<int name="x1" value="418"/>
					<int name="y1" value="-414"/>
					<int name="x2" value="458"/>
					<int name="y2" value="-414"/>
					<int name="prev" value="0"/>
					<int name="next" value="28"/>
					<int name="piece" value="29"/>
				</imgdir>
			</imgdir>
			<imgdir name="59">
				<imgdir name="31">
					<int name="x1" value="798"/>
					<int name="y1" value="-414"/>
					<int name="x2" value="841"/>
					<int name="y2" value="-414"/>
					<int name="prev" value="29"/>
					<int name="next" value="0"/>
					<int name="piece" value="30"/>
				</imgdir>
			</imgdir>
		</imgdir>
	</imgdir>
	<imgdir name="ladderRope">
		<imgdir name="1">
			<int name="l" value="0"/>
			<int name="uf" value="1"/>
			<int name="x" value="994"/>
			<int name="y1" value="-247"/>
			<int name="y2" value="63"/>
			<int name="page" value="5"/>
			<int name="piece" value="51"/>
		</imgdir>
		<imgdir name="2">
			<int name="l" value="0"/>
			<int name="uf" value="1"/>
			<int name="x" value="801"/>
			<int name="y1" value="-92"/>
			<int name="y2" value="109"/>
			<int name="page" value="5"/>
			<int name="piece" value="52"/>
		</imgdir>
		<imgdir name="3">
			<int name="l" value="0"/>
			<int name="uf" value="1"/>
			<int name="x" value="471"/>
			<int name="y1" value="-92"/>
			<int name="y2" value="109"/>
			<int name="page" value="5"/>
			<int name="piece" value="53"/>
		</imgdir>
		<imgdir name="4">
			<int name="l" value="0"/>
			<int name="uf" value="1"/>
			<int name="x" value="-786"/>
			<int name="y1" value="-92"/>
			<int name="y2" value="110"/>
			<int name="page" value="5"/>
			<int name="piece" value="54"/>
		</imgdir>
		<imgdir name="5">
			<int name="l" value="0"/>
			<int name="uf" value="1"/>
			<int name="x" value="-471"/>
			<int name="y1" value="-92"/>
			<int name="y2" value="111"/>
			<int name="page" value="5"/>
			<int name="piece" value="55"/>
		</imgdir>
		<imgdir name="6">
			<int name="l" value="0"/>
			<int name="uf" value="1"/>
			<int name="x" value="-993"/>
			<int name="y1" value="-247"/>
			<int name="y2" value="61"/>
			<int name="page" value="5"/>
			<int name="piece" value="58"/>
		</imgdir>
		<imgdir name="7">
			<int name="l" value="0"/>
			<int name="uf" value="1"/>
			<int name="x" value="-85"/>
			<int name="y1" value="-42"/>
			<int name="y2" value="123"/>
			<int name="page" value="5"/>
			<int name="piece" value="61"/>
		</imgdir>
		<imgdir name="8">
			<int name="l" value="0"/>
			<int name="uf" value="1"/>
			<int name="x" value="85"/>
			<int name="y1" value="-42"/>
			<int name="y2" value="121"/>
			<int name="page" value="5"/>
			<int name="piece" value="62"/>
		</imgdir>
		<imgdir name="9">
			<int name="l" value="0"/>
			<int name="uf" value="1"/>
			<int name="x" value="-321"/>
			<int name="y1" value="-247"/>
			<int name="y2" value="63"/>
			<int name="page" value="5"/>
			<int name="piece" value="65"/>
		</imgdir>
		<imgdir name="10">
			<int name="l" value="0"/>
			<int name="uf" value="1"/>
			<int name="x" value="336"/>
			<int name="y1" value="-247"/>
			<int name="y2" value="62"/>
			<int name="page" value="5"/>
			<int name="piece" value="68"/>
		</imgdir>
		<imgdir name="11">
			<int name="l" value="0"/>
			<int name="uf" value="1"/>
			<int name="x" value="-757"/>
			<int name="y1" value="-412"/>
			<int name="y2" value="-137"/>
			<int name="page" value="5"/>
			<int name="piece" value="73"/>
		</imgdir>
		<imgdir name="12">
			<int name="l" value="0"/>
			<int name="uf" value="1"/>
			<int name="x" value="-438"/>
			<int name="y1" value="-412"/>
			<int name="y2" value="-140"/>
			<int name="page" value="5"/>
			<int name="piece" value="74"/>
		</imgdir>
		<imgdir name="13">
			<int name="l" value="0"/>
			<int name="uf" value="1"/>
			<int name="x" value="456"/>
			<int name="y1" value="-412"/>
			<int name="y2" value="-140"/>
			<int name="page" value="5"/>
			<int name="piece" value="77"/>
		</imgdir>
		<imgdir name="14">
			<int name="l" value="0"/>
			<int name="uf" value="1"/>
			<int name="x" value="807"/>
			<int name="y1" value="-412"/>
			<int name="y2" value="-139"/>
			<int name="page" value="5"/>
			<int name="piece" value="80"/>
		</imgdir>
		<imgdir name="15">
			<int name="l" value="0"/>
			<int name="uf" value="1"/>
			<int name="x" value="908"/>
			<int name="y1" value="-247"/>
			<int name="y2" value="-46"/>
			<int name="page" value="5"/>
			<int name="piece" value="83"/>
		</imgdir>
		<imgdir name="16">
			<int name="l" value="0"/>
			<int name="uf" value="1"/>
			<int name="x" value="-897"/>
			<int name="y1" value="-247"/>
			<int name="y2" value="-46"/>
			<int name="page" value="5"/>
			<int name="piece" value="86"/>
		</imgdir>
	</imgdir>
	<imgdir name="miniMap">
		<canvas name="canvas" width="135" height="58">
			<string name="_hash" value="6341705ef7c10552d30eea18ddc39f70d25e8cf1c23746148499016fbfb71a23"/>
		</canvas>
		<int name="width" value="2160"/>
		<int name="height" value="940"/>
		<int name="centerX" value="1080"/>
		<int name="centerY" value="640"/>
		<int name="mag" value="4"/>
	</imgdir>
	<imgdir name="portal">
		<imgdir name="0">
			<string name="pn" value="sp"/>
			<int name="pt" value="0"/>
			<int name="x" value="0"/>
			<int name="y" value="-62"/>
			<int name="tm" value="999999999"/>
			<string name="tn" value=""/>
			<int name="horizontalImpact" value="0"/>
		</imgdir>
		<imgdir name="1">
			<string name="pn" value="west00"/>
			<int name="pt" value="2"/>
			<int name="x" value="-900"/>
			<int name="y" value="148"/>
			<int name="tm" value="101080900"/>
			<string name="tn" value="east00"/>
			<int name="horizontalImpact" value="0"/>
			<string name="script" value="pt_101081000"/>
			<int name="hideTooltip" value="0"/>
			<int name="onlyOnce" value="0"/>
			<int name="delay" value="0"/>
		</imgdir>
		<imgdir name="2">
			<string name="pn" value="east00"/>
			<int name="pt" value="2"/>
			<int name="x" value="900"/>
			<int name="y" value="148"/>
			<int name="tm" value="101081100"/>
			<string name="tn" value="west00"/>
			<int name="horizontalImpact" value="0"/>
		</imgdir>
	</imgdir>
	<imgdir name="particle">
		<imgdir name="Elodin_fog_1">
			<imgdir name="0">
				<int name="x" value="-573"/>
				<int name="y" value="-15"/>
				<int name="z" value="0"/>
				<int name="rx" value="-100"/>
				<int name="ry" value="-100"/>
			</imgdir>
		</imgdir>
		<imgdir name="Elodin_fog_2">
			<imgdir name="0">
				<int name="x" value="-594"/>
				<int name="y" value="-246"/>
				<int name="z" value="-1073454624"/>
				<int name="rx" value="-100"/>
				<int name="ry" value="-100"/>
			</imgdir>
		</imgdir>
		<imgdir name="Elodin_fog_3">
			<imgdir name="0">
				<int name="x" value="-588"/>
				<int name="y" value="-259"/>
				<int name="z" value="-1073858824"/>
				<int name="rx" value="-100"/>
				<int name="ry" value="-100"/>
			</imgdir>
		</imgdir>
		<imgdir name="Elodin_light_2">
			<imgdir name="0">
				<int name="x" value="-387"/>
				<int name="y" value="-358"/>
				<int name="z" value="-1073471624"/>
				<int name="rx" value="-95"/>
				<int name="ry" value="-95"/>
			</imgdir>
			<imgdir name="1">
				<int name="x" value="348"/>
				<int name="y" value="-349"/>
				<int name="z" value="-1073471624"/>
				<int name="rx" value="-95"/>
				<int name="ry" value="-95"/>
			</imgdir>
		</imgdir>
	</imgdir>
</imgdir>