-- ----------------------------
-- Records of 商店
-- ----------------------------
INSERT INTO `shops` VALUES ('9010109', '9010109');
INSERT INTO `shops` VALUES ('2540017', '2540017');
INSERT INTO `shops` VALUES ('1500028', '1500028');
-- ----------------------------
-- Records of 商店物品
-- ----------------------------
INSERT INTO `shopitems` VALUES ('1282585', '9010109', '2023658', '0', '4310229', '20', '0', '1', '1', '1', '0', '0', '0');
INSERT INTO `shopitems` VALUES ('1282586', '9010109', '2023659', '0', '4310229', '30', '0', '2', '1', '1', '0', '0', '0');
INSERT INTO `shopitems` VALUES ('1282587', '9010109', '2023660', '0', '4310229', '50', '0', '3', '1', '1', '0', '0', '0');
INSERT INTO `shopitems` VALUES ('1282588', '9010109', '2023661', '0', '4310229', '30', '0', '4', '1', '1', '0', '0', '0');
INSERT INTO `shopitems` VALUES ('1282589', '9010109', '2023662', '0', '4310229', '70', '0', '5', '1', '1', '0', '0', '0');
INSERT INTO `shopitems` VALUES ('1282590', '9010109', '2023663', '0', '4310229', '70', '0', '6', '1', '1', '0', '0', '0');
INSERT INTO `shopitems` VALUES ('1282591', '9010109', '2023664', '0', '4310229', '30', '0', '7', '1', '1', '0', '0', '0');
INSERT INTO `shopitems` VALUES ('1282592', '9010109', '2023665', '0', '4310229', '50', '0', '8', '1', '1', '0', '0', '0');
INSERT INTO `shopitems` VALUES ('1282593', '9010109', '2023666', '0', '4310229', '70', '0', '9', '1', '1', '0', '0', '0');
INSERT INTO `shopitems` VALUES ('1282599', '9010109', '2450149', '0', '4310229', '70', '0', '12', '1', '1', '0', '0', '0');
INSERT INTO `shopitems` VALUES ('1282598', '9010109', '2450148', '0', '4310229', '50', '0', '11', '1', '1', '0', '0', '0');
INSERT INTO `shopitems` VALUES ('1282597', '9010109', '2450147', '0', '4310229', '30', '0', '10', '1', '1', '0', '0', '0');
INSERT INTO `shopitems` VALUES ('1282600', '9010109', '2049032', '0', '4310229', '60', '0', '13', '1', '1', '0', '0', '0');
INSERT INTO `shopitems` VALUES ('1282601', '9010109', '2049710', '0', '4310229', '140', '0', '14', '1', '1', '0', '0', '0');
INSERT INTO `shopitems` VALUES ('1282602', '9010109', '2049501', '0', '4310229', '40', '0', '15', '1', '100', '0', '0', '0');
INSERT INTO `shopitems` VALUES ('1282603', '9010109', '2049175', '0', '4310229', '140', '0', '16', '1', '1', '0', '0', '0');
INSERT INTO `shopitems` VALUES ('1282604', '9010109', '2048744', '0', '4310229', '80', '0', '17', '1', '1', '0', '0', '0');
INSERT INTO `shopitems` VALUES ('1282605', '9010109', '2436614', '0', '4310229', '30', '0', '18', '1', '1', '0', '0', '0');
INSERT INTO `shopitems` VALUES ('1282606', '9010109', '2436615', '0', '4310229', '50', '0', '19', '1', '1', '0', '0', '0');
INSERT INTO `shopitems` VALUES ('1282607', '9010109', '2436616', '0', '4310229', '70', '0', '20', '1', '1', '0', '0', '0');
INSERT INTO `shopitems` VALUES ('1282608', '9010109', '2436617', '0', '4310229', '75', '0', '21', '1', '1', '0', '0', '0');
INSERT INTO `shopitems` VALUES ('1282609', '9010109', '2436618', '0', '4310229', '110', '0', '22', '1', '1', '0', '0', '0');
INSERT INTO `shopitems` VALUES ('1282610', '9010109', '2436619', '0', '4310229', '150', '0', '23', '1', '1', '0', '0', '0');
INSERT INTO `shopitems` VALUES ('1282611', '9010109', '2436884', '0', '4310229', '500', '0', '24', '1', '1', '0', '0', '0');
INSERT INTO `shopitems` VALUES ('1282612', '9010109', '2535000', '0', '4310229', '300', '0', '25', '1', '1', '0', '0', '0');
INSERT INTO `shopitems` VALUES ('1282613', '9010109', '2439267', '0', '4310229', '250', '0', '26', '1', '1', '0', '0', '0');
INSERT INTO `shopitems` VALUES ('1282614', '9010109', '2439268', '0', '4310229', '350', '0', '27', '1', '1', '0', '0', '0');
INSERT INTO `shopitems` VALUES ('1282615', '9010109', '2439269', '0', '4310229', '500', '0', '28', '1', '1', '0', '0', '0');
INSERT INTO `shopitems` VALUES ('1282616', '2540017', '2432465', '0', '4036455', '300000', '0', '1', '1', '1', '0', '0', '0');
INSERT INTO `shopitems` VALUES ('1282617', '2540017', '2431965', '0', '4036455', '5000', '0', '2', '1', '100', '0', '0', '0');
INSERT INTO `shopitems` VALUES ('1282618', '2540017', '3014002', '0', '4036455', '150000', '0', '3', '1', '1', '0', '0', '0');
INSERT INTO `shopitems` VALUES ('1282619', '2540017', '2432468', '0', '4036455', '20000', '0', '4', '1', '100', '0', '0', '0');
INSERT INTO `shopitems` VALUES ('1282620', '2540017', '2433841', '0', '4036455', '1000', '0', '5', '1', '100', '0', '0', '0');
INSERT INTO `shopitems` VALUES ('1282627', '2540017', '2432440', '0', '4036455', '150', '0', '12', '1', '300', '0', '0', '0');
INSERT INTO `shopitems` VALUES ('1282626', '2540017', '2432439', '0', '4036455', '90', '0', '11', '1', '300', '0', '0', '0');
INSERT INTO `shopitems` VALUES ('1282625', '2540017', '2432438', '0', '4036455', '30', '0', '10', '1', '300', '0', '0', '0');
INSERT INTO `shopitems` VALUES ('1282624', '2540017', '2432589', '0', '4036455', '10000', '0', '9', '1', '300', '0', '0', '0');
INSERT INTO `shopitems` VALUES ('1282628', '2540017', '2432441', '0', '4036455', '300', '0', '13', '1', '300', '0', '0', '0');
INSERT INTO `shopitems` VALUES ('1282629', '2540017', '2432442', '0', '4036455', '600', '0', '14', '1', '300', '0', '0', '0');
INSERT INTO `shopitems` VALUES ('1282630', '2540017', '2432443', '0', '4036455', '60', '0', '15', '1', '300', '0', '0', '0');
INSERT INTO `shopitems` VALUES ('1282631', '2540017', '2432444', '0', '4036455', '180', '0', '16', '1', '300', '0', '0', '0');
INSERT INTO `shopitems` VALUES ('1282632', '2540017', '2432445', '0', '4036455', '300', '0', '17', '1', '300', '0', '0', '0');
INSERT INTO `shopitems` VALUES ('1282633', '2540017', '2432446', '0', '4036455', '600', '0', '18', '1', '300', '0', '0', '0');
INSERT INTO `shopitems` VALUES ('1282634', '2540017', '2432447', '0', '4036455', '1200', '0', '19', '1', '300', '0', '0', '0');
INSERT INTO `shopitems` VALUES ('1282635', '1500028', '2120000', '30', '0', '0', '0', '1', '1', '9000', '0', '0', '0');
INSERT INTO `shopitems` VALUES ('1282636', '1500028', '2050004', '500', '0', '0', '0', '2', '1', '3000', '0', '0', '0');
INSERT INTO `shopitems` VALUES ('1282637', '1500028', '2000005', '10000', '0', '0', '0', '3', '1', '3000', '0', '0', '0');
-- ----------------------------
-- Records of 怪物掉落
-- ----------------------------
INSERT INTO `drop_data` VALUES ('28618', '9309093', '古代橙龟', '4009238', '', '5', '30', '0', '500000');
INSERT INTO `drop_data` VALUES ('28619', '9309093', '古代橙龟', '4009238', '', '5', '30', '0', '500000');
INSERT INTO `drop_data` VALUES ('28620', '9309093', '古代橙龟', '4009238', '', '5', '30', '0', '500000');
INSERT INTO `drop_data` VALUES ('28621', '9309092', '古代橙龟', '4009237', '', '5', '30', '0', '500000');
INSERT INTO `drop_data` VALUES ('28622', '9309092', '古代橙龟', '4009237', '', '5', '30', '0', '500000');
INSERT INTO `drop_data` VALUES ('28623', '9309092', '古代橙龟', '4009237', '', '5', '30', '0', '500000');
INSERT INTO `drop_data` VALUES ('28624', '9309043', '', '4009238', '古代橙龟蛋', '5', '30', '0', '500000');
INSERT INTO `drop_data` VALUES ('28625', '9309043', '', '4009238', '古代橙龟蛋', '5', '30', '0', '500000');
INSERT INTO `drop_data` VALUES ('28626', '9309043', '', '4009238', '古代橙龟蛋', '5', '30', '0', '500000');
INSERT INTO `drop_data` VALUES ('28627', '9309042', '', '4009237', '古代橙龟蛋', '5', '30', '0', '500000');
INSERT INTO `drop_data` VALUES ('28628', '9309042', '', '4009237', '古代橙龟蛋', '5', '30', '0', '500000');
INSERT INTO `drop_data` VALUES ('28629', '9309042', '', '4009237', '古代橙龟蛋', '5', '30', '0', '500000');
INSERT INTO `drop_data` VALUES ('28630', '9309035', '', '4009236', '', '1', '1', '0', '100000');
INSERT INTO `drop_data` VALUES ('28631', '9309038', '', '4009234', '', '1', '1', '0', '100000');
INSERT INTO `drop_data` VALUES ('28632', '9309088', '', '4009234', '', '1', '1', '0', '100000');
INSERT INTO `drop_data` VALUES ('28633', '9309089', '', '4009235', '', '1', '1', '0', '100000');
INSERT INTO `drop_data` VALUES ('28634', '9309039', '', '4009235', '', '1', '1', '0', '100000');
INSERT INTO `drop_data` VALUES ('28635', '3501000', '粉莹水灵', '4033824', '星光结晶', '1', '1', '32103', '300000');
INSERT INTO `drop_data` VALUES ('28636', '3501002', '', '4033826', '4033826', '1', '1', '32107', '30000');
INSERT INTO `drop_data` VALUES ('28637', '3501009', '神秘威舍', '4033827', '库迪的研究报告书', '1', '1', '32108', '100000');
INSERT INTO `drop_data` VALUES ('28638', '3501004', '下级魔', '2431768', '们的纸条	', '1', '1', '32110', '100000');
INSERT INTO `drop_data` VALUES ('28639', '3501005', '下级魔', '2431769', '们的纸条	', '1', '1', '32113', '100000');
