<?xml version="1.0" encoding="UTF-8" standalone="yes"?>
<imgdir name="744000000.img">
	<imgdir name="info">
		<int name="version" value="10"/>
		<int name="cloud" value="0"/>
		<int name="town" value="1"/>
		<int name="returnMap" value="744000000"/>
		<float name="mobRate" value="1.0"/>
		<string name="bgm" value="BgmTW/MapleHighSchoolCN"/>
		<string name="mapDesc" value=""/>
		<int name="forcedReturn" value="744000000"/>
		<int name="hideMinimap" value="0"/>
		<int name="moveLimit" value="0"/>
		<string name="mapMark" value="SeoMoonJungTW"/>
		<int name="swim" value="0"/>
		<int name="fly" value="0"/>
		<int name="noMapCmd" value="0"/>
		<int name="fieldLimit" value="0"/>
		<string name="onFirstUserEnter" value="StageFirstUserEnter"/>
		<string name="onUserEnter" value="StageUserEnter"/>
		<int name="VRTop" value="-400"/>
		<int name="VRLeft" value="-672"/>
		<int name="VRBottom" value="439"/>
		<int name="VRRight" value="674"/>
	</imgdir>
	<imgdir name="back">
		<imgdir name="0">
			<string name="bS" value=""/>
			<int name="no" value="0"/>
			<int name="x" value="0"/>
			<int name="y" value="0"/>
			<int name="rx" value="0"/>
			<int name="ry" value="0"/>
			<int name="type" value="0"/>
			<int name="cx" value="0"/>
			<int name="cy" value="0"/>
			<int name="a" value="255"/>
			<int name="front" value="0"/>
			<int name="ani" value="0"/>
			<int name="f" value="0"/>
		</imgdir>
	</imgdir>
	<imgdir name="0">
		<imgdir name="info">
		</imgdir>
		<imgdir name="tile">
		</imgdir>
		<imgdir name="obj">
		</imgdir>
	</imgdir>
	<imgdir name="7">
		<imgdir name="info">
		</imgdir>
		<imgdir name="tile">
		</imgdir>
		<imgdir name="obj">
		</imgdir>
	</imgdir>
	<imgdir name="reactor">
	</imgdir>
	<imgdir name="1">
		<imgdir name="info">
		</imgdir>
		<imgdir name="tile">
		</imgdir>
		<imgdir name="obj">
			<imgdir name="0">
				<string name="oS" value="MapleHighSchoolCN"/>
				<string name="l0" value="back"/>
				<string name="l1" value="wall"/>
				<string name="l2" value="1"/>
				<int name="x" value="0"/>
				<int name="y" value="8"/>
				<int name="z" value="9"/>
				<int name="f" value="0"/>
				<int name="zM" value="1"/>
				<int name="r" value="0"/>
				<int name="move" value="0"/>
				<int name="dynamic" value="0"/>
				<int name="piece" value="0"/>
			</imgdir>
		</imgdir>
	</imgdir>
	<imgdir name="2">
		<imgdir name="info">
		</imgdir>
		<imgdir name="tile">
		</imgdir>
		<imgdir name="obj">
			<imgdir name="0">
				<string name="oS" value="MapleHighSchoolCN"/>
				<string name="l0" value="back"/>
				<string name="l1" value="door"/>
				<string name="l2" value="2"/>
				<int name="x" value="476"/>
				<int name="y" value="161"/>
				<int name="z" value="9"/>
				<int name="f" value="0"/>
				<int name="zM" value="8"/>
				<int name="r" value="0"/>
				<int name="move" value="0"/>
				<int name="dynamic" value="0"/>
				<int name="piece" value="0"/>
			</imgdir>
			<imgdir name="1">
				<string name="oS" value="MapleHighSchoolCN"/>
				<string name="l0" value="class"/>
				<string name="l1" value="etc"/>
				<string name="l2" value="10"/>
				<int name="x" value="-329"/>
				<int name="y" value="44"/>
				<int name="z" value="9"/>
				<int name="f" value="0"/>
				<int name="zM" value="12"/>
				<int name="r" value="0"/>
				<int name="move" value="0"/>
				<int name="dynamic" value="0"/>
				<int name="piece" value="1"/>
			</imgdir>
			<imgdir name="2">
				<string name="oS" value="MapleHighSchoolCN"/>
				<string name="l0" value="class"/>
				<string name="l1" value="etc"/>
				<string name="l2" value="25"/>
				<int name="x" value="-392"/>
				<int name="y" value="83"/>
				<int name="z" value="9"/>
				<int name="f" value="1"/>
				<int name="zM" value="10"/>
				<int name="r" value="0"/>
				<int name="move" value="0"/>
				<int name="dynamic" value="0"/>
				<int name="piece" value="2"/>
			</imgdir>
			<imgdir name="3">
				<string name="oS" value="MapleHighSchoolCN"/>
				<string name="l0" value="class"/>
				<string name="l1" value="etc"/>
				<string name="l2" value="20"/>
				<int name="x" value="-387"/>
				<int name="y" value="18"/>
				<int name="z" value="9"/>
				<int name="f" value="1"/>
				<int name="zM" value="13"/>
				<int name="r" value="0"/>
				<int name="move" value="0"/>
				<int name="dynamic" value="0"/>
				<int name="piece" value="3"/>
			</imgdir>
			<imgdir name="7">
				<string name="oS" value="MapleHighSchoolCN"/>
				<string name="l0" value="class"/>
				<string name="l1" value="etc"/>
				<string name="l2" value="18"/>
				<int name="x" value="326"/>
				<int name="y" value="57"/>
				<int name="z" value="9"/>
				<int name="f" value="0"/>
				<int name="zM" value="9"/>
				<int name="r" value="0"/>
				<int name="move" value="0"/>
				<int name="dynamic" value="0"/>
				<int name="piece" value="7"/>
			</imgdir>
			<imgdir name="4">
				<string name="oS" value="MapleHighSchoolCN"/>
				<string name="l0" value="class"/>
				<string name="l1" value="etc"/>
				<string name="l2" value="27"/>
				<int name="x" value="396"/>
				<int name="y" value="-3"/>
				<int name="z" value="9"/>
				<int name="f" value="0"/>
				<int name="zM" value="15"/>
				<int name="r" value="0"/>
				<int name="move" value="0"/>
				<int name="dynamic" value="0"/>
				<int name="piece" value="4"/>
			</imgdir>
			<imgdir name="6">
				<string name="oS" value="MapleHighSchoolCN"/>
				<string name="l0" value="back"/>
				<string name="l1" value="speaker"/>
				<string name="l2" value="0"/>
				<int name="x" value="-482"/>
				<int name="y" value="-209"/>
				<int name="z" value="9"/>
				<int name="f" value="0"/>
				<int name="zM" value="19"/>
				<int name="r" value="0"/>
				<int name="move" value="0"/>
				<int name="dynamic" value="0"/>
				<int name="piece" value="6"/>
			</imgdir>
			<imgdir name="5">
				<string name="oS" value="MapleHighSchoolCN"/>
				<string name="l0" value="class"/>
				<string name="l1" value="etc"/>
				<string name="l2" value="26"/>
				<int name="x" value="395"/>
				<int name="y" value="29"/>
				<int name="z" value="9"/>
				<int name="f" value="0"/>
				<int name="zM" value="14"/>
				<int name="r" value="0"/>
				<int name="move" value="0"/>
				<int name="dynamic" value="0"/>
				<int name="piece" value="5"/>
			</imgdir>
		</imgdir>
	</imgdir>
	<imgdir name="3">
		<imgdir name="info">
		</imgdir>
		<imgdir name="tile">
		</imgdir>
		<imgdir name="obj">
			<imgdir name="0">
				<string name="oS" value="MapleHighSchoolCN"/>
				<string name="l0" value="class"/>
				<string name="l1" value="desk"/>
				<string name="l2" value="0"/>
				<int name="x" value="-277"/>
				<int name="y" value="222"/>
				<int name="z" value="9"/>
				<int name="f" value="0"/>
				<int name="zM" value="3"/>
				<int name="r" value="0"/>
				<int name="move" value="0"/>
				<int name="dynamic" value="0"/>
				<int name="piece" value="0"/>
			</imgdir>
			<imgdir name="1">
				<string name="oS" value="MapleHighSchoolCN"/>
				<string name="l0" value="class"/>
				<string name="l1" value="desk"/>
				<string name="l2" value="1"/>
				<int name="x" value="-103"/>
				<int name="y" value="221"/>
				<int name="z" value="9"/>
				<int name="f" value="0"/>
				<int name="zM" value="5"/>
				<int name="r" value="0"/>
				<int name="move" value="0"/>
				<int name="dynamic" value="0"/>
				<int name="piece" value="1"/>
			</imgdir>
			<imgdir name="2">
				<string name="oS" value="MapleHighSchoolCN"/>
				<string name="l0" value="class"/>
				<string name="l1" value="desk"/>
				<string name="l2" value="2"/>
				<int name="x" value="67"/>
				<int name="y" value="223"/>
				<int name="z" value="9"/>
				<int name="f" value="0"/>
				<int name="zM" value="2"/>
				<int name="r" value="0"/>
				<int name="move" value="0"/>
				<int name="dynamic" value="0"/>
				<int name="piece" value="2"/>
			</imgdir>
			<imgdir name="3">
				<string name="oS" value="MapleHighSchoolCN"/>
				<string name="l0" value="class"/>
				<string name="l1" value="desk"/>
				<string name="l2" value="3"/>
				<int name="x" value="235"/>
				<int name="y" value="22"/>
				<int name="z" value="9"/>
				<int name="f" value="0"/>
				<int name="zM" value="11"/>
				<int name="r" value="0"/>
				<int name="move" value="0"/>
				<int name="dynamic" value="0"/>
				<int name="piece" value="3"/>
			</imgdir>
			<imgdir name="4">
				<string name="oS" value="MapleHighSchoolCN"/>
				<string name="l0" value="class"/>
				<string name="l1" value="chair"/>
				<string name="l2" value="0"/>
				<int name="x" value="-190"/>
				<int name="y" value="216"/>
				<int name="z" value="9"/>
				<int name="f" value="0"/>
				<int name="zM" value="6"/>
				<int name="r" value="0"/>
				<int name="move" value="0"/>
				<int name="dynamic" value="0"/>
				<int name="piece" value="4"/>
			</imgdir>
			<imgdir name="5">
				<string name="oS" value="MapleHighSchoolCN"/>
				<string name="l0" value="class"/>
				<string name="l1" value="chair"/>
				<string name="l2" value="1"/>
				<int name="x" value="-17"/>
				<int name="y" value="218"/>
				<int name="z" value="9"/>
				<int name="f" value="0"/>
				<int name="zM" value="5"/>
				<int name="r" value="0"/>
				<int name="move" value="0"/>
				<int name="dynamic" value="0"/>
				<int name="piece" value="5"/>
			</imgdir>
			<imgdir name="6">
				<string name="oS" value="MapleHighSchoolCN"/>
				<string name="l0" value="class"/>
				<string name="l1" value="chair"/>
				<string name="l2" value="2"/>
				<int name="x" value="153"/>
				<int name="y" value="217"/>
				<int name="z" value="9"/>
				<int name="f" value="0"/>
				<int name="zM" value="2"/>
				<int name="r" value="0"/>
				<int name="move" value="0"/>
				<int name="dynamic" value="0"/>
				<int name="piece" value="6"/>
			</imgdir>
			<imgdir name="7">
				<string name="oS" value="MapleHighSchoolCN"/>
				<string name="l0" value="class"/>
				<string name="l1" value="chair"/>
				<string name="l2" value="3"/>
				<int name="x" value="336"/>
				<int name="y" value="217"/>
				<int name="z" value="9"/>
				<int name="f" value="0"/>
				<int name="zM" value="7"/>
				<int name="r" value="0"/>
				<int name="move" value="0"/>
				<int name="dynamic" value="0"/>
				<int name="piece" value="7"/>
			</imgdir>
			<imgdir name="8">
				<string name="oS" value="MapleHighSchoolCN"/>
				<string name="l0" value="class"/>
				<string name="l1" value="desk"/>
				<string name="l2" value="4"/>
				<int name="x" value="245"/>
				<int name="y" value="222"/>
				<int name="z" value="9"/>
				<int name="f" value="0"/>
				<int name="zM" value="4"/>
				<int name="r" value="0"/>
				<int name="move" value="0"/>
				<int name="dynamic" value="0"/>
				<int name="piece" value="8"/>
			</imgdir>
			<imgdir name="9">
				<string name="oS" value="MapleHighSchoolCN"/>
				<string name="l0" value="class"/>
				<string name="l1" value="desk"/>
				<string name="l2" value="5"/>
				<int name="x" value="242"/>
				<int name="y" value="172"/>
				<int name="z" value="9"/>
				<int name="f" value="0"/>
				<int name="zM" value="4"/>
				<int name="r" value="0"/>
				<int name="move" value="0"/>
				<int name="dynamic" value="0"/>
				<int name="piece" value="9"/>
			</imgdir>
			<imgdir name="10">
				<string name="oS" value="MapleHighSchoolCN"/>
				<string name="l0" value="class"/>
				<string name="l1" value="desk"/>
				<string name="l2" value="6"/>
				<int name="x" value="238"/>
				<int name="y" value="122"/>
				<int name="z" value="9"/>
				<int name="f" value="0"/>
				<int name="zM" value="4"/>
				<int name="r" value="0"/>
				<int name="move" value="0"/>
				<int name="dynamic" value="0"/>
				<int name="piece" value="10"/>
			</imgdir>
			<imgdir name="11">
				<string name="oS" value="MapleHighSchoolCN"/>
				<string name="l0" value="class"/>
				<string name="l1" value="desk"/>
				<string name="l2" value="7"/>
				<int name="x" value="237"/>
				<int name="y" value="73"/>
				<int name="z" value="9"/>
				<int name="f" value="0"/>
				<int name="zM" value="11"/>
				<int name="r" value="0"/>
				<int name="move" value="0"/>
				<int name="dynamic" value="0"/>
				<int name="piece" value="11"/>
			</imgdir>
		</imgdir>
	</imgdir>
	<imgdir name="4">
		<imgdir name="info">
		</imgdir>
		<imgdir name="tile">
		</imgdir>
		<imgdir name="obj">
		</imgdir>
	</imgdir>
	<imgdir name="5">
		<imgdir name="info">
		</imgdir>
		<imgdir name="tile">
		</imgdir>
		<imgdir name="obj">
			<imgdir name="0">
				<string name="oS" value="MapleHighSchoolCN"/>
				<string name="l0" value="back"/>
				<string name="l1" value="light"/>
				<string name="l2" value="3"/>
				<int name="x" value="-331"/>
				<int name="y" value="-233"/>
				<int name="z" value="9"/>
				<int name="f" value="0"/>
				<int name="zM" value="17"/>
				<int name="r" value="0"/>
				<int name="move" value="0"/>
				<int name="dynamic" value="0"/>
				<int name="piece" value="0"/>
			</imgdir>
			<imgdir name="2">
				<string name="oS" value="MapleHighSchoolCN"/>
				<string name="l0" value="back"/>
				<string name="l1" value="light"/>
				<string name="l2" value="2"/>
				<int name="x" value="105"/>
				<int name="y" value="-270"/>
				<int name="z" value="9"/>
				<int name="f" value="0"/>
				<int name="zM" value="20"/>
				<int name="r" value="0"/>
				<int name="move" value="0"/>
				<int name="dynamic" value="0"/>
				<int name="piece" value="2"/>
			</imgdir>
			<imgdir name="1">
				<string name="oS" value="MapleHighSchoolCN"/>
				<string name="l0" value="back"/>
				<string name="l1" value="light"/>
				<string name="l2" value="3"/>
				<int name="x" value="-111"/>
				<int name="y" value="-234"/>
				<int name="z" value="9"/>
				<int name="f" value="0"/>
				<int name="zM" value="18"/>
				<int name="r" value="0"/>
				<int name="move" value="0"/>
				<int name="dynamic" value="0"/>
				<int name="piece" value="1"/>
			</imgdir>
		</imgdir>
	</imgdir>
	<imgdir name="6">
		<imgdir name="info">
		</imgdir>
		<imgdir name="tile">
		</imgdir>
		<imgdir name="obj">
			<imgdir name="0">
				<string name="oS" value="MapleHighSchoolCN"/>
				<string name="l0" value="back"/>
				<string name="l1" value="ceiling"/>
				<string name="l2" value="1"/>
				<int name="x" value="1"/>
				<int name="y" value="-315"/>
				<int name="z" value="9"/>
				<int name="f" value="0"/>
				<int name="zM" value="21"/>
				<int name="r" value="0"/>
				<int name="move" value="0"/>
				<int name="dynamic" value="0"/>
				<int name="piece" value="0"/>
			</imgdir>
			<imgdir name="1">
				<string name="oS" value="MapleHighSchoolCN"/>
				<string name="l0" value="class"/>
				<string name="l1" value="bottom"/>
				<string name="l2" value="0"/>
				<int name="x" value="1"/>
				<int name="y" value="320"/>
				<int name="z" value="9"/>
				<int name="f" value="0"/>
				<int name="zM" value="0"/>
				<int name="r" value="0"/>
				<int name="move" value="0"/>
				<int name="dynamic" value="0"/>
				<int name="piece" value="1"/>
			</imgdir>
			<imgdir name="2">
				<string name="oS" value="connect"/>
				<string name="l0" value="rope"/>
				<string name="l1" value="1"/>
				<string name="l2" value="0"/>
				<int name="x" value="106"/>
				<int name="y" value="-134"/>
				<int name="z" value="9"/>
				<int name="f" value="0"/>
				<int name="zM" value="16"/>
				<int name="r" value="0"/>
				<int name="move" value="0"/>
				<int name="dynamic" value="0"/>
				<int name="piece" value="2"/>
			</imgdir>
		</imgdir>
	</imgdir>
	<imgdir name="life">
		<imgdir name="0">
			<string name="type" value="n"/>
			<string name="id" value="9330165"/>
			<int name="x" value="-373"/>
			<int name="y" value="244"/>
			<int name="mobTime" value="0"/>
			<int name="f" value="1"/>
			<int name="hide" value="0"/>
			<int name="fh" value="26"/>
			<int name="cy" value="249"/>
			<int name="rx0" value="-423"/>
			<int name="rx1" value="-323"/>
		</imgdir>
		<imgdir name="1">
			<string name="type" value="n"/>
			<string name="id" value="9330166"/>
			<int name="x" value="428"/>
			<int name="y" value="244"/>
			<int name="mobTime" value="0"/>
			<int name="f" value="0"/>
			<int name="hide" value="0"/>
			<int name="fh" value="26"/>
			<int name="cy" value="249"/>
			<int name="rx0" value="378"/>
			<int name="rx1" value="478"/>
		</imgdir>
		<imgdir name="2">
			<string name="type" value="n"/>
			<string name="id" value="9330168"/>
			<int name="x" value="-194"/>
			<int name="y" value="217"/>
			<int name="mobTime" value="0"/>
			<int name="f" value="0"/>
			<int name="hide" value="0"/>
			<int name="fh" value="18"/>
			<int name="cy" value="220"/>
			<int name="rx0" value="-201"/>
			<int name="rx1" value="-183"/>
		</imgdir>
		<imgdir name="3">
			<string name="type" value="n"/>
			<string name="id" value="9330167"/>
			<int name="x" value="53"/>
			<int name="y" value="195"/>
			<int name="mobTime" value="0"/>
			<int name="f" value="0"/>
			<int name="hide" value="0"/>
			<int name="fh" value="11"/>
			<int name="cy" value="199"/>
			<int name="rx0" value="37"/>
			<int name="rx1" value="103"/>
		</imgdir>
		<imgdir name="5">
			<string name="type" value="n"/>
			<string name="id" value="9330170"/>
			<int name="x" value="-103"/>
			<int name="y" value="190"/>
			<int name="mobTime" value="0"/>
			<int name="f" value="0"/>
			<int name="hide" value="0"/>
			<int name="fh" value="9"/>
			<int name="cy" value="197"/>
			<int name="rx0" value="-133"/>
			<int name="rx1" value="-53"/>
		</imgdir>
		<imgdir name="6">
			<string name="type" value="n"/>
			<string name="id" value="9330171"/>
			<int name="x" value="155"/>
			<int name="y" value="218"/>
			<int name="mobTime" value="0"/>
			<int name="f" value="0"/>
			<int name="hide" value="0"/>
			<int name="fh" value="13"/>
			<int name="cy" value="221"/>
			<int name="rx0" value="105"/>
			<int name="rx1" value="160"/>
		</imgdir>
		<imgdir name="7">
			<string name="type" value="n"/>
			<string name="id" value="9330172"/>
			<int name="x" value="-14"/>
			<int name="y" value="217"/>
			<int name="mobTime" value="0"/>
			<int name="f" value="0"/>
			<int name="hide" value="0"/>
			<int name="fh" value="10"/>
			<int name="cy" value="222"/>
			<int name="rx0" value="-64"/>
			<int name="rx1" value="-10"/>
		</imgdir>
		<imgdir name="9">
			<string name="type" value="n"/>
			<string name="id" value="9330174"/>
			<int name="x" value="197"/>
			<int name="y" value="-31"/>
			<int name="mobTime" value="0"/>
			<int name="f" value="0"/>
			<int name="hide" value="0"/>
			<int name="fh" value="1"/>
			<int name="cy" value="-28"/>
			<int name="rx0" value="147"/>
			<int name="rx1" value="247"/>
		</imgdir>
		<imgdir name="10">
			<string name="type" value="n"/>
			<string name="id" value="9330175"/>
			<int name="x" value="320"/>
			<int name="y" value="-105"/>
			<int name="mobTime" value="0"/>
			<int name="f" value="0"/>
			<int name="hide" value="0"/>
			<int name="fh" value="5"/>
			<int name="cy" value="-102"/>
			<int name="rx0" value="270"/>
			<int name="rx1" value="320"/>
		</imgdir>
		<imgdir name="11">
			<string name="type" value="n"/>
			<string name="id" value="9330176"/>
			<int name="x" value="333"/>
			<int name="y" value="182"/>
			<int name="mobTime" value="0"/>
			<int name="f" value="0"/>
			<int name="hide" value="0"/>
			<int name="fh" value="19"/>
			<int name="cy" value="188"/>
			<int name="rx0" value="329"/>
			<int name="rx1" value="333"/>
		</imgdir>
		<imgdir name="12">
			<string name="type" value="n"/>
			<string name="id" value="9330177"/>
			<int name="x" value="-216"/>
			<int name="y" value="-32"/>
			<int name="mobTime" value="0"/>
			<int name="f" value="1"/>
			<int name="hide" value="0"/>
			<int name="fh" value="1"/>
			<int name="cy" value="-28"/>
			<int name="rx0" value="-266"/>
			<int name="rx1" value="-166"/>
		</imgdir>
		<imgdir name="13">
			<string name="type" value="n"/>
			<string name="id" value="9330178"/>
			<int name="x" value="-282"/>
			<int name="y" value="193"/>
			<int name="mobTime" value="0"/>
			<int name="f" value="0"/>
			<int name="hide" value="0"/>
			<int name="fh" value="8"/>
			<int name="cy" value="198"/>
			<int name="rx0" value="-308"/>
			<int name="rx1" value="-246"/>
		</imgdir>
		<imgdir name="4">
			<string name="type" value="n"/>
			<string name="id" value="9330342"/>
			<int name="x" value="-606"/>
			<int name="y" value="246"/>
			<int name="mobTime" value="0"/>
			<int name="f" value="1"/>
			<int name="hide" value="0"/>
			<int name="fh" value="26"/>
			<int name="cy" value="249"/>
			<int name="rx0" value="-656"/>
			<int name="rx1" value="-556"/>
		</imgdir>
		<imgdir name="8">
			<string name="type" value="n"/>
			<string name="id" value="9330193"/>
			<int name="x" value="623"/>
			<int name="y" value="245"/>
			<int name="mobTime" value="0"/>
			<int name="f" value="0"/>
			<int name="hide" value="0"/>
			<int name="fh" value="26"/>
			<int name="cy" value="249"/>
			<int name="rx0" value="573"/>
			<int name="rx1" value="664"/>
		</imgdir>
	</imgdir>
	<imgdir name="foothold">
		<imgdir name="1">
			<imgdir name="1">
				<imgdir name="1">
					<int name="x1" value="-249"/>
					<int name="y1" value="-28"/>
					<int name="x2" value="249"/>
					<int name="y2" value="-28"/>
					<int name="prev" value="0"/>
					<int name="next" value="0"/>
					<int name="piece" value="0"/>
				</imgdir>
				<imgdir name="2">
					<int name="x1" value="-342"/>
					<int name="y1" value="-101"/>
					<int name="x2" value="-294"/>
					<int name="y2" value="-103"/>
					<int name="prev" value="0"/>
					<int name="next" value="3"/>
					<int name="piece" value="0"/>
				</imgdir>
				<imgdir name="3">
					<int name="x1" value="-294"/>
					<int name="y1" value="-103"/>
					<int name="x2" value="-282"/>
					<int name="y2" value="-97"/>
					<int name="prev" value="2"/>
					<int name="next" value="0"/>
					<int name="piece" value="0"/>
				</imgdir>
				<imgdir name="4">
					<int name="x1" value="279"/>
					<int name="y1" value="-97"/>
					<int name="x2" value="291"/>
					<int name="y2" value="-103"/>
					<int name="prev" value="0"/>
					<int name="next" value="5"/>
					<int name="piece" value="0"/>
				</imgdir>
				<imgdir name="5">
					<int name="x1" value="291"/>
					<int name="y1" value="-103"/>
					<int name="x2" value="339"/>
					<int name="y2" value="-101"/>
					<int name="prev" value="4"/>
					<int name="next" value="0"/>
					<int name="piece" value="0"/>
				</imgdir>
			</imgdir>
		</imgdir>
		<imgdir name="2">
			<imgdir name="19">
				<imgdir name="6">
					<int name="x1" value="-510"/>
					<int name="y1" value="-243"/>
					<int name="x2" value="-498"/>
					<int name="y2" value="-249"/>
					<int name="prev" value="0"/>
					<int name="next" value="7"/>
					<int name="piece" value="6"/>
				</imgdir>
				<imgdir name="7">
					<int name="x1" value="-498"/>
					<int name="y1" value="-249"/>
					<int name="x2" value="-450"/>
					<int name="y2" value="-247"/>
					<int name="prev" value="6"/>
					<int name="next" value="0"/>
					<int name="piece" value="6"/>
				</imgdir>
			</imgdir>
		</imgdir>
		<imgdir name="3">
			<imgdir name="3">
				<imgdir name="8">
					<int name="x1" value="-328"/>
					<int name="y1" value="198"/>
					<int name="x2" value="-226"/>
					<int name="y2" value="198"/>
					<int name="prev" value="0"/>
					<int name="next" value="0"/>
					<int name="piece" value="0"/>
				</imgdir>
			</imgdir>
			<imgdir name="5">
				<imgdir name="9">
					<int name="x1" value="-153"/>
					<int name="y1" value="197"/>
					<int name="x2" value="-51"/>
					<int name="y2" value="197"/>
					<int name="prev" value="0"/>
					<int name="next" value="0"/>
					<int name="piece" value="1"/>
				</imgdir>
				<imgdir name="10">
					<int name="x1" value="-48"/>
					<int name="y1" value="222"/>
					<int name="x2" value="10"/>
					<int name="y2" value="222"/>
					<int name="prev" value="0"/>
					<int name="next" value="0"/>
					<int name="piece" value="5"/>
				</imgdir>
			</imgdir>
			<imgdir name="2">
				<imgdir name="11">
					<int name="x1" value="17"/>
					<int name="y1" value="199"/>
					<int name="x2" value="93"/>
					<int name="y2" value="199"/>
					<int name="prev" value="0"/>
					<int name="next" value="12"/>
					<int name="piece" value="2"/>
				</imgdir>
				<imgdir name="12">
					<int name="x1" value="93"/>
					<int name="y1" value="199"/>
					<int name="x2" value="119"/>
					<int name="y2" value="197"/>
					<int name="prev" value="11"/>
					<int name="next" value="0"/>
					<int name="piece" value="2"/>
				</imgdir>
				<imgdir name="13">
					<int name="x1" value="122"/>
					<int name="y1" value="221"/>
					<int name="x2" value="180"/>
					<int name="y2" value="221"/>
					<int name="prev" value="0"/>
					<int name="next" value="0"/>
					<int name="piece" value="6"/>
				</imgdir>
			</imgdir>
			<imgdir name="11">
				<imgdir name="14">
					<int name="x1" value="181"/>
					<int name="y1" value="-3"/>
					<int name="x2" value="249"/>
					<int name="y2" value="-3"/>
					<int name="prev" value="0"/>
					<int name="next" value="15"/>
					<int name="piece" value="3"/>
				</imgdir>
				<imgdir name="15">
					<int name="x1" value="249"/>
					<int name="y1" value="-3"/>
					<int name="x2" value="267"/>
					<int name="y2" value="-1"/>
					<int name="prev" value="14"/>
					<int name="next" value="16"/>
					<int name="piece" value="3"/>
				</imgdir>
				<imgdir name="16">
					<int name="x1" value="267"/>
					<int name="y1" value="-1"/>
					<int name="x2" value="287"/>
					<int name="y2" value="-1"/>
					<int name="prev" value="15"/>
					<int name="next" value="0"/>
					<int name="piece" value="3"/>
				</imgdir>
				<imgdir name="17">
					<int name="x1" value="186"/>
					<int name="y1" value="49"/>
					<int name="x2" value="288"/>
					<int name="y2" value="49"/>
					<int name="prev" value="0"/>
					<int name="next" value="0"/>
					<int name="piece" value="11"/>
				</imgdir>
			</imgdir>
			<imgdir name="6">
				<imgdir name="18">
					<int name="x1" value="-221"/>
					<int name="y1" value="220"/>
					<int name="x2" value="-163"/>
					<int name="y2" value="220"/>
					<int name="prev" value="0"/>
					<int name="next" value="0"/>
					<int name="piece" value="4"/>
				</imgdir>
			</imgdir>
			<imgdir name="7">
				<imgdir name="19">
					<int name="x1" value="309"/>
					<int name="y1" value="188"/>
					<int name="x2" value="339"/>
					<int name="y2" value="188"/>
					<int name="prev" value="0"/>
					<int name="next" value="0"/>
					<int name="piece" value="7"/>
				</imgdir>
			</imgdir>
			<imgdir name="4">
				<imgdir name="20">
					<int name="x1" value="193"/>
					<int name="y1" value="198"/>
					<int name="x2" value="298"/>
					<int name="y2" value="198"/>
					<int name="prev" value="0"/>
					<int name="next" value="0"/>
					<int name="piece" value="8"/>
				</imgdir>
				<imgdir name="21">
					<int name="x1" value="191"/>
					<int name="y1" value="148"/>
					<int name="x2" value="293"/>
					<int name="y2" value="148"/>
					<int name="prev" value="0"/>
					<int name="next" value="0"/>
					<int name="piece" value="9"/>
				</imgdir>
				<imgdir name="22">
					<int name="x1" value="188"/>
					<int name="y1" value="98"/>
					<int name="x2" value="290"/>
					<int name="y2" value="98"/>
					<int name="prev" value="0"/>
					<int name="next" value="0"/>
					<int name="piece" value="10"/>
				</imgdir>
			</imgdir>
		</imgdir>
		<imgdir name="5">
			<imgdir name="17">
				<imgdir name="23">
					<int name="x1" value="-399"/>
					<int name="y1" value="-220"/>
					<int name="x2" value="-268"/>
					<int name="y2" value="-220"/>
					<int name="prev" value="0"/>
					<int name="next" value="0"/>
					<int name="piece" value="0"/>
				</imgdir>
			</imgdir>
			<imgdir name="18">
				<imgdir name="24">
					<int name="x1" value="-179"/>
					<int name="y1" value="-221"/>
					<int name="x2" value="-48"/>
					<int name="y2" value="-221"/>
					<int name="prev" value="0"/>
					<int name="next" value="0"/>
					<int name="piece" value="1"/>
				</imgdir>
			</imgdir>
			<imgdir name="20">
				<imgdir name="25">
					<int name="x1" value="37"/>
					<int name="y1" value="-221"/>
					<int name="x2" value="168"/>
					<int name="y2" value="-221"/>
					<int name="prev" value="0"/>
					<int name="next" value="0"/>
					<int name="piece" value="2"/>
				</imgdir>
			</imgdir>
		</imgdir>
		<imgdir name="6">
			<imgdir name="0">
				<imgdir name="26">
					<int name="x1" value="-682"/>
					<int name="y1" value="249"/>
					<int name="x2" value="684"/>
					<int name="y2" value="249"/>
					<int name="prev" value="0"/>
					<int name="next" value="0"/>
					<int name="piece" value="1"/>
				</imgdir>
			</imgdir>
		</imgdir>
	</imgdir>
	<imgdir name="ladderRope">
		<imgdir name="1">
			<int name="l" value="0"/>
			<int name="uf" value="1"/>
			<int name="x" value="136"/>
			<int name="y1" value="-219"/>
			<int name="y2" value="-45"/>
			<int name="page" value="6"/>
		</imgdir>
	</imgdir>
	<imgdir name="miniMap">
		<canvas name="canvas" width="91" height="64">
			<string name="_hash" value="9f8b6000996e9f5c15381a8a7af4ef5c82cd7b6ed116cd7c3995b46d4999320e"/>
		</canvas>
		<int name="width" value="1462"/>
		<int name="height" value="1038"/>
		<int name="centerX" value="730"/>
		<int name="centerY" value="545"/>
		<int name="mag" value="4"/>
	</imgdir>
	<imgdir name="portal">
		<imgdir name="0">
			<string name="pn" value="sp"/>
			<int name="pt" value="0"/>
			<int name="x" value="-503"/>
			<int name="y" value="227"/>
			<int name="tm" value="999999999"/>
			<string name="tn" value=""/>
		</imgdir>
		<imgdir name="1">
			<string name="pn" value="next"/>
			<int name="pt" value="7"/>
			<int name="x" value="501"/>
			<int name="y" value="247"/>
			<int name="tm" value="999999999"/>
			<string name="tn" value=""/>
			<int name="horizontalImpact" value="0"/>
			<string name="script" value="EnterStage"/>
			<int name="hideTooltip" value="0"/>
			<int name="onlyOnce" value="0"/>
			<int name="delay" value="0"/>
		</imgdir>
		<imgdir name="2">
			<string name="pn" value="back"/>
			<int name="pt" value="7"/>
			<int name="x" value="-505"/>
			<int name="y" value="246"/>
			<int name="tm" value="999999999"/>
			<string name="tn" value=""/>
			<int name="horizontalImpact" value="0"/>
			<string name="script" value="ComeBackHome"/>
		</imgdir>
	</imgdir>
</imgdir>