<?xml version="1.0" encoding="UTF-8" standalone="yes"?>
<imgdir name="211080000.img">
	<imgdir name="info">
		<int name="version" value="10"/>
		<int name="cloud" value="0"/>
		<int name="town" value="1"/>
		<int name="swim" value="0"/>
		<int name="returnMap" value="211000000"/>
		<int name="forcedReturn" value="999999999"/>
		<float name="mobRate" value="1.0"/>
		<string name="bgm" value="Bgm23/CrimsonTower"/>
		<string name="mapMark" value="LionCastle"/>
		<int name="fly" value="0"/>
		<int name="noMapCmd" value="0"/>
		<int name="hideMinimap" value="0"/>
		<int name="fieldLimit" value="0"/>
		<int name="VRTop" value="-800"/>
		<int name="VRLeft" value="-180"/>
		<int name="VRBottom" value="-10"/>
		<int name="VRRight" value="890"/>
		<string name="onFirstUserEnter" value=""/>
		<string name="onUserEnter" value="enter_211080000"/>
		<string name="fieldScript" value="roseGarden"/>
		<int name="standAlone" value="0"/>
		<int name="partyStandAlone" value="0"/>
		<int name="lvLimit" value="110"/>
		<int name="qrLimit" value="3141"/>
		<int name="quarterView" value="0"/>
	</imgdir>
	<imgdir name="back">
		<imgdir name="0">
			<string name="bS" value="blizzardCastle"/>
			<int name="front" value="0"/>
			<int name="ani" value="0"/>
			<int name="no" value="0"/>
			<int name="f" value="0"/>
			<int name="x" value="0"/>
			<int name="y" value="0"/>
			<int name="rx" value="0"/>
			<int name="ry" value="0"/>
			<int name="type" value="3"/>
			<int name="cx" value="0"/>
			<int name="cy" value="0"/>
			<int name="a" value="255"/>
		</imgdir>
		<imgdir name="1">
			<string name="bS" value="blizzardCastle"/>
			<int name="front" value="0"/>
			<int name="ani" value="0"/>
			<int name="no" value="1"/>
			<int name="f" value="0"/>
			<int name="x" value="69"/>
			<int name="y" value="-398"/>
			<int name="rx" value="-15"/>
			<int name="ry" value="-45"/>
			<int name="type" value="1"/>
			<int name="cx" value="0"/>
			<int name="cy" value="0"/>
			<int name="a" value="255"/>
		</imgdir>
		<imgdir name="2">
			<string name="bS" value="blizzardCastle"/>
			<int name="front" value="0"/>
			<int name="ani" value="0"/>
			<int name="no" value="2"/>
			<int name="f" value="0"/>
			<int name="x" value="-82"/>
			<int name="y" value="-138"/>
			<int name="rx" value="-25"/>
			<int name="ry" value="-50"/>
			<int name="type" value="1"/>
			<int name="cx" value="0"/>
			<int name="cy" value="0"/>
			<int name="a" value="255"/>
		</imgdir>
		<imgdir name="3">
			<string name="bS" value="blizzardCastle"/>
			<int name="front" value="0"/>
			<int name="ani" value="0"/>
			<int name="no" value="3"/>
			<int name="f" value="0"/>
			<int name="x" value="-763"/>
			<int name="y" value="-237"/>
			<int name="rx" value="-25"/>
			<int name="ry" value="-55"/>
			<int name="type" value="1"/>
			<int name="cx" value="5000"/>
			<int name="cy" value="0"/>
			<int name="a" value="255"/>
		</imgdir>
		<imgdir name="4">
			<string name="bS" value="blizzardCastle"/>
			<int name="front" value="0"/>
			<int name="ani" value="0"/>
			<int name="no" value="4"/>
			<int name="f" value="0"/>
			<int name="x" value="-734"/>
			<int name="y" value="-131"/>
			<int name="rx" value="-2"/>
			<int name="ry" value="-55"/>
			<int name="type" value="4"/>
			<int name="cx" value="0"/>
			<int name="cy" value="0"/>
			<int name="a" value="255"/>
		</imgdir>
		<imgdir name="5">
			<string name="bS" value="blizzardCastle"/>
			<int name="front" value="0"/>
			<int name="ani" value="0"/>
			<int name="no" value="5"/>
			<int name="f" value="0"/>
			<int name="x" value="74"/>
			<int name="y" value="-228"/>
			<int name="rx" value="-2"/>
			<int name="ry" value="-55"/>
			<int name="type" value="4"/>
			<int name="cx" value="0"/>
			<int name="cy" value="0"/>
			<int name="a" value="255"/>
		</imgdir>
		<imgdir name="6">
			<string name="bS" value="blizzardCastle"/>
			<int name="front" value="0"/>
			<int name="ani" value="0"/>
			<int name="no" value="6"/>
			<int name="f" value="0"/>
			<int name="x" value="83"/>
			<int name="y" value="-225"/>
			<int name="rx" value="-30"/>
			<int name="ry" value="-60"/>
			<int name="type" value="1"/>
			<int name="cx" value="0"/>
			<int name="cy" value="0"/>
			<int name="a" value="255"/>
		</imgdir>
		<imgdir name="7">
			<string name="bS" value="blizzardCastle"/>
			<int name="front" value="0"/>
			<int name="ani" value="0"/>
			<int name="no" value="7"/>
			<int name="f" value="0"/>
			<int name="x" value="-743"/>
			<int name="y" value="-214"/>
			<int name="rx" value="-35"/>
			<int name="ry" value="-65"/>
			<int name="type" value="0"/>
			<int name="cx" value="0"/>
			<int name="cy" value="0"/>
			<int name="a" value="255"/>
		</imgdir>
		<imgdir name="8">
			<string name="bS" value="blizzardCastle"/>
			<int name="front" value="0"/>
			<int name="ani" value="0"/>
			<int name="no" value="8"/>
			<int name="f" value="0"/>
			<int name="x" value="-147"/>
			<int name="y" value="-248"/>
			<int name="rx" value="-4"/>
			<int name="ry" value="-65"/>
			<int name="type" value="4"/>
			<int name="cx" value="1500"/>
			<int name="cy" value="0"/>
			<int name="a" value="255"/>
		</imgdir>
		<imgdir name="9">
			<string name="bS" value="blizzardCastle"/>
			<int name="front" value="0"/>
			<int name="ani" value="0"/>
			<int name="no" value="9"/>
			<int name="f" value="0"/>
			<int name="x" value="353"/>
			<int name="y" value="-258"/>
			<int name="rx" value="-4"/>
			<int name="ry" value="-65"/>
			<int name="type" value="4"/>
			<int name="cx" value="1500"/>
			<int name="cy" value="0"/>
			<int name="a" value="255"/>
		</imgdir>
		<imgdir name="10">
			<string name="bS" value="blizzardCastle"/>
			<int name="front" value="0"/>
			<int name="ani" value="0"/>
			<int name="no" value="10"/>
			<int name="f" value="0"/>
			<int name="x" value="853"/>
			<int name="y" value="-259"/>
			<int name="rx" value="-4"/>
			<int name="ry" value="-65"/>
			<int name="type" value="4"/>
			<int name="cx" value="1500"/>
			<int name="cy" value="0"/>
			<int name="a" value="255"/>
		</imgdir>
		<imgdir name="11">
			<string name="bS" value="blizzardCastle"/>
			<int name="front" value="0"/>
			<int name="ani" value="0"/>
			<int name="no" value="11"/>
			<int name="f" value="0"/>
			<int name="x" value="188"/>
			<int name="y" value="-250"/>
			<int name="rx" value="-40"/>
			<int name="ry" value="-70"/>
			<int name="type" value="0"/>
			<int name="cx" value="0"/>
			<int name="cy" value="0"/>
			<int name="a" value="255"/>
		</imgdir>
		<imgdir name="13">
			<string name="bS" value="blizzardCastle"/>
			<int name="front" value="0"/>
			<int name="ani" value="0"/>
			<int name="no" value="16"/>
			<int name="f" value="0"/>
			<int name="x" value="26"/>
			<int name="y" value="-50"/>
			<int name="rx" value="-5"/>
			<int name="ry" value="-90"/>
			<int name="type" value="4"/>
			<int name="cx" value="1000"/>
			<int name="cy" value="0"/>
			<int name="a" value="255"/>
		</imgdir>
		<imgdir name="14">
			<string name="bS" value="blizzardCastle"/>
			<int name="front" value="0"/>
			<int name="ani" value="0"/>
			<int name="no" value="26"/>
			<int name="f" value="0"/>
			<int name="x" value="197"/>
			<int name="y" value="-453"/>
			<int name="rx" value="-20"/>
			<int name="ry" value="-80"/>
			<int name="type" value="1"/>
			<int name="cx" value="0"/>
			<int name="cy" value="0"/>
			<int name="a" value="255"/>
		</imgdir>
		<imgdir name="12">
			<string name="bS" value="blizzardCastle"/>
			<int name="front" value="0"/>
			<int name="ani" value="0"/>
			<int name="no" value="15"/>
			<int name="f" value="0"/>
			<int name="x" value="-474"/>
			<int name="y" value="-50"/>
			<int name="rx" value="-5"/>
			<int name="ry" value="-90"/>
			<int name="type" value="4"/>
			<int name="cx" value="1000"/>
			<int name="cy" value="0"/>
			<int name="a" value="255"/>
		</imgdir>
		<imgdir name="15">
			<string name="bS" value="blizzardCastle"/>
			<int name="front" value="0"/>
			<int name="ani" value="0"/>
			<int name="no" value="27"/>
			<int name="f" value="0"/>
			<int name="x" value="132"/>
			<int name="y" value="-188"/>
			<int name="rx" value="-5"/>
			<int name="ry" value="-100"/>
			<int name="type" value="4"/>
			<int name="cx" value="0"/>
			<int name="cy" value="0"/>
			<int name="a" value="255"/>
		</imgdir>
		<imgdir name="16">
			<string name="bS" value="event2"/>
			<int name="front" value="0"/>
			<int name="ani" value="1"/>
			<int name="no" value="0"/>
			<int name="f" value="0"/>
			<int name="x" value="-21"/>
			<int name="y" value="-212"/>
			<int name="rx" value="-20"/>
			<int name="ry" value="5"/>
			<int name="type" value="7"/>
			<int name="cx" value="1000"/>
			<int name="cy" value="300"/>
			<int name="a" value="255"/>
		</imgdir>
		<imgdir name="17">
			<string name="bS" value="event2"/>
			<int name="front" value="1"/>
			<int name="ani" value="1"/>
			<int name="no" value="2"/>
			<int name="f" value="0"/>
			<int name="x" value="-270"/>
			<int name="y" value="-249"/>
			<int name="rx" value="0"/>
			<int name="ry" value="10"/>
			<int name="type" value="7"/>
			<int name="cx" value="900"/>
			<int name="cy" value="500"/>
			<int name="a" value="255"/>
		</imgdir>
		<imgdir name="18">
			<string name="bS" value="blizzardCastle"/>
			<int name="front" value="1"/>
			<int name="ani" value="0"/>
			<int name="no" value="28"/>
			<int name="f" value="0"/>
			<int name="x" value="231"/>
			<int name="y" value="-103"/>
			<int name="rx" value="-150"/>
			<int name="ry" value="-100"/>
			<int name="type" value="1"/>
			<int name="cx" value="0"/>
			<int name="cy" value="0"/>
			<int name="a" value="255"/>
		</imgdir>
	</imgdir>
	<imgdir name="life">
		<imgdir name="0">
			<string name="type" value="n"/>
			<string name="id" value="2162000"/>
			<int name="x" value="246"/>
			<int name="y" value="-210"/>
			<int name="mobTime" value="0"/>
			<int name="f" value="0"/>
			<int name="hide" value="0"/>
			<int name="fh" value="8"/>
			<int name="cy" value="-200"/>
			<int name="rx0" value="196"/>
			<int name="rx1" value="296"/>
		</imgdir>
		<imgdir name="1">
			<string name="type" value="n"/>
			<string name="id" value="2160000"/>
			<int name="x" value="490"/>
			<int name="y" value="-207"/>
			<int name="mobTime" value="0"/>
			<int name="f" value="0"/>
			<int name="hide" value="0"/>
			<int name="fh" value="3"/>
			<int name="cy" value="-200"/>
			<int name="rx0" value="440"/>
			<int name="rx1" value="540"/>
		</imgdir>
		<imgdir name="2">
			<string name="type" value="n"/>
			<string name="id" value="2161004"/>
			<int name="x" value="490"/>
			<int name="y" value="-207"/>
			<int name="mobTime" value="0"/>
			<int name="f" value="0"/>
			<int name="hide" value="0"/>
			<int name="fh" value="3"/>
			<int name="cy" value="-200"/>
			<int name="rx0" value="440"/>
			<int name="rx1" value="540"/>
		</imgdir>
	</imgdir>
	<imgdir name="reactor">
	</imgdir>
	<imgdir name="0">
		<imgdir name="info">
		</imgdir>
		<imgdir name="tile">
		</imgdir>
		<imgdir name="obj">
		</imgdir>
	</imgdir>
	<imgdir name="1">
		<imgdir name="info">
		</imgdir>
		<imgdir name="tile">
		</imgdir>
		<imgdir name="obj">
			<imgdir name="0">
				<string name="oS" value="dungeon4"/>
				<string name="l0" value="roseGarden"/>
				<string name="l1" value="column"/>
				<string name="l2" value="0"/>
				<int name="x" value="69"/>
				<int name="y" value="-587"/>
				<int name="z" value="9"/>
				<int name="f" value="0"/>
				<int name="zM" value="1"/>
				<int name="r" value="0"/>
				<int name="move" value="0"/>
				<int name="dynamic" value="0"/>
				<int name="piece" value="0"/>
			</imgdir>
			<imgdir name="1">
				<string name="oS" value="dungeon4"/>
				<string name="l0" value="roseGarden"/>
				<string name="l1" value="column"/>
				<string name="l2" value="1"/>
				<int name="x" value="570"/>
				<int name="y" value="-587"/>
				<int name="z" value="9"/>
				<int name="f" value="0"/>
				<int name="zM" value="2"/>
				<int name="r" value="0"/>
				<int name="move" value="0"/>
				<int name="dynamic" value="0"/>
				<int name="piece" value="1"/>
			</imgdir>
			<imgdir name="2">
				<string name="oS" value="dungeon4"/>
				<string name="l0" value="roseGarden"/>
				<string name="l1" value="gate"/>
				<string name="l2" value="0"/>
				<int name="x" value="678"/>
				<int name="y" value="-336"/>
				<int name="z" value="10"/>
				<int name="f" value="0"/>
				<int name="zM" value="0"/>
				<int name="r" value="0"/>
				<int name="move" value="0"/>
				<int name="dynamic" value="0"/>
				<int name="piece" value="2"/>
			</imgdir>
			<imgdir name="3">
				<string name="oS" value="dungeon4"/>
				<string name="l0" value="roseGarden"/>
				<string name="l1" value="gate"/>
				<string name="l2" value="0"/>
				<int name="x" value="-6"/>
				<int name="y" value="-336"/>
				<int name="z" value="9"/>
				<int name="f" value="1"/>
				<int name="zM" value="0"/>
				<int name="r" value="0"/>
				<int name="move" value="0"/>
				<int name="dynamic" value="0"/>
				<int name="piece" value="3"/>
			</imgdir>
		</imgdir>
	</imgdir>
	<imgdir name="2">
		<imgdir name="info">
		</imgdir>
		<imgdir name="tile">
		</imgdir>
		<imgdir name="obj">
		</imgdir>
	</imgdir>
	<imgdir name="3">
		<imgdir name="info">
			<string name="tS" value="roseGarden"/>
			<int name="tSMag" value="1"/>
		</imgdir>
		<imgdir name="tile">
			<imgdir name="46">
				<int name="x" value="0"/>
				<int name="y" value="180"/>
				<string name="u" value="enH1"/>
				<int name="no" value="0"/>
				<int name="zM" value="0"/>
			</imgdir>
			<imgdir name="47">
				<int name="x" value="-90"/>
				<int name="y" value="180"/>
				<string name="u" value="enH1"/>
				<int name="no" value="0"/>
				<int name="zM" value="0"/>
			</imgdir>
			<imgdir name="43">
				<int name="x" value="90"/>
				<int name="y" value="180"/>
				<string name="u" value="enH1"/>
				<int name="no" value="2"/>
				<int name="zM" value="0"/>
			</imgdir>
			<imgdir name="48">
				<int name="x" value="180"/>
				<int name="y" value="180"/>
				<string name="u" value="enH1"/>
				<int name="no" value="1"/>
				<int name="zM" value="0"/>
			</imgdir>
			<imgdir name="54">
				<int name="x" value="360"/>
				<int name="y" value="180"/>
				<string name="u" value="enH1"/>
				<int name="no" value="2"/>
				<int name="zM" value="0"/>
			</imgdir>
			<imgdir name="50">
				<int name="x" value="270"/>
				<int name="y" value="180"/>
				<string name="u" value="enH1"/>
				<int name="no" value="0"/>
				<int name="zM" value="0"/>
			</imgdir>
			<imgdir name="52">
				<int name="x" value="450"/>
				<int name="y" value="180"/>
				<string name="u" value="enH1"/>
				<int name="no" value="0"/>
				<int name="zM" value="0"/>
			</imgdir>
			<imgdir name="56">
				<int name="x" value="540"/>
				<int name="y" value="180"/>
				<string name="u" value="enH1"/>
				<int name="no" value="1"/>
				<int name="zM" value="0"/>
			</imgdir>
			<imgdir name="58">
				<int name="x" value="630"/>
				<int name="y" value="180"/>
				<string name="u" value="enH1"/>
				<int name="no" value="0"/>
				<int name="zM" value="0"/>
			</imgdir>
			<imgdir name="60">
				<int name="x" value="720"/>
				<int name="y" value="180"/>
				<string name="u" value="enH1"/>
				<int name="no" value="2"/>
				<int name="zM" value="0"/>
			</imgdir>
			<imgdir name="11">
				<int name="x" value="-90"/>
				<int name="y" value="-60"/>
				<string name="u" value="bsc"/>
				<int name="no" value="1"/>
				<int name="zM" value="0"/>
			</imgdir>
			<imgdir name="6">
				<int name="x" value="180"/>
				<int name="y" value="-60"/>
				<string name="u" value="bsc"/>
				<int name="no" value="1"/>
				<int name="zM" value="0"/>
			</imgdir>
			<imgdir name="12">
				<int name="x" value="270"/>
				<int name="y" value="-60"/>
				<string name="u" value="bsc"/>
				<int name="no" value="1"/>
				<int name="zM" value="0"/>
			</imgdir>
			<imgdir name="14">
				<int name="x" value="360"/>
				<int name="y" value="-60"/>
				<string name="u" value="bsc"/>
				<int name="no" value="2"/>
				<int name="zM" value="0"/>
			</imgdir>
			<imgdir name="18">
				<int name="x" value="540"/>
				<int name="y" value="-60"/>
				<string name="u" value="bsc"/>
				<int name="no" value="0"/>
				<int name="zM" value="0"/>
			</imgdir>
			<imgdir name="8">
				<int name="x" value="90"/>
				<int name="y" value="-60"/>
				<string name="u" value="bsc"/>
				<int name="no" value="4"/>
				<int name="zM" value="0"/>
			</imgdir>
			<imgdir name="4">
				<int name="x" value="0"/>
				<int name="y" value="-60"/>
				<string name="u" value="bsc"/>
				<int name="no" value="4"/>
				<int name="zM" value="0"/>
			</imgdir>
			<imgdir name="16">
				<int name="x" value="450"/>
				<int name="y" value="-60"/>
				<string name="u" value="bsc"/>
				<int name="no" value="1"/>
				<int name="zM" value="0"/>
			</imgdir>
			<imgdir name="20">
				<int name="x" value="630"/>
				<int name="y" value="-60"/>
				<string name="u" value="bsc"/>
				<int name="no" value="4"/>
				<int name="zM" value="0"/>
			</imgdir>
			<imgdir name="22">
				<int name="x" value="720"/>
				<int name="y" value="-60"/>
				<string name="u" value="bsc"/>
				<int name="no" value="5"/>
				<int name="zM" value="0"/>
			</imgdir>
			<imgdir name="34">
				<int name="x" value="270"/>
				<int name="y" value="60"/>
				<string name="u" value="bsc"/>
				<int name="no" value="3"/>
				<int name="zM" value="0"/>
			</imgdir>
			<imgdir name="31">
				<int name="x" value="-90"/>
				<int name="y" value="120"/>
				<string name="u" value="bsc"/>
				<int name="no" value="3"/>
				<int name="zM" value="0"/>
			</imgdir>
			<imgdir name="42">
				<int name="x" value="90"/>
				<int name="y" value="120"/>
				<string name="u" value="bsc"/>
				<int name="no" value="3"/>
				<int name="zM" value="0"/>
			</imgdir>
			<imgdir name="35">
				<int name="x" value="360"/>
				<int name="y" value="120"/>
				<string name="u" value="bsc"/>
				<int name="no" value="5"/>
				<int name="zM" value="0"/>
			</imgdir>
			<imgdir name="55">
				<int name="x" value="90"/>
				<int name="y" value="60"/>
				<string name="u" value="bsc"/>
				<int name="no" value="4"/>
				<int name="zM" value="0"/>
			</imgdir>
			<imgdir name="41">
				<int name="x" value="0"/>
				<int name="y" value="120"/>
				<string name="u" value="bsc"/>
				<int name="no" value="2"/>
				<int name="zM" value="0"/>
			</imgdir>
			<imgdir name="44">
				<int name="x" value="180"/>
				<int name="y" value="60"/>
				<string name="u" value="bsc"/>
				<int name="no" value="0"/>
				<int name="zM" value="0"/>
			</imgdir>
			<imgdir name="45">
				<int name="x" value="0"/>
				<int name="y" value="60"/>
				<string name="u" value="bsc"/>
				<int name="no" value="4"/>
				<int name="zM" value="0"/>
			</imgdir>
			<imgdir name="53">
				<int name="x" value="-90"/>
				<int name="y" value="60"/>
				<string name="u" value="bsc"/>
				<int name="no" value="3"/>
				<int name="zM" value="0"/>
			</imgdir>
			<imgdir name="61">
				<int name="x" value="450"/>
				<int name="y" value="60"/>
				<string name="u" value="bsc"/>
				<int name="no" value="5"/>
				<int name="zM" value="0"/>
			</imgdir>
			<imgdir name="57">
				<int name="x" value="450"/>
				<int name="y" value="120"/>
				<string name="u" value="bsc"/>
				<int name="no" value="2"/>
				<int name="zM" value="0"/>
			</imgdir>
			<imgdir name="59">
				<int name="x" value="360"/>
				<int name="y" value="60"/>
				<string name="u" value="bsc"/>
				<int name="no" value="2"/>
				<int name="zM" value="0"/>
			</imgdir>
			<imgdir name="62">
				<int name="x" value="180"/>
				<int name="y" value="120"/>
				<string name="u" value="bsc"/>
				<int name="no" value="4"/>
				<int name="zM" value="0"/>
			</imgdir>
			<imgdir name="27">
				<int name="x" value="540"/>
				<int name="y" value="120"/>
				<string name="u" value="bsc"/>
				<int name="no" value="2"/>
				<int name="zM" value="0"/>
			</imgdir>
			<imgdir name="26">
				<int name="x" value="630"/>
				<int name="y" value="60"/>
				<string name="u" value="bsc"/>
				<int name="no" value="2"/>
				<int name="zM" value="0"/>
			</imgdir>
			<imgdir name="30">
				<int name="x" value="720"/>
				<int name="y" value="120"/>
				<string name="u" value="bsc"/>
				<int name="no" value="5"/>
				<int name="zM" value="0"/>
			</imgdir>
			<imgdir name="24">
				<int name="x" value="720"/>
				<int name="y" value="60"/>
				<string name="u" value="bsc"/>
				<int name="no" value="3"/>
				<int name="zM" value="0"/>
			</imgdir>
			<imgdir name="3">
				<int name="x" value="0"/>
				<int name="y" value="-120"/>
				<string name="u" value="bsc"/>
				<int name="no" value="2"/>
				<int name="zM" value="0"/>
			</imgdir>
			<imgdir name="10">
				<int name="x" value="90"/>
				<int name="y" value="-120"/>
				<string name="u" value="bsc"/>
				<int name="no" value="1"/>
				<int name="zM" value="0"/>
			</imgdir>
			<imgdir name="9">
				<int name="x" value="-90"/>
				<int name="y" value="-120"/>
				<string name="u" value="bsc"/>
				<int name="no" value="5"/>
				<int name="zM" value="0"/>
			</imgdir>
			<imgdir name="23">
				<int name="x" value="540"/>
				<int name="y" value="-120"/>
				<string name="u" value="bsc"/>
				<int name="no" value="0"/>
				<int name="zM" value="0"/>
			</imgdir>
			<imgdir name="17">
				<int name="x" value="720"/>
				<int name="y" value="-120"/>
				<string name="u" value="bsc"/>
				<int name="no" value="4"/>
				<int name="zM" value="0"/>
			</imgdir>
			<imgdir name="69">
				<int name="x" value="360"/>
				<int name="y" value="-120"/>
				<string name="u" value="bsc"/>
				<int name="no" value="1"/>
				<int name="zM" value="0"/>
			</imgdir>
			<imgdir name="7">
				<int name="x" value="180"/>
				<int name="y" value="-120"/>
				<string name="u" value="bsc"/>
				<int name="no" value="0"/>
				<int name="zM" value="0"/>
			</imgdir>
			<imgdir name="21">
				<int name="x" value="-90"/>
				<int name="y" value="-180"/>
				<string name="u" value="bsc"/>
				<int name="no" value="2"/>
				<int name="zM" value="0"/>
			</imgdir>
			<imgdir name="13">
				<int name="x" value="180"/>
				<int name="y" value="-180"/>
				<string name="u" value="bsc"/>
				<int name="no" value="2"/>
				<int name="zM" value="0"/>
			</imgdir>
			<imgdir name="32">
				<int name="x" value="270"/>
				<int name="y" value="-180"/>
				<string name="u" value="enH0"/>
				<int name="no" value="1"/>
				<int name="zM" value="0"/>
			</imgdir>
			<imgdir name="33">
				<int name="x" value="90"/>
				<int name="y" value="-180"/>
				<string name="u" value="enH0"/>
				<int name="no" value="0"/>
				<int name="zM" value="0"/>
			</imgdir>
			<imgdir name="37">
				<int name="x" value="630"/>
				<int name="y" value="-180"/>
				<string name="u" value="enH0"/>
				<int name="no" value="0"/>
				<int name="zM" value="0"/>
			</imgdir>
			<imgdir name="5">
				<int name="x" value="270"/>
				<int name="y" value="-180"/>
				<string name="u" value="bsc"/>
				<int name="no" value="3"/>
				<int name="zM" value="0"/>
			</imgdir>
			<imgdir name="79">
				<int name="x" value="450"/>
				<int name="y" value="-180"/>
				<string name="u" value="bsc"/>
				<int name="no" value="0"/>
				<int name="zM" value="0"/>
			</imgdir>
			<imgdir name="68">
				<int name="x" value="180"/>
				<int name="y" value="-180"/>
				<string name="u" value="enH0"/>
				<int name="no" value="1"/>
				<int name="zM" value="0"/>
			</imgdir>
			<imgdir name="63">
				<int name="x" value="-180"/>
				<int name="y" value="-120"/>
				<string name="u" value="bsc"/>
				<int name="no" value="2"/>
				<int name="zM" value="0"/>
			</imgdir>
			<imgdir name="19">
				<int name="x" value="450"/>
				<int name="y" value="-180"/>
				<string name="u" value="enH0"/>
				<int name="no" value="0"/>
				<int name="zM" value="0"/>
			</imgdir>
			<imgdir name="67">
				<int name="x" value="540"/>
				<int name="y" value="0"/>
				<string name="u" value="bsc"/>
				<int name="no" value="1"/>
				<int name="zM" value="0"/>
			</imgdir>
			<imgdir name="70">
				<int name="x" value="450"/>
				<int name="y" value="-120"/>
				<string name="u" value="bsc"/>
				<int name="no" value="4"/>
				<int name="zM" value="0"/>
			</imgdir>
			<imgdir name="73">
				<int name="x" value="720"/>
				<int name="y" value="0"/>
				<string name="u" value="bsc"/>
				<int name="no" value="2"/>
				<int name="zM" value="0"/>
			</imgdir>
			<imgdir name="25">
				<int name="x" value="0"/>
				<int name="y" value="-180"/>
				<string name="u" value="bsc"/>
				<int name="no" value="4"/>
				<int name="zM" value="0"/>
			</imgdir>
			<imgdir name="38">
				<int name="x" value="450"/>
				<int name="y" value="0"/>
				<string name="u" value="bsc"/>
				<int name="no" value="2"/>
				<int name="zM" value="0"/>
			</imgdir>
			<imgdir name="72">
				<int name="x" value="270"/>
				<int name="y" value="0"/>
				<string name="u" value="bsc"/>
				<int name="no" value="5"/>
				<int name="zM" value="0"/>
			</imgdir>
			<imgdir name="29">
				<int name="x" value="0"/>
				<int name="y" value="0"/>
				<string name="u" value="bsc"/>
				<int name="no" value="2"/>
				<int name="zM" value="0"/>
			</imgdir>
			<imgdir name="28">
				<int name="x" value="630"/>
				<int name="y" value="0"/>
				<string name="u" value="bsc"/>
				<int name="no" value="2"/>
				<int name="zM" value="0"/>
			</imgdir>
			<imgdir name="80">
				<int name="x" value="180"/>
				<int name="y" value="0"/>
				<string name="u" value="bsc"/>
				<int name="no" value="1"/>
				<int name="zM" value="0"/>
			</imgdir>
			<imgdir name="74">
				<int name="x" value="0"/>
				<int name="y" value="-180"/>
				<string name="u" value="enH0"/>
				<int name="no" value="1"/>
				<int name="zM" value="0"/>
			</imgdir>
			<imgdir name="77">
				<int name="x" value="720"/>
				<int name="y" value="-180"/>
				<string name="u" value="bsc"/>
				<int name="no" value="3"/>
				<int name="zM" value="0"/>
			</imgdir>
			<imgdir name="65">
				<int name="x" value="270"/>
				<int name="y" value="120"/>
				<string name="u" value="bsc"/>
				<int name="no" value="2"/>
				<int name="zM" value="0"/>
			</imgdir>
			<imgdir name="75">
				<int name="x" value="540"/>
				<int name="y" value="60"/>
				<string name="u" value="bsc"/>
				<int name="no" value="2"/>
				<int name="zM" value="0"/>
			</imgdir>
			<imgdir name="76">
				<int name="x" value="360"/>
				<int name="y" value="-180"/>
				<string name="u" value="enH0"/>
				<int name="no" value="0"/>
				<int name="zM" value="0"/>
			</imgdir>
			<imgdir name="0">
				<int name="x" value="-90"/>
				<int name="y" value="0"/>
				<string name="u" value="bsc"/>
				<int name="no" value="1"/>
				<int name="zM" value="0"/>
			</imgdir>
			<imgdir name="71">
				<int name="x" value="630"/>
				<int name="y" value="120"/>
				<string name="u" value="bsc"/>
				<int name="no" value="5"/>
				<int name="zM" value="0"/>
			</imgdir>
			<imgdir name="64">
				<int name="x" value="720"/>
				<int name="y" value="-180"/>
				<string name="u" value="enH0"/>
				<int name="no" value="0"/>
				<int name="zM" value="0"/>
			</imgdir>
			<imgdir name="1">
				<int name="x" value="540"/>
				<int name="y" value="-180"/>
				<string name="u" value="enH0"/>
				<int name="no" value="2"/>
				<int name="zM" value="0"/>
			</imgdir>
			<imgdir name="78">
				<int name="x" value="-90"/>
				<int name="y" value="-180"/>
				<string name="u" value="enH0"/>
				<int name="no" value="1"/>
				<int name="zM" value="0"/>
			</imgdir>
			<imgdir name="39">
				<int name="x" value="630"/>
				<int name="y" value="-180"/>
				<string name="u" value="bsc"/>
				<int name="no" value="1"/>
				<int name="zM" value="0"/>
			</imgdir>
			<imgdir name="49">
				<int name="x" value="360"/>
				<int name="y" value="0"/>
				<string name="u" value="bsc"/>
				<int name="no" value="0"/>
				<int name="zM" value="0"/>
			</imgdir>
			<imgdir name="51">
				<int name="x" value="90"/>
				<int name="y" value="0"/>
				<string name="u" value="bsc"/>
				<int name="no" value="2"/>
				<int name="zM" value="0"/>
			</imgdir>
			<imgdir name="40">
				<int name="x" value="630"/>
				<int name="y" value="-120"/>
				<string name="u" value="bsc"/>
				<int name="no" value="2"/>
				<int name="zM" value="0"/>
			</imgdir>
			<imgdir name="15">
				<int name="x" value="270"/>
				<int name="y" value="-120"/>
				<string name="u" value="bsc"/>
				<int name="no" value="3"/>
				<int name="zM" value="0"/>
			</imgdir>
			<imgdir name="66">
				<int name="x" value="540"/>
				<int name="y" value="-180"/>
				<string name="u" value="bsc"/>
				<int name="no" value="3"/>
				<int name="zM" value="0"/>
			</imgdir>
			<imgdir name="36">
				<int name="x" value="360"/>
				<int name="y" value="-180"/>
				<string name="u" value="bsc"/>
				<int name="no" value="0"/>
				<int name="zM" value="0"/>
			</imgdir>
			<imgdir name="2">
				<int name="x" value="90"/>
				<int name="y" value="-180"/>
				<string name="u" value="bsc"/>
				<int name="no" value="1"/>
				<int name="zM" value="0"/>
			</imgdir>
			<imgdir name="81">
				<int name="x" value="-180"/>
				<int name="y" value="-180"/>
				<string name="u" value="edU"/>
				<int name="no" value="0"/>
				<int name="zM" value="0"/>
			</imgdir>
			<imgdir name="83">
				<int name="x" value="-180"/>
				<int name="y" value="-180"/>
				<string name="u" value="enH0"/>
				<int name="no" value="0"/>
				<int name="zM" value="0"/>
			</imgdir>
			<imgdir name="85">
				<int name="x" value="-180"/>
				<int name="y" value="-180"/>
				<string name="u" value="enV0"/>
				<int name="no" value="0"/>
				<int name="zM" value="0"/>
			</imgdir>
			<imgdir name="95">
				<int name="x" value="-180"/>
				<int name="y" value="120"/>
				<string name="u" value="enV0"/>
				<int name="no" value="1"/>
				<int name="zM" value="0"/>
			</imgdir>
			<imgdir name="93">
				<int name="x" value="-180"/>
				<int name="y" value="60"/>
				<string name="u" value="enV0"/>
				<int name="no" value="0"/>
				<int name="zM" value="0"/>
			</imgdir>
			<imgdir name="91">
				<int name="x" value="-180"/>
				<int name="y" value="0"/>
				<string name="u" value="enV0"/>
				<int name="no" value="0"/>
				<int name="zM" value="0"/>
			</imgdir>
			<imgdir name="89">
				<int name="x" value="-180"/>
				<int name="y" value="-60"/>
				<string name="u" value="enV0"/>
				<int name="no" value="1"/>
				<int name="zM" value="0"/>
			</imgdir>
			<imgdir name="86">
				<int name="x" value="-180"/>
				<int name="y" value="-120"/>
				<string name="u" value="enV0"/>
				<int name="no" value="0"/>
				<int name="zM" value="0"/>
			</imgdir>
			<imgdir name="87">
				<int name="x" value="-180"/>
				<int name="y" value="180"/>
				<string name="u" value="enH1"/>
				<int name="no" value="2"/>
				<int name="zM" value="0"/>
			</imgdir>
			<imgdir name="84">
				<int name="x" value="-180"/>
				<int name="y" value="-180"/>
				<string name="u" value="bsc"/>
				<int name="no" value="0"/>
				<int name="zM" value="0"/>
			</imgdir>
			<imgdir name="88">
				<int name="x" value="-180"/>
				<int name="y" value="-60"/>
				<string name="u" value="bsc"/>
				<int name="no" value="4"/>
				<int name="zM" value="0"/>
			</imgdir>
			<imgdir name="90">
				<int name="x" value="-180"/>
				<int name="y" value="0"/>
				<string name="u" value="bsc"/>
				<int name="no" value="1"/>
				<int name="zM" value="0"/>
			</imgdir>
			<imgdir name="94">
				<int name="x" value="-180"/>
				<int name="y" value="120"/>
				<string name="u" value="bsc"/>
				<int name="no" value="3"/>
				<int name="zM" value="0"/>
			</imgdir>
			<imgdir name="92">
				<int name="x" value="-180"/>
				<int name="y" value="60"/>
				<string name="u" value="bsc"/>
				<int name="no" value="2"/>
				<int name="zM" value="0"/>
			</imgdir>
			<imgdir name="82">
				<int name="x" value="-180"/>
				<int name="y" value="180"/>
				<string name="u" value="edD"/>
				<int name="no" value="0"/>
				<int name="zM" value="0"/>
			</imgdir>
			<imgdir name="96">
				<int name="x" value="810"/>
				<int name="y" value="-180"/>
				<string name="u" value="edU"/>
				<int name="no" value="0"/>
				<int name="zM" value="0"/>
			</imgdir>
			<imgdir name="99">
				<int name="x" value="810"/>
				<int name="y" value="-120"/>
				<string name="u" value="enV1"/>
				<int name="no" value="0"/>
				<int name="zM" value="0"/>
			</imgdir>
			<imgdir name="97">
				<int name="x" value="810"/>
				<int name="y" value="-180"/>
				<string name="u" value="enV1"/>
				<int name="no" value="1"/>
				<int name="zM" value="0"/>
			</imgdir>
			<imgdir name="101">
				<int name="x" value="810"/>
				<int name="y" value="180"/>
				<string name="u" value="edD"/>
				<int name="no" value="0"/>
				<int name="zM" value="0"/>
			</imgdir>
			<imgdir name="98">
				<int name="x" value="810"/>
				<int name="y" value="-60"/>
				<string name="u" value="enV1"/>
				<int name="no" value="0"/>
				<int name="zM" value="0"/>
			</imgdir>
			<imgdir name="102">
				<int name="x" value="810"/>
				<int name="y" value="60"/>
				<string name="u" value="enV1"/>
				<int name="no" value="1"/>
				<int name="zM" value="0"/>
			</imgdir>
			<imgdir name="103">
				<int name="x" value="810"/>
				<int name="y" value="120"/>
				<string name="u" value="enV1"/>
				<int name="no" value="0"/>
				<int name="zM" value="0"/>
			</imgdir>
			<imgdir name="100">
				<int name="x" value="810"/>
				<int name="y" value="0"/>
				<string name="u" value="enV1"/>
				<int name="no" value="0"/>
				<int name="zM" value="0"/>
			</imgdir>
		</imgdir>
		<imgdir name="obj">
			<imgdir name="0">
				<string name="oS" value="dungeon4"/>
				<string name="l0" value="roseGarden"/>
				<string name="l1" value="garden"/>
				<string name="l2" value="1"/>
				<int name="x" value="452"/>
				<int name="y" value="-365"/>
				<int name="z" value="9"/>
				<int name="f" value="0"/>
				<int name="zM" value="0"/>
				<int name="r" value="0"/>
				<int name="move" value="0"/>
				<int name="dynamic" value="0"/>
				<int name="piece" value="0"/>
			</imgdir>
		</imgdir>
	</imgdir>
	<imgdir name="4">
		<imgdir name="info">
		</imgdir>
		<imgdir name="tile">
		</imgdir>
		<imgdir name="obj">
		</imgdir>
	</imgdir>
	<imgdir name="5">
		<imgdir name="info">
		</imgdir>
		<imgdir name="tile">
		</imgdir>
		<imgdir name="obj">
		</imgdir>
	</imgdir>
	<imgdir name="6">
		<imgdir name="info">
		</imgdir>
		<imgdir name="tile">
		</imgdir>
		<imgdir name="obj">
		</imgdir>
	</imgdir>
	<imgdir name="7">
		<imgdir name="info">
		</imgdir>
		<imgdir name="tile">
		</imgdir>
		<imgdir name="obj">
		</imgdir>
	</imgdir>
	<imgdir name="foothold">
		<imgdir name="3">
			<imgdir name="0">
				<imgdir name="1">
					<int name="x1" value="540"/>
					<int name="y1" value="-200"/>
					<int name="x2" value="630"/>
					<int name="y2" value="-200"/>
					<int name="prev" value="3"/>
					<int name="next" value="6"/>
					<int name="piece" value="-1"/>
				</imgdir>
				<imgdir name="2">
					<int name="x1" value="-180"/>
					<int name="y1" value="-200"/>
					<int name="x2" value="-90"/>
					<int name="y2" value="-200"/>
					<int name="prev" value="0"/>
					<int name="next" value="11"/>
					<int name="piece" value="-1"/>
				</imgdir>
				<imgdir name="3">
					<int name="x1" value="450"/>
					<int name="y1" value="-200"/>
					<int name="x2" value="540"/>
					<int name="y2" value="-200"/>
					<int name="prev" value="10"/>
					<int name="next" value="1"/>
					<int name="piece" value="-1"/>
				</imgdir>
				<imgdir name="4">
					<int name="x1" value="270"/>
					<int name="y1" value="-200"/>
					<int name="x2" value="360"/>
					<int name="y2" value="-200"/>
					<int name="prev" value="8"/>
					<int name="next" value="10"/>
					<int name="piece" value="-1"/>
				</imgdir>
				<imgdir name="5">
					<int name="x1" value="90"/>
					<int name="y1" value="-200"/>
					<int name="x2" value="180"/>
					<int name="y2" value="-200"/>
					<int name="prev" value="9"/>
					<int name="next" value="8"/>
					<int name="piece" value="-1"/>
				</imgdir>
				<imgdir name="6">
					<int name="x1" value="630"/>
					<int name="y1" value="-200"/>
					<int name="x2" value="720"/>
					<int name="y2" value="-200"/>
					<int name="prev" value="1"/>
					<int name="next" value="7"/>
					<int name="piece" value="-1"/>
				</imgdir>
				<imgdir name="7">
					<int name="x1" value="720"/>
					<int name="y1" value="-200"/>
					<int name="x2" value="810"/>
					<int name="y2" value="-200"/>
					<int name="prev" value="6"/>
					<int name="next" value="0"/>
					<int name="piece" value="-1"/>
				</imgdir>
				<imgdir name="8">
					<int name="x1" value="180"/>
					<int name="y1" value="-200"/>
					<int name="x2" value="270"/>
					<int name="y2" value="-200"/>
					<int name="prev" value="5"/>
					<int name="next" value="4"/>
					<int name="piece" value="-1"/>
				</imgdir>
				<imgdir name="9">
					<int name="x1" value="0"/>
					<int name="y1" value="-200"/>
					<int name="x2" value="90"/>
					<int name="y2" value="-200"/>
					<int name="prev" value="11"/>
					<int name="next" value="5"/>
					<int name="piece" value="-1"/>
				</imgdir>
				<imgdir name="10">
					<int name="x1" value="360"/>
					<int name="y1" value="-200"/>
					<int name="x2" value="450"/>
					<int name="y2" value="-200"/>
					<int name="prev" value="4"/>
					<int name="next" value="3"/>
					<int name="piece" value="-1"/>
				</imgdir>
				<imgdir name="11">
					<int name="x1" value="-90"/>
					<int name="y1" value="-200"/>
					<int name="x2" value="0"/>
					<int name="y2" value="-200"/>
					<int name="prev" value="2"/>
					<int name="next" value="9"/>
					<int name="piece" value="-1"/>
				</imgdir>
			</imgdir>
		</imgdir>
	</imgdir>
	<imgdir name="ladderRope">
	</imgdir>
	<imgdir name="miniMap">
		<canvas name="canvas" width="65" height="73">
			<string name="_hash" value="b075f3198ce280b1643b0cb617f54a31508c2180c34198d93fe80228b32ac260"/>
		</canvas>
		<int name="width" value="1046"/>
		<int name="height" value="1174"/>
		<int name="centerX" value="201"/>
		<int name="centerY" value="976"/>
		<int name="mag" value="4"/>
	</imgdir>
	<imgdir name="portal">
		<imgdir name="0">
			<string name="pn" value="sp"/>
			<int name="pt" value="0"/>
			<int name="x" value="74"/>
			<int name="y" value="-244"/>
			<int name="tm" value="999999999"/>
			<string name="tn" value=""/>
			<int name="horizontalImpact" value="0"/>
		</imgdir>
		<imgdir name="1">
			<string name="pn" value="east00"/>
			<int name="pt" value="2"/>
			<int name="x" value="672"/>
			<int name="y" value="-201"/>
			<int name="tm" value="211080100"/>
			<string name="tn" value="west00"/>
			<string name="script" value="pt_211080100"/>
			<int name="horizontalImpact" value="0"/>
		</imgdir>
		<imgdir name="2">
			<string name="pn" value="west00"/>
			<int name="pt" value="7"/>
			<int name="x" value="8"/>
			<int name="y" value="-202"/>
			<int name="tm" value="999999999"/>
			<string name="tn" value=""/>
			<int name="horizontalImpact" value="0"/>
			<string name="script" value="pt_rosegardenout"/>
		</imgdir>
		<imgdir name="3">
			<string name="pn" value="tp"/>
			<int name="pt" value="6"/>
			<int name="x" value="579"/>
			<int name="y" value="-199"/>
			<int name="tm" value="999999999"/>
			<string name="tn" value=""/>
			<int name="horizontalImpact" value="0"/>
		</imgdir>
		<imgdir name="4">
			<string name="pn" value="tp"/>
			<int name="pt" value="6"/>
			<int name="x" value="-115"/>
			<int name="y" value="-202"/>
			<int name="tm" value="999999999"/>
			<string name="tn" value=""/>
			<int name="horizontalImpact" value="0"/>
		</imgdir>
		<imgdir name="5">
			<string name="pn" value="tp"/>
			<int name="pt" value="6"/>
			<int name="x" value="152"/>
			<int name="y" value="-202"/>
			<int name="tm" value="999999999"/>
			<string name="tn" value=""/>
			<int name="horizontalImpact" value="0"/>
		</imgdir>
		<imgdir name="6">
			<string name="pn" value="tp"/>
			<int name="pt" value="6"/>
			<int name="x" value="348"/>
			<int name="y" value="-198"/>
			<int name="tm" value="999999999"/>
			<string name="tn" value=""/>
			<int name="horizontalImpact" value="0"/>
		</imgdir>
		<imgdir name="7">
			<string name="pn" value="tp"/>
			<int name="pt" value="6"/>
			<int name="x" value="768"/>
			<int name="y" value="-200"/>
			<int name="tm" value="999999999"/>
			<string name="tn" value=""/>
			<int name="horizontalImpact" value="0"/>
		</imgdir>
		<imgdir name="8">
			<string name="pn" value="tp"/>
			<int name="pt" value="6"/>
			<int name="x" value="467"/>
			<int name="y" value="-200"/>
			<int name="tm" value="999999999"/>
			<string name="tn" value=""/>
			<int name="horizontalImpact" value="0"/>
		</imgdir>
	</imgdir>
</imgdir>