<?xml version="1.0" encoding="UTF-8" standalone="yes"?>
<imgdir name="1078.img">
	<imgdir name="info">
		<string name="mainCategory" value="adventure"/>
		<string name="subCategory" value="exploration"/>
		<string name="name" value="[地区探险]探索诺特勒斯"/>
		<string name="desc" value="探索诺特勒斯及周边地区"/>
		<string name="difficulty" value="rare"/>
		<int name="score" value="20"/>
		<imgdir name="uiType">
			<string name="uiForm" value="mission"/>
			<string name="gauge" value="mission_count"/>
		</imgdir>
	</imgdir>
	<imgdir name="mission">
		<imgdir name="0">
			<string name="name" value="探索&lt;牧区 - 通往海边的路&gt;"/>
			<imgdir name="subMission">
				<imgdir name="field_enter">
					<imgdir name="score">
						<int name="targetScore" value="1"/>
						<string name="compare" value="greater_than_or_equal_to"/>
						<string name="type" value="counting"/>
					</imgdir>
					<imgdir name="checkValue">
						<imgdir name="field">
							<int name="field_id" value="120010100"/>
						</imgdir>
					</imgdir>
				</imgdir>
			</imgdir>
			<string name="keyword" value="通往海边的路"/>
		</imgdir>
		<imgdir name="1">
			<string name="name" value="探索&lt;牧区 - 滨海栈桥&gt;"/>
			<imgdir name="subMission">
				<imgdir name="field_enter">
					<imgdir name="score">
						<int name="targetScore" value="1"/>
						<string name="compare" value="greater_than_or_equal_to"/>
						<string name="type" value="counting"/>
					</imgdir>
					<imgdir name="checkValue">
						<imgdir name="field">
							<int name="field_id" value="120010000"/>
						</imgdir>
					</imgdir>
				</imgdir>
			</imgdir>
			<string name="keyword" value="滨海栈桥"/>
		</imgdir>
		<imgdir name="2">
			<string name="name" value="探索&lt;海岸 - 漂漂猪海岸&gt;"/>
			<imgdir name="subMission">
				<imgdir name="field_enter">
					<imgdir name="score">
						<int name="targetScore" value="1"/>
						<string name="compare" value="greater_than_or_equal_to"/>
						<string name="type" value="counting"/>
					</imgdir>
					<imgdir name="checkValue">
						<imgdir name="field">
							<int name="field_id" value="120000400"/>
						</imgdir>
					</imgdir>
				</imgdir>
			</imgdir>
			<string name="keyword" value="漂漂猪海岸"/>
		</imgdir>
		<imgdir name="3">
			<string name="name" value="探索&lt;诺特勒斯 - 诺特勒斯码头&gt;"/>
			<imgdir name="subMission">
				<imgdir name="field_enter">
					<imgdir name="score">
						<int name="targetScore" value="1"/>
						<string name="compare" value="greater_than_or_equal_to"/>
						<string name="type" value="counting"/>
					</imgdir>
					<imgdir name="checkValue">
						<imgdir name="field">
							<int name="field_id" value="120000000"/>
						</imgdir>
					</imgdir>
				</imgdir>
			</imgdir>
			<string name="keyword" value="诺特勒斯码头"/>
		</imgdir>
		<imgdir name="4">
			<string name="name" value="探索&lt;诺特勒斯 - 诺特勒斯内部&gt;"/>
			<imgdir name="subMission">
				<imgdir name="field_enter">
					<imgdir name="score">
						<int name="targetScore" value="1"/>
						<string name="compare" value="greater_than_or_equal_to"/>
						<string name="type" value="counting"/>
					</imgdir>
					<imgdir name="checkValue">
						<imgdir name="field">
							<int name="field_id" value="120000100"/>
						</imgdir>
					</imgdir>
				</imgdir>
			</imgdir>
			<string name="keyword" value="诺特勒斯"/>
		</imgdir>
		<imgdir name="5">
			<string name="name" value="探索&lt;诺特勒斯 - 航海室&gt;"/>
			<string name="keyword" value="航海室"/>
			<imgdir name="subMission">
				<imgdir name="field_enter">
					<imgdir name="score">
						<int name="targetScore" value="1"/>
						<string name="compare" value="greater_than_or_equal_to"/>
						<string name="type" value="counting"/>
					</imgdir>
					<imgdir name="checkValue">
						<imgdir name="field">
							<int name="field_id" value="120000101"/>
						</imgdir>
					</imgdir>
				</imgdir>
			</imgdir>
		</imgdir>
		<imgdir name="6">
			<string name="name" value="探索&lt;诺特勒斯 - 海鸥爷爷的房间&gt;"/>
			<string name="keyword" value="海鸥爷爷的房间"/>
			<imgdir name="subMission">
				<imgdir name="field_enter">
					<imgdir name="score">
						<int name="targetScore" value="1"/>
						<string name="compare" value="greater_than_or_equal_to"/>
						<string name="type" value="counting"/>
					</imgdir>
					<imgdir name="checkValue">
						<imgdir name="field">
							<int name="field_id" value="120000102"/>
						</imgdir>
					</imgdir>
				</imgdir>
			</imgdir>
		</imgdir>
		<imgdir name="7">
			<string name="name" value="探索&lt;诺特勒斯 - 餐厅&gt;"/>
			<imgdir name="subMission">
				<imgdir name="field_enter">
					<imgdir name="score">
						<int name="targetScore" value="1"/>
						<string name="compare" value="greater_than_or_equal_to"/>
						<string name="type" value="counting"/>
					</imgdir>
					<imgdir name="checkValue">
						<imgdir name="field">
							<int name="field_id" value="120000103"/>
						</imgdir>
					</imgdir>
				</imgdir>
			</imgdir>
			<string name="keyword" value="餐厅"/>
		</imgdir>
		<imgdir name="8">
			<string name="name" value="探索&lt;诺特勒斯 - 训练场&gt;"/>
			<imgdir name="subMission">
				<imgdir name="field_enter">
					<imgdir name="score">
						<int name="targetScore" value="1"/>
						<string name="compare" value="greater_than_or_equal_to"/>
						<string name="type" value="counting"/>
					</imgdir>
					<imgdir name="checkValue">
						<imgdir name="field">
							<int name="field_id" value="120000104"/>
						</imgdir>
					</imgdir>
				</imgdir>
			</imgdir>
			<string name="keyword" value="训练场"/>
		</imgdir>
		<imgdir name="9">
			<string name="name" value="探索&lt;诺特勒斯 - 海盗训练场&gt;"/>
			<imgdir name="subMission">
				<imgdir name="field_enter">
					<imgdir name="score">
						<int name="targetScore" value="1"/>
						<string name="compare" value="greater_than_or_equal_to"/>
						<string name="type" value="counting"/>
					</imgdir>
					<imgdir name="checkValue">
						<imgdir name="field">
							<int name="field_id" value="120000105"/>
						</imgdir>
					</imgdir>
				</imgdir>
			</imgdir>
			<string name="keyword" value="海盗训练场"/>
		</imgdir>
		<imgdir name="10">
			<string name="name" value="探索&lt;隐藏地图 - 唐云的厨房&gt;"/>
			<imgdir name="subMission">
				<imgdir name="field_enter">
					<imgdir name="score">
						<int name="targetScore" value="1"/>
						<string name="compare" value="greater_than_or_equal_to"/>
						<string name="type" value="counting"/>
					</imgdir>
					<imgdir name="checkValue">
						<imgdir name="field">
							<int name="field_id" value="912080000"/>
						</imgdir>
					</imgdir>
				</imgdir>
			</imgdir>
			<string name="keyword" value="唐云的厨房"/>
		</imgdir>
		<imgdir name="11">
			<string name="name" value="探索&lt;诺特勒斯 - 会议室&gt;"/>
			<imgdir name="subMission">
				<imgdir name="field_enter">
					<imgdir name="score">
						<int name="targetScore" value="1"/>
						<string name="compare" value="greater_than_or_equal_to"/>
						<string name="type" value="counting"/>
					</imgdir>
					<imgdir name="checkValue">
						<imgdir name="field">
							<int name="field_id" value="120000201"/>
						</imgdir>
					</imgdir>
				</imgdir>
			</imgdir>
			<string name="keyword" value="会议室"/>
		</imgdir>
		<imgdir name="12">
			<string name="name" value="探索&lt;诺特勒斯 - 寝室&gt;"/>
			<imgdir name="subMission">
				<imgdir name="field_enter">
					<imgdir name="score">
						<int name="targetScore" value="1"/>
						<string name="compare" value="greater_than_or_equal_to"/>
						<string name="type" value="counting"/>
					</imgdir>
					<imgdir name="checkValue">
						<imgdir name="field">
							<int name="field_id" value="120000202"/>
						</imgdir>
					</imgdir>
				</imgdir>
			</imgdir>
			<string name="keyword" value="寝室"/>
		</imgdir>
		<imgdir name="13">
			<string name="name" value="探索&lt;隐藏地图 - 唐云的沸腾铁锅&gt;"/>
			<imgdir name="subMission">
				<imgdir name="field_enter">
					<imgdir name="score">
						<int name="targetScore" value="1"/>
						<string name="compare" value="greater_than_or_equal_to"/>
						<string name="type" value="counting"/>
					</imgdir>
					<imgdir name="checkValue">
						<imgdir name="fieldset">
							<int name="field_id" value="912080100"/>
						</imgdir>
					</imgdir>
				</imgdir>
			</imgdir>
			<string name="keyword" value="唐云的沸腾铁锅"/>
		</imgdir>
		<imgdir name="14">
			<string name="name" value="探索&lt;诺特勒斯 - 动力机房&gt;"/>
			<imgdir name="subMission">
				<imgdir name="field_enter">
					<imgdir name="score">
						<int name="targetScore" value="1"/>
						<string name="compare" value="greater_than_or_equal_to"/>
						<string name="type" value="counting"/>
					</imgdir>
					<imgdir name="checkValue">
						<imgdir name="field">
							<int name="field_id" value="120000301"/>
						</imgdir>
					</imgdir>
				</imgdir>
			</imgdir>
			<string name="keyword" value="动力机房"/>
		</imgdir>
	</imgdir>
</imgdir>
