<?xml version="1.0" encoding="UTF-8" standalone="yes"?>
<imgdir name="1079.img">
	<imgdir name="info">
		<string name="mainCategory" value="adventure"/>
		<string name="subCategory" value="exploration"/>
		<string name="name" value="[地区探险]探索艾利涅"/>
		<string name="desc" value="探索艾利涅"/>
		<string name="difficulty" value="rare"/>
		<int name="score" value="20"/>
		<imgdir name="uiType">
			<string name="uiForm" value="mission"/>
			<string name="gauge" value="mission_count"/>
		</imgdir>
	</imgdir>
	<imgdir name="mission">
		<imgdir name="0">
			<string name="name" value="探索&lt;仲夏夜森林 - 艾利涅湖前面&gt;"/>
			<imgdir name="subMission">
				<imgdir name="field_enter">
					<imgdir name="score">
						<int name="targetScore" value="1"/>
						<string name="compare" value="greater_than_or_equal_to"/>
						<string name="type" value="counting"/>
					</imgdir>
					<imgdir name="checkValue">
						<imgdir name="field">
							<string name="condition" value="or"/>
							<imgdir name="values">
								<imgdir name="0">
									<int name="field_id" value="101070000"/>
								</imgdir>
								<imgdir name="1">
									<int name="field_id" value="101070001"/>
								</imgdir>
								<imgdir name="2">
									<int name="field_id" value="101070010"/>
								</imgdir>
							</imgdir>
						</imgdir>
					</imgdir>
				</imgdir>
			</imgdir>
			<string name="keyword" value="艾利涅湖前面"/>
		</imgdir>
		<imgdir name="1">
			<string name="name" value="探索&lt;仲夏夜森林 - 闪烁湖畔小路1&gt;"/>
			<imgdir name="subMission">
				<imgdir name="field_enter">
					<imgdir name="score">
						<int name="targetScore" value="1"/>
						<string name="compare" value="greater_than_or_equal_to"/>
						<string name="type" value="counting"/>
					</imgdir>
					<imgdir name="checkValue">
						<imgdir name="field">
							<int name="field_id" value="101070100"/>
						</imgdir>
					</imgdir>
				</imgdir>
			</imgdir>
			<string name="keyword" value="闪烁湖畔小路1"/>
		</imgdir>
		<imgdir name="2">
			<string name="name" value="探索&lt;仲夏夜森林 - 闪烁湖畔小路2&gt;"/>
			<imgdir name="subMission">
				<imgdir name="field_enter">
					<imgdir name="score">
						<int name="targetScore" value="1"/>
						<string name="compare" value="greater_than_or_equal_to"/>
						<string name="type" value="counting"/>
					</imgdir>
					<imgdir name="checkValue">
						<imgdir name="field">
							<int name="field_id" value="101070200"/>
						</imgdir>
					</imgdir>
				</imgdir>
			</imgdir>
			<string name="keyword" value="闪烁湖畔小路2"/>
		</imgdir>
		<imgdir name="3">
			<string name="name" value="探索&lt;仲夏夜森林 - 闪烁湖畔小路3&gt;"/>
			<imgdir name="subMission">
				<imgdir name="field_enter">
					<imgdir name="score">
						<int name="targetScore" value="1"/>
						<string name="compare" value="greater_than_or_equal_to"/>
						<string name="type" value="counting"/>
					</imgdir>
					<imgdir name="checkValue">
						<imgdir name="field">
							<int name="field_id" value="101070300"/>
						</imgdir>
					</imgdir>
				</imgdir>
			</imgdir>
			<string name="keyword" value="闪烁湖畔小路3"/>
		</imgdir>
		<imgdir name="4">
			<string name="name" value="探索&lt;艾利涅湖 - 湖面1&gt;"/>
			<imgdir name="subMission">
				<imgdir name="field_enter">
					<imgdir name="score">
						<int name="targetScore" value="1"/>
						<string name="compare" value="greater_than_or_equal_to"/>
						<string name="type" value="counting"/>
					</imgdir>
					<imgdir name="checkValue">
						<imgdir name="field">
							<int name="field_id" value="101071000"/>
						</imgdir>
					</imgdir>
				</imgdir>
			</imgdir>
			<string name="keyword" value="湖面1"/>
		</imgdir>
		<imgdir name="5">
			<string name="name" value="探索&lt;艾利涅湖 - 湖面2&gt;"/>
			<imgdir name="subMission">
				<imgdir name="field_enter">
					<imgdir name="score">
						<int name="targetScore" value="1"/>
						<string name="compare" value="greater_than_or_equal_to"/>
						<string name="type" value="counting"/>
					</imgdir>
					<imgdir name="checkValue">
						<imgdir name="field">
							<int name="field_id" value="101071100"/>
						</imgdir>
					</imgdir>
				</imgdir>
			</imgdir>
			<string name="keyword" value="湖面2"/>
		</imgdir>
		<imgdir name="6">
			<string name="name" value="探索&lt;艾利涅湖 - 湖面3&gt;"/>
			<imgdir name="subMission">
				<imgdir name="field_enter">
					<imgdir name="score">
						<int name="targetScore" value="1"/>
						<string name="compare" value="greater_than_or_equal_to"/>
						<string name="type" value="counting"/>
					</imgdir>
					<imgdir name="checkValue">
						<imgdir name="field">
							<int name="field_id" value="101071200"/>
						</imgdir>
					</imgdir>
				</imgdir>
			</imgdir>
			<string name="keyword" value="湖面3"/>
		</imgdir>
		<imgdir name="7">
			<string name="name" value="探索&lt;艾利涅湖 - 妖精学院艾利涅正门&gt;"/>
			<imgdir name="subMission">
				<imgdir name="field_enter">
					<imgdir name="score">
						<int name="targetScore" value="1"/>
						<string name="compare" value="greater_than_or_equal_to"/>
						<string name="type" value="counting"/>
					</imgdir>
					<imgdir name="checkValue">
						<imgdir name="field">
							<int name="field_id" value="101071300"/>
						</imgdir>
					</imgdir>
				</imgdir>
			</imgdir>
			<string name="keyword" value="妖精学院艾利涅正门"/>
		</imgdir>
		<imgdir name="8">
			<string name="name" value="探索&lt;妖精学院艾利涅 - 妖精学院艾利涅大厅&gt;"/>
			<imgdir name="subMission">
				<imgdir name="field_enter">
					<imgdir name="score">
						<int name="targetScore" value="1"/>
						<string name="compare" value="greater_than_or_equal_to"/>
						<string name="type" value="counting"/>
					</imgdir>
					<imgdir name="checkValue">
						<imgdir name="field">
							<string name="condition" value="or"/>
							<imgdir name="values">
								<imgdir name="0">
									<int name="field_id" value="101072000"/>
								</imgdir>
								<imgdir name="1">
									<int name="field_id" value="101072001"/>
								</imgdir>
								<imgdir name="2">
									<int name="field_id" value="101072002"/>
								</imgdir>
							</imgdir>
						</imgdir>
					</imgdir>
				</imgdir>
			</imgdir>
			<string name="keyword" value="妖精学院艾利涅大厅"/>
		</imgdir>
		<imgdir name="9">
			<string name="name" value="探索&lt;妖精学院艾利涅 - 2层左侧宿舍&gt;"/>
			<imgdir name="subMission">
				<imgdir name="field_enter">
					<imgdir name="score">
						<int name="targetScore" value="1"/>
						<string name="compare" value="greater_than_or_equal_to"/>
						<string name="type" value="counting"/>
					</imgdir>
					<imgdir name="checkValue">
						<imgdir name="field">
							<int name="field_id" value="101072100"/>
						</imgdir>
					</imgdir>
				</imgdir>
			</imgdir>
			<string name="keyword" value="2楼左侧宿舍"/>
		</imgdir>
		<imgdir name="10">
			<string name="name" value="探索&lt;妖精学院艾利涅 - 2楼图书室&gt;"/>
			<imgdir name="subMission">
				<imgdir name="field_enter">
					<imgdir name="score">
						<int name="targetScore" value="1"/>
						<string name="compare" value="greater_than_or_equal_to"/>
						<string name="type" value="counting"/>
					</imgdir>
					<imgdir name="checkValue">
						<imgdir name="field">
							<int name="field_id" value="101072200"/>
						</imgdir>
					</imgdir>
				</imgdir>
			</imgdir>
			<string name="keyword" value="2楼图书室"/>
		</imgdir>
		<imgdir name="11">
			<string name="name" value="探索&lt;妖精学院艾利涅 - 2楼楼道&gt;"/>
			<imgdir name="subMission">
				<imgdir name="field_enter">
					<imgdir name="score">
						<int name="targetScore" value="1"/>
						<string name="compare" value="greater_than_or_equal_to"/>
						<string name="type" value="counting"/>
					</imgdir>
					<imgdir name="checkValue">
						<imgdir name="field">
							<int name="field_id" value="101072300"/>
						</imgdir>
					</imgdir>
				</imgdir>
			</imgdir>
			<string name="keyword" value="2楼楼道"/>
		</imgdir>
		<imgdir name="12">
			<string name="name" value="探索&lt;妖精学院艾利涅 - 2楼右侧宿舍&gt;"/>
			<imgdir name="subMission">
				<imgdir name="field_enter">
					<imgdir name="score">
						<int name="targetScore" value="1"/>
						<string name="compare" value="greater_than_or_equal_to"/>
						<string name="type" value="counting"/>
					</imgdir>
					<imgdir name="checkValue">
						<imgdir name="field">
							<int name="field_id" value="101072400"/>
						</imgdir>
					</imgdir>
				</imgdir>
			</imgdir>
			<string name="keyword" value="2楼右侧宿舍"/>
		</imgdir>
		<imgdir name="13">
			<string name="name" value="探索&lt;妖精学院艾利涅 - 3层左侧宿舍&gt;"/>
			<imgdir name="subMission">
				<imgdir name="field_enter">
					<imgdir name="score">
						<int name="targetScore" value="1"/>
						<string name="compare" value="greater_than_or_equal_to"/>
						<string name="type" value="counting"/>
					</imgdir>
					<imgdir name="checkValue">
						<imgdir name="field">
							<int name="field_id" value="101072500"/>
						</imgdir>
					</imgdir>
				</imgdir>
			</imgdir>
			<string name="keyword" value="3楼左侧宿舍"/>
		</imgdir>
		<imgdir name="14">
			<string name="name" value="探索&lt;妖精学院艾利涅 - 3楼图书室&gt;"/>
			<imgdir name="subMission">
				<imgdir name="field_enter">
					<imgdir name="score">
						<int name="targetScore" value="1"/>
						<string name="compare" value="greater_than_or_equal_to"/>
						<string name="type" value="counting"/>
					</imgdir>
					<imgdir name="checkValue">
						<imgdir name="field">
							<int name="field_id" value="101072600"/>
						</imgdir>
					</imgdir>
				</imgdir>
			</imgdir>
			<string name="keyword" value="3楼图书室"/>
		</imgdir>
		<imgdir name="15">
			<string name="name" value="探索&lt;妖精学院艾利涅 - 3楼楼道&gt;"/>
			<imgdir name="subMission">
				<imgdir name="field_enter">
					<imgdir name="score">
						<int name="targetScore" value="1"/>
						<string name="compare" value="greater_than_or_equal_to"/>
						<string name="type" value="counting"/>
					</imgdir>
					<imgdir name="checkValue">
						<imgdir name="field">
							<int name="field_id" value="101072700"/>
						</imgdir>
					</imgdir>
				</imgdir>
			</imgdir>
			<string name="keyword" value="3楼楼道"/>
		</imgdir>
		<imgdir name="16">
			<string name="name" value="探索&lt;妖精学院艾利涅 - 3楼右侧宿舍&gt;"/>
			<imgdir name="subMission">
				<imgdir name="field_enter">
					<imgdir name="score">
						<int name="targetScore" value="1"/>
						<string name="compare" value="greater_than_or_equal_to"/>
						<string name="type" value="counting"/>
					</imgdir>
					<imgdir name="checkValue">
						<imgdir name="field">
							<int name="field_id" value="101072800"/>
						</imgdir>
					</imgdir>
				</imgdir>
			</imgdir>
			<string name="keyword" value="3楼右侧宿舍"/>
		</imgdir>
		<imgdir name="17">
			<string name="name" value="探索&lt;曼德拉草田 - 洋葱种植园&gt;"/>
			<imgdir name="subMission">
				<imgdir name="field_enter">
					<imgdir name="score">
						<int name="targetScore" value="1"/>
						<string name="compare" value="greater_than_or_equal_to"/>
						<string name="type" value="counting"/>
					</imgdir>
					<imgdir name="checkValue">
						<imgdir name="field">
							<int name="field_id" value="101073000"/>
						</imgdir>
					</imgdir>
				</imgdir>
			</imgdir>
			<string name="keyword" value="洋葱种植园"/>
		</imgdir>
		<imgdir name="18">
			<string name="name" value="探索&lt;曼德拉草田 - 独立森林种植园1&gt;"/>
			<imgdir name="subMission">
				<imgdir name="field_enter">
					<imgdir name="score">
						<int name="targetScore" value="1"/>
						<string name="compare" value="greater_than_or_equal_to"/>
						<string name="type" value="counting"/>
					</imgdir>
					<imgdir name="checkValue">
						<imgdir name="field">
							<int name="field_id" value="101073010"/>
						</imgdir>
					</imgdir>
				</imgdir>
			</imgdir>
			<string name="keyword" value="独立森林种植园1"/>
		</imgdir>
		<imgdir name="19">
			<string name="name" value="探索&lt;曼德拉草田 - 萝卜田&gt;"/>
			<imgdir name="subMission">
				<imgdir name="field_enter">
					<imgdir name="score">
						<int name="targetScore" value="1"/>
						<string name="compare" value="greater_than_or_equal_to"/>
						<string name="type" value="counting"/>
					</imgdir>
					<imgdir name="checkValue">
						<imgdir name="field">
							<int name="field_id" value="101073100"/>
						</imgdir>
					</imgdir>
				</imgdir>
			</imgdir>
			<string name="keyword" value="萝卜田"/>
		</imgdir>
		<imgdir name="20">
			<string name="name" value="探索&lt;曼德拉草田 - 独立森林种植园2&gt;"/>
			<imgdir name="subMission">
				<imgdir name="field_enter">
					<imgdir name="score">
						<int name="targetScore" value="1"/>
						<string name="compare" value="greater_than_or_equal_to"/>
						<string name="type" value="counting"/>
					</imgdir>
					<imgdir name="checkValue">
						<imgdir name="field">
							<int name="field_id" value="101073110"/>
						</imgdir>
					</imgdir>
				</imgdir>
			</imgdir>
			<string name="keyword" value="独立森林种植园2"/>
		</imgdir>
		<imgdir name="21">
			<string name="name" value="探索&lt;曼德拉草田 - 后院空地&gt;"/>
			<imgdir name="subMission">
				<imgdir name="field_enter">
					<imgdir name="score">
						<int name="targetScore" value="1"/>
						<string name="compare" value="greater_than_or_equal_to"/>
						<string name="type" value="counting"/>
					</imgdir>
					<imgdir name="checkValue">
						<imgdir name="field">
							<int name="field_id" value="101073200"/>
						</imgdir>
					</imgdir>
				</imgdir>
			</imgdir>
			<string name="keyword" value="后院空地"/>
		</imgdir>
		<imgdir name="22">
			<string name="name" value="探索&lt;曼德拉草田 - 劫持现场&gt;"/>
			<imgdir name="subMission">
				<imgdir name="field_enter">
					<imgdir name="score">
						<int name="targetScore" value="1"/>
						<string name="compare" value="greater_than_or_equal_to"/>
						<string name="type" value="counting"/>
					</imgdir>
					<imgdir name="checkValue">
						<imgdir name="field">
							<int name="field_id" value="101073201"/>
						</imgdir>
					</imgdir>
				</imgdir>
			</imgdir>
			<string name="keyword" value="劫持现场"/>
		</imgdir>
		<imgdir name="23">
			<string name="name" value="探索&lt;曼德拉草田 - 野外演出舞台&gt;"/>
			<imgdir name="subMission">
				<imgdir name="field_enter">
					<imgdir name="score">
						<int name="targetScore" value="1"/>
						<string name="compare" value="greater_than_or_equal_to"/>
						<string name="type" value="counting"/>
					</imgdir>
					<imgdir name="checkValue">
						<imgdir name="field">
							<int name="field_id" value="101073300"/>
						</imgdir>
					</imgdir>
				</imgdir>
			</imgdir>
			<string name="keyword" value="野外演出舞台"/>
		</imgdir>
	</imgdir>
</imgdir>
