<?xml version="1.0" encoding="UTF-8" standalone="yes"?>
<imgdir name="1115.img">
	<imgdir name="info">
		<string name="mainCategory" value="adventure"/>
		<string name="subCategory" value="exploration"/>
		<string name="name" value="[地区探险]探索暴君城堡"/>
		<string name="desc" value="探索暴君城堡"/>
		<string name="difficulty" value="rare"/>
		<int name="score" value="20"/>
		<imgdir name="uiType">
			<string name="uiForm" value="mission"/>
			<string name="gauge" value="mission_count"/>
		</imgdir>
	</imgdir>
	<imgdir name="mission">
		<imgdir name="0">
			<string name="name" value="探索&lt;暴君城堡 - 暴君城堡入口&gt;"/>
			<imgdir name="subMission">
				<imgdir name="field_enter">
					<imgdir name="score">
						<int name="targetScore" value="1"/>
						<string name="compare" value="greater_than_or_equal_to"/>
						<string name="type" value="counting"/>
					</imgdir>
					<imgdir name="checkValue">
						<imgdir name="field">
							<int name="field_id" value="401050000"/>
						</imgdir>
					</imgdir>
				</imgdir>
			</imgdir>
			<string name="keyword" value="暴君城堡入口"/>
		</imgdir>
		<imgdir name="1">
			<string name="name" value="探索&lt;暴君城堡 - 暴君城堡1层大厅&gt;"/>
			<imgdir name="subMission">
				<imgdir name="field_enter">
					<imgdir name="score">
						<int name="targetScore" value="1"/>
						<string name="compare" value="greater_than_or_equal_to"/>
						<string name="type" value="counting"/>
					</imgdir>
					<imgdir name="checkValue">
						<imgdir name="field">
							<int name="field_id" value="401050001"/>
						</imgdir>
					</imgdir>
				</imgdir>
			</imgdir>
			<string name="keyword" value="探索暴君城堡1层大厅"/>
		</imgdir>
		<imgdir name="2">
			<string name="name" value="探索&lt;暴君城堡 - 通往城堡2层的阶梯&gt;"/>
			<imgdir name="subMission">
				<imgdir name="field_enter">
					<imgdir name="score">
						<int name="targetScore" value="1"/>
						<string name="compare" value="greater_than_or_equal_to"/>
						<string name="type" value="counting"/>
					</imgdir>
					<imgdir name="checkValue">
						<imgdir name="field">
							<int name="field_id" value="401050002"/>
						</imgdir>
					</imgdir>
				</imgdir>
			</imgdir>
			<string name="keyword" value="通往城堡2层的阶梯"/>
		</imgdir>
		<imgdir name="3">
			<string name="name" value="探索&lt;暴君城堡 - 暴君城堡2层大厅&gt;"/>
			<imgdir name="subMission">
				<imgdir name="field_enter">
					<imgdir name="score">
						<int name="targetScore" value="1"/>
						<string name="compare" value="greater_than_or_equal_to"/>
						<string name="type" value="counting"/>
					</imgdir>
					<imgdir name="checkValue">
						<imgdir name="field">
							<int name="field_id" value="401050100"/>
						</imgdir>
					</imgdir>
				</imgdir>
			</imgdir>
			<string name="keyword" value="暴君城堡2层大厅"/>
		</imgdir>
		<imgdir name="4">
			<string name="name" value="探索&lt;暴君城堡 - 通往城堡3层的阶梯&gt;"/>
			<imgdir name="subMission">
				<imgdir name="field_enter">
					<imgdir name="score">
						<int name="targetScore" value="1"/>
						<string name="compare" value="greater_than_or_equal_to"/>
						<string name="type" value="counting"/>
					</imgdir>
					<imgdir name="checkValue">
						<imgdir name="field">
							<int name="field_id" value="401050101"/>
						</imgdir>
					</imgdir>
				</imgdir>
			</imgdir>
			<string name="keyword" value="通往城堡3层的阶梯"/>
		</imgdir>
		<imgdir name="5">
			<string name="name" value="探索&lt;暴君城堡 - 暴君之王座&gt;"/>
			<imgdir name="subMission">
				<imgdir name="field_enter">
					<imgdir name="score">
						<int name="targetScore" value="1"/>
						<string name="compare" value="greater_than_or_equal_to"/>
						<string name="type" value="counting"/>
					</imgdir>
					<imgdir name="checkValue">
						<imgdir name="field">
							<string name="condition" value="or"/>
							<imgdir name="values">
								<imgdir name="0">
									<int name="field_id" value="401060100"/>
								</imgdir>
								<imgdir name="1">
									<int name="field_id" value="401060200"/>
								</imgdir>
								<imgdir name="2">
									<int name="field_id" value="401060300"/>
								</imgdir>
							</imgdir>
						</imgdir>
					</imgdir>
				</imgdir>
			</imgdir>
			<string name="keyword" value="暴君之王座"/>
		</imgdir>
		<imgdir name="6">
			<string name="name" value="探索&lt;悔恨工坊 - 工坊1层1区域&gt;"/>
			<imgdir name="subMission">
				<imgdir name="field_enter">
					<imgdir name="score">
						<int name="targetScore" value="1"/>
						<string name="compare" value="greater_than_or_equal_to"/>
						<string name="type" value="counting"/>
					</imgdir>
					<imgdir name="checkValue">
						<imgdir name="field">
							<int name="field_id" value="401051000"/>
						</imgdir>
					</imgdir>
				</imgdir>
			</imgdir>
			<string name="keyword" value="工坊1层1区域"/>
		</imgdir>
		<imgdir name="7">
			<string name="name" value="探索&lt;悔恨工坊 - 工坊1层2区域&gt;"/>
			<imgdir name="subMission">
				<imgdir name="field_enter">
					<imgdir name="score">
						<int name="targetScore" value="1"/>
						<string name="compare" value="greater_than_or_equal_to"/>
						<string name="type" value="counting"/>
					</imgdir>
					<imgdir name="checkValue">
						<imgdir name="field">
							<int name="field_id" value="401051001"/>
						</imgdir>
					</imgdir>
				</imgdir>
			</imgdir>
			<string name="keyword" value="工坊1层2区域"/>
		</imgdir>
		<imgdir name="8">
			<string name="name" value="探索&lt;悔恨工坊 - 工坊1层3区域&gt;"/>
			<imgdir name="subMission">
				<imgdir name="field_enter">
					<imgdir name="score">
						<int name="targetScore" value="1"/>
						<string name="compare" value="greater_than_or_equal_to"/>
						<string name="type" value="counting"/>
					</imgdir>
					<imgdir name="checkValue">
						<imgdir name="field">
							<int name="field_id" value="401051002"/>
						</imgdir>
					</imgdir>
				</imgdir>
			</imgdir>
			<string name="keyword" value="工坊1层3区域"/>
		</imgdir>
		<imgdir name="9">
			<string name="name" value="探索&lt;悔恨工坊 - 通往工坊2层的阶梯&gt;"/>
			<imgdir name="subMission">
				<imgdir name="field_enter">
					<imgdir name="score">
						<int name="targetScore" value="1"/>
						<string name="compare" value="greater_than_or_equal_to"/>
						<string name="type" value="counting"/>
					</imgdir>
					<imgdir name="checkValue">
						<imgdir name="field">
							<int name="field_id" value="401051003"/>
						</imgdir>
					</imgdir>
				</imgdir>
			</imgdir>
			<string name="keyword" value="通往工坊2层的阶梯"/>
		</imgdir>
		<imgdir name="10">
			<string name="name" value="探索&lt;悔恨工坊 - 工坊2层1区域&gt;"/>
			<imgdir name="subMission">
				<imgdir name="field_enter">
					<imgdir name="score">
						<int name="targetScore" value="1"/>
						<string name="compare" value="greater_than_or_equal_to"/>
						<string name="type" value="counting"/>
					</imgdir>
					<imgdir name="checkValue">
						<imgdir name="field">
							<int name="field_id" value="401051100"/>
						</imgdir>
					</imgdir>
				</imgdir>
			</imgdir>
			<string name="keyword" value="工坊2层1区域"/>
		</imgdir>
		<imgdir name="11">
			<string name="name" value="探索&lt;悔恨工坊 - 工坊2层2区域&gt;"/>
			<imgdir name="subMission">
				<imgdir name="field_enter">
					<imgdir name="score">
						<int name="targetScore" value="1"/>
						<string name="compare" value="greater_than_or_equal_to"/>
						<string name="type" value="counting"/>
					</imgdir>
					<imgdir name="checkValue">
						<imgdir name="field">
							<int name="field_id" value="401051101"/>
						</imgdir>
					</imgdir>
				</imgdir>
			</imgdir>
			<string name="keyword" value="工坊2层2区域"/>
		</imgdir>
		<imgdir name="12">
			<string name="name" value="探索&lt;悔恨工坊 - 工坊2层3区域&gt;"/>
			<imgdir name="subMission">
				<imgdir name="field_enter">
					<imgdir name="score">
						<int name="targetScore" value="1"/>
						<string name="compare" value="greater_than_or_equal_to"/>
						<string name="type" value="counting"/>
					</imgdir>
					<imgdir name="checkValue">
						<imgdir name="field">
							<int name="field_id" value="401051102"/>
						</imgdir>
					</imgdir>
				</imgdir>
			</imgdir>
			<string name="keyword" value="工坊2层3区域"/>
		</imgdir>
		<imgdir name="13">
			<string name="name" value="探索&lt;悔恨工坊 - 通往工坊入口的阶梯&gt;"/>
			<imgdir name="subMission">
				<imgdir name="field_enter">
					<imgdir name="score">
						<int name="targetScore" value="1"/>
						<string name="compare" value="greater_than_or_equal_to"/>
						<string name="type" value="counting"/>
					</imgdir>
					<imgdir name="checkValue">
						<imgdir name="field">
							<int name="field_id" value="401051103"/>
						</imgdir>
					</imgdir>
				</imgdir>
			</imgdir>
			<string name="keyword" value="通往工坊入口的阶梯"/>
		</imgdir>
		<imgdir name="14">
			<string name="name" value="探索&lt;悔恨工坊 - 工坊入口&gt;"/>
			<imgdir name="subMission">
				<imgdir name="field_enter">
					<imgdir name="score">
						<int name="targetScore" value="1"/>
						<string name="compare" value="greater_than_or_equal_to"/>
						<string name="type" value="counting"/>
					</imgdir>
					<imgdir name="checkValue">
						<imgdir name="field">
							<int name="field_id" value="401051104"/>
						</imgdir>
					</imgdir>
				</imgdir>
			</imgdir>
			<string name="keyword" value="工坊入口"/>
		</imgdir>
		<imgdir name="15">
			<string name="name" value="探索&lt;疯狂实验室 - 实验室地下1层3区域&gt;"/>
			<imgdir name="subMission">
				<imgdir name="field_enter">
					<imgdir name="score">
						<int name="targetScore" value="1"/>
						<string name="compare" value="greater_than_or_equal_to"/>
						<string name="type" value="counting"/>
					</imgdir>
					<imgdir name="checkValue">
						<imgdir name="field">
							<int name="field_id" value="401052000"/>
						</imgdir>
					</imgdir>
				</imgdir>
			</imgdir>
			<string name="keyword" value="实验室地下1层3区域"/>
		</imgdir>
		<imgdir name="16">
			<string name="name" value="探索&lt;疯狂实验室 - 实验室地下1层2区域&gt;"/>
			<imgdir name="subMission">
				<imgdir name="field_enter">
					<imgdir name="score">
						<int name="targetScore" value="1"/>
						<string name="compare" value="greater_than_or_equal_to"/>
						<string name="type" value="counting"/>
					</imgdir>
					<imgdir name="checkValue">
						<imgdir name="field">
							<int name="field_id" value="401052001"/>
						</imgdir>
					</imgdir>
				</imgdir>
			</imgdir>
			<string name="keyword" value="实验室地下1层2区域"/>
		</imgdir>
		<imgdir name="17">
			<string name="name" value="探索&lt;疯狂实验室 - 实验室地下1层1区域&gt;"/>
			<imgdir name="subMission">
				<imgdir name="field_enter">
					<imgdir name="score">
						<int name="targetScore" value="1"/>
						<string name="compare" value="greater_than_or_equal_to"/>
						<string name="type" value="counting"/>
					</imgdir>
					<imgdir name="checkValue">
						<imgdir name="field">
							<int name="field_id" value="401052002"/>
						</imgdir>
					</imgdir>
				</imgdir>
			</imgdir>
			<string name="keyword" value="实验室地下1层1区域"/>
		</imgdir>
		<imgdir name="18">
			<string name="name" value="探索&lt;疯狂实验室 - 通往实验室地下2层的阶梯&gt;"/>
			<imgdir name="subMission">
				<imgdir name="field_enter">
					<imgdir name="score">
						<int name="targetScore" value="1"/>
						<string name="compare" value="greater_than_or_equal_to"/>
						<string name="type" value="counting"/>
					</imgdir>
					<imgdir name="checkValue">
						<imgdir name="field">
							<int name="field_id" value="401052003"/>
						</imgdir>
					</imgdir>
				</imgdir>
			</imgdir>
			<string name="keyword" value="通往实验室地下2层的阶梯"/>
		</imgdir>
		<imgdir name="19">
			<string name="name" value="探索&lt;疯狂实验室 - 实验室地下2层1区域&gt;"/>
			<imgdir name="subMission">
				<imgdir name="field_enter">
					<imgdir name="score">
						<int name="targetScore" value="1"/>
						<string name="compare" value="greater_than_or_equal_to"/>
						<string name="type" value="counting"/>
					</imgdir>
					<imgdir name="checkValue">
						<imgdir name="field">
							<int name="field_id" value="401052100"/>
						</imgdir>
					</imgdir>
				</imgdir>
			</imgdir>
			<string name="keyword" value="实验室地下2层1区域"/>
		</imgdir>
		<imgdir name="20">
			<string name="name" value="探索&lt;疯狂实验室 - 实验室地下2层2区域&gt;"/>
			<imgdir name="subMission">
				<imgdir name="field_enter">
					<imgdir name="score">
						<int name="targetScore" value="1"/>
						<string name="compare" value="greater_than_or_equal_to"/>
						<string name="type" value="counting"/>
					</imgdir>
					<imgdir name="checkValue">
						<imgdir name="field">
							<int name="field_id" value="401052101"/>
						</imgdir>
					</imgdir>
				</imgdir>
			</imgdir>
			<string name="keyword" value="实验室地下2层2区域"/>
		</imgdir>
		<imgdir name="21">
			<string name="name" value="探索&lt;疯狂实验室 - 实验室地下2层3区域&gt;"/>
			<imgdir name="subMission">
				<imgdir name="field_enter">
					<imgdir name="score">
						<int name="targetScore" value="1"/>
						<string name="compare" value="greater_than_or_equal_to"/>
						<string name="type" value="counting"/>
					</imgdir>
					<imgdir name="checkValue">
						<imgdir name="field">
							<int name="field_id" value="401052102"/>
						</imgdir>
					</imgdir>
				</imgdir>
			</imgdir>
			<string name="keyword" value="实验室地下2层3区域"/>
		</imgdir>
		<imgdir name="22">
			<string name="name" value="探索&lt;疯狂实验室 - 通往实验室入口的阶梯&gt;"/>
			<imgdir name="subMission">
				<imgdir name="field_enter">
					<imgdir name="score">
						<int name="targetScore" value="1"/>
						<string name="compare" value="greater_than_or_equal_to"/>
						<string name="type" value="counting"/>
					</imgdir>
					<imgdir name="checkValue">
						<imgdir name="field">
							<int name="field_id" value="401052103"/>
						</imgdir>
					</imgdir>
				</imgdir>
			</imgdir>
			<string name="keyword" value="通往实验室入口的阶梯"/>
		</imgdir>
		<imgdir name="23">
			<string name="name" value="探索&lt;疯狂实验室 - 实验室入口&gt;"/>
			<imgdir name="subMission">
				<imgdir name="field_enter">
					<imgdir name="score">
						<int name="targetScore" value="1"/>
						<string name="compare" value="greater_than_or_equal_to"/>
						<string name="type" value="counting"/>
					</imgdir>
					<imgdir name="checkValue">
						<imgdir name="field">
							<int name="field_id" value="401052104"/>
						</imgdir>
					</imgdir>
				</imgdir>
			</imgdir>
			<string name="keyword" value="实验室入口"/>
		</imgdir>
		<imgdir name="24">
			<string name="name" value="探索&lt;暴君城堡 - 暴君城堡3层大厅&gt;"/>
			<imgdir name="subMission">
				<imgdir name="field_enter">
					<imgdir name="score">
						<int name="targetScore" value="1"/>
						<string name="compare" value="greater_than_or_equal_to"/>
						<string name="type" value="counting"/>
					</imgdir>
					<imgdir name="checkValue">
						<imgdir name="field">
							<int name="field_id" value="401053000"/>
						</imgdir>
					</imgdir>
				</imgdir>
			</imgdir>
			<string name="keyword" value="暴君城堡3层大厅"/>
		</imgdir>
		<imgdir name="25">
			<string name="name" value="探索&lt;暴君城堡 - 暴君城堡3层走廊&gt;"/>
			<imgdir name="subMission">
				<imgdir name="field_enter">
					<imgdir name="score">
						<int name="targetScore" value="1"/>
						<string name="compare" value="greater_than_or_equal_to"/>
						<string name="type" value="counting"/>
					</imgdir>
					<imgdir name="checkValue">
						<imgdir name="field">
							<int name="field_id" value="401053001"/>
						</imgdir>
					</imgdir>
				</imgdir>
			</imgdir>
			<string name="keyword" value="暴君城堡3层走廊"/>
		</imgdir>
		<imgdir name="26">
			<string name="name" value="探索&lt;暴君城堡 - 暴君城堡3层办公室前面&gt;"/>
			<imgdir name="subMission">
				<imgdir name="field_enter">
					<imgdir name="score">
						<int name="targetScore" value="1"/>
						<string name="compare" value="greater_than_or_equal_to"/>
						<string name="type" value="counting"/>
					</imgdir>
					<imgdir name="checkValue">
						<imgdir name="field">
							<int name="field_id" value="401053002"/>
						</imgdir>
					</imgdir>
				</imgdir>
			</imgdir>
			<string name="keyword" value="暴君城堡3层办公室前面"/>
		</imgdir>
		<imgdir name="27">
			<string name="name" value="探索&lt;暴君城堡 - 贝德罗斯的办公室&gt;"/>
			<imgdir name="subMission">
				<imgdir name="field_enter">
					<imgdir name="score">
						<int name="targetScore" value="1"/>
						<string name="compare" value="greater_than_or_equal_to"/>
						<string name="type" value="counting"/>
					</imgdir>
					<imgdir name="checkValue">
						<imgdir name="field">
							<int name="field_id" value="401053100"/>
						</imgdir>
					</imgdir>
				</imgdir>
			</imgdir>
			<string name="keyword" value="贝德罗斯的办公室"/>
		</imgdir>
		<imgdir name="28">
			<string name="name" value="探索&lt;暴君城堡 - 赫里希安最上层入口&gt;"/>
			<imgdir name="subMission">
				<imgdir name="field_enter">
					<imgdir name="score">
						<int name="targetScore" value="1"/>
						<string name="compare" value="greater_than_or_equal_to"/>
						<string name="type" value="counting"/>
					</imgdir>
					<imgdir name="checkValue">
						<imgdir name="field">
							<int name="field_id" value="401060000"/>
						</imgdir>
					</imgdir>
				</imgdir>
			</imgdir>
			<string name="keyword" value="赫里希安最上层入口"/>
		</imgdir>
	</imgdir>
</imgdir>