<?xml version="1.0" encoding="UTF-8" standalone="yes"?>
<imgdir name="867111007.img">
	<imgdir name="info">
		<int name="version" value="10"/>
		<int name="cloud" value="0"/>
		<int name="town" value="0"/>
		<float name="mobRate" value="1.0"/>
		<string name="bgm" value="Bgm00/FloralLife"/>
		<int name="returnMap" value="867111007"/>
		<string name="mapDesc" value=""/>
		<int name="forcedReturn" value="999999999"/>
		<int name="hideMinimap" value="1"/>
		<int name="moveLimit" value="0"/>
		<string name="mapMark" value="Henesys"/>
		<int name="swim" value="0"/>
		<int name="fly" value="0"/>
		<int name="noMapCmd" value="0"/>
		<int name="fieldLimit" value="336568"/>
		<string name="onFirstUserEnter" value=""/>
		<string name="onUserEnter" value="enter_867111007"/>
		<int name="standAlone" value="0"/>
		<int name="partyStandAlone" value="0"/>
		<int name="VRTop" value="-468"/>
		<int name="VRLeft" value="-683"/>
		<int name="VRBottom" value="298"/>
		<int name="VRRight" value="682"/>
		<string name="fieldScript" value=""/>
		<int name="quarterView" value="0"/>
		<int name="fieldLimit_tw" value="0"/>
		<int name="noChair" value="1"/>
	</imgdir>
	<imgdir name="back">
		<imgdir name="0">
			<int name="no" value="0"/>
			<int name="x" value="-48"/>
			<int name="y" value="-109"/>
			<int name="rx" value="0"/>
			<int name="ry" value="0"/>
			<int name="type" value="1"/>
			<int name="cx" value="0"/>
			<int name="cy" value="0"/>
			<string name="bS" value="grassySoil_new"/>
			<int name="a" value="255"/>
			<int name="front" value="0"/>
			<int name="ani" value="0"/>
			<int name="f" value="0"/>
		</imgdir>
		<imgdir name="1">
			<string name="bS" value="grassySoil_new"/>
			<int name="front" value="0"/>
			<int name="ani" value="0"/>
			<int name="no" value="3"/>
			<int name="f" value="0"/>
			<int name="x" value="-257"/>
			<int name="y" value="-200"/>
			<int name="rx" value="-1"/>
			<int name="ry" value="-2"/>
			<int name="type" value="4"/>
			<int name="cx" value="0"/>
			<int name="cy" value="0"/>
			<int name="a" value="255"/>
		</imgdir>
		<imgdir name="2">
			<string name="bS" value="grassySoil_new"/>
			<int name="front" value="0"/>
			<int name="ani" value="0"/>
			<int name="no" value="5"/>
			<int name="f" value="0"/>
			<int name="x" value="-15"/>
			<int name="y" value="-108"/>
			<int name="rx" value="-2"/>
			<int name="ry" value="-5"/>
			<int name="type" value="1"/>
			<int name="cx" value="0"/>
			<int name="cy" value="0"/>
			<int name="a" value="255"/>
		</imgdir>
		<imgdir name="3">
			<string name="bS" value="grassySoil_new"/>
			<int name="front" value="0"/>
			<int name="ani" value="0"/>
			<int name="no" value="6"/>
			<int name="f" value="0"/>
			<int name="x" value="-57"/>
			<int name="y" value="-55"/>
			<int name="rx" value="-3"/>
			<int name="ry" value="-10"/>
			<int name="type" value="1"/>
			<int name="cx" value="0"/>
			<int name="cy" value="0"/>
			<int name="a" value="255"/>
		</imgdir>
		<imgdir name="4">
			<string name="bS" value="grassySoil_new"/>
			<int name="front" value="0"/>
			<int name="ani" value="0"/>
			<int name="no" value="8"/>
			<int name="f" value="0"/>
			<int name="x" value="-65"/>
			<int name="y" value="-78"/>
			<int name="rx" value="-2"/>
			<int name="ry" value="-10"/>
			<int name="type" value="4"/>
			<int name="cx" value="0"/>
			<int name="cy" value="0"/>
			<int name="a" value="255"/>
		</imgdir>
		<imgdir name="5">
			<string name="bS" value="grassySoil_new"/>
			<int name="front" value="0"/>
			<int name="ani" value="0"/>
			<int name="no" value="9"/>
			<int name="f" value="0"/>
			<int name="x" value="-338"/>
			<int name="y" value="-10"/>
			<int name="rx" value="-6"/>
			<int name="ry" value="-15"/>
			<int name="type" value="1"/>
			<int name="cx" value="1200"/>
			<int name="cy" value="0"/>
			<int name="a" value="255"/>
		</imgdir>
		<imgdir name="6">
			<string name="bS" value="grassySoil_new"/>
			<int name="front" value="0"/>
			<int name="ani" value="0"/>
			<int name="no" value="10"/>
			<int name="f" value="0"/>
			<int name="x" value="133"/>
			<int name="y" value="-76"/>
			<int name="rx" value="-6"/>
			<int name="ry" value="-15"/>
			<int name="type" value="1"/>
			<int name="cx" value="1200"/>
			<int name="cy" value="0"/>
			<int name="a" value="255"/>
		</imgdir>
		<imgdir name="8">
			<string name="bS" value="grassySoil_new"/>
			<int name="front" value="0"/>
			<int name="ani" value="0"/>
			<int name="no" value="15"/>
			<int name="f" value="0"/>
			<int name="x" value="-654"/>
			<int name="y" value="178"/>
			<int name="rx" value="-12"/>
			<int name="ry" value="-50"/>
			<int name="type" value="1"/>
			<int name="cx" value="2000"/>
			<int name="cy" value="0"/>
			<int name="a" value="255"/>
		</imgdir>
		<imgdir name="9">
			<string name="bS" value="grassySoil_new"/>
			<int name="front" value="0"/>
			<int name="ani" value="0"/>
			<int name="no" value="16"/>
			<int name="f" value="0"/>
			<int name="x" value="14"/>
			<int name="y" value="109"/>
			<int name="rx" value="-12"/>
			<int name="ry" value="-50"/>
			<int name="type" value="1"/>
			<int name="cx" value="2000"/>
			<int name="cy" value="0"/>
			<int name="a" value="255"/>
		</imgdir>
		<imgdir name="10">
			<string name="bS" value="grassySoil_new"/>
			<int name="front" value="0"/>
			<int name="ani" value="0"/>
			<int name="no" value="17"/>
			<int name="f" value="0"/>
			<int name="x" value="514"/>
			<int name="y" value="74"/>
			<int name="rx" value="-12"/>
			<int name="ry" value="-50"/>
			<int name="type" value="1"/>
			<int name="cx" value="2000"/>
			<int name="cy" value="0"/>
			<int name="a" value="255"/>
		</imgdir>
		<imgdir name="11">
			<string name="bS" value="dragonRoad"/>
			<int name="front" value="1"/>
			<int name="ani" value="0"/>
			<int name="no" value="41"/>
			<int name="f" value="0"/>
			<int name="x" value="1014"/>
			<int name="y" value="98"/>
			<int name="rx" value="-12"/>
			<int name="ry" value="-50"/>
			<int name="type" value="3"/>
			<int name="cx" value="0"/>
			<int name="cy" value="0"/>
			<int name="a" value="255"/>
			<int name="w" value="0"/>
			<int name="wx" value="0"/>
			<int name="wy" value="0"/>
			<string name="backTags" value=""/>
			<string name="nameTW" value=""/>
		</imgdir>
		<imgdir name="7">
			<string name="bS" value="grassySoil_new"/>
			<int name="front" value="0"/>
			<int name="ani" value="0"/>
			<int name="no" value="12"/>
			<int name="f" value="0"/>
			<int name="x" value="-21"/>
			<int name="y" value="238"/>
			<int name="rx" value="-12"/>
			<int name="ry" value="-45"/>
			<int name="type" value="1"/>
			<int name="cx" value="0"/>
			<int name="cy" value="0"/>
			<int name="a" value="255"/>
		</imgdir>
		<imgdir name="12">
			<string name="bS" value="dragonRoad"/>
			<int name="front" value="1"/>
			<int name="ani" value="1"/>
			<int name="no" value="31"/>
			<int name="f" value="0"/>
			<int name="w" value="0"/>
			<int name="x" value="-63"/>
			<int name="y" value="114"/>
			<int name="rx" value="0"/>
			<int name="ry" value="0"/>
			<int name="wx" value="0"/>
			<int name="wy" value="0"/>
			<int name="type" value="0"/>
			<int name="cx" value="0"/>
			<int name="cy" value="0"/>
			<int name="a" value="255"/>
			<string name="backTags" value=""/>
			<string name="nameTW" value=""/>
		</imgdir>
	</imgdir>
	<imgdir name="life">
	</imgdir>
	<imgdir name="0">
		<imgdir name="info">
		</imgdir>
		<imgdir name="tile">
		</imgdir>
		<imgdir name="obj">
		</imgdir>
	</imgdir>
	<imgdir name="1">
		<imgdir name="info">
		</imgdir>
		<imgdir name="tile">
		</imgdir>
		<imgdir name="obj">
			<imgdir name="0">
				<string name="oS" value="insideGS"/>
				<string name="l0" value="maya_house"/>
				<string name="l1" value="inside"/>
				<string name="l2" value="0"/>
				<int name="x" value="-9"/>
				<int name="y" value="-166"/>
				<int name="z" value="5"/>
				<int name="f" value="0"/>
				<int name="zM" value="0"/>
				<int name="r" value="0"/>
				<int name="move" value="0"/>
				<int name="dynamic" value="0"/>
				<int name="piece" value="0"/>
			</imgdir>
			<imgdir name="1">
				<string name="oS" value="insideGS"/>
				<string name="l0" value="maya_house"/>
				<string name="l1" value="exteriorWall"/>
				<string name="l2" value="0"/>
				<int name="x" value="-2"/>
				<int name="y" value="-165"/>
				<int name="z" value="6"/>
				<int name="f" value="0"/>
				<int name="zM" value="0"/>
				<int name="r" value="0"/>
				<int name="move" value="0"/>
				<int name="dynamic" value="0"/>
				<int name="piece" value="1"/>
			</imgdir>
			<imgdir name="2">
				<string name="oS" value="insideGS"/>
				<string name="l0" value="newHouseTile"/>
				<string name="l1" value="tile"/>
				<string name="l2" value="0"/>
				<int name="x" value="0"/>
				<int name="y" value="218"/>
				<int name="z" value="9"/>
				<int name="f" value="0"/>
				<int name="zM" value="0"/>
				<int name="r" value="0"/>
				<int name="move" value="0"/>
				<int name="dynamic" value="0"/>
				<int name="piece" value="2"/>
			</imgdir>
		</imgdir>
	</imgdir>
	<imgdir name="2">
		<imgdir name="info">
		</imgdir>
		<imgdir name="tile">
		</imgdir>
		<imgdir name="obj">
		</imgdir>
	</imgdir>
	<imgdir name="3">
		<imgdir name="info">
		</imgdir>
		<imgdir name="tile">
		</imgdir>
		<imgdir name="obj">
		</imgdir>
	</imgdir>
	<imgdir name="4">
		<imgdir name="info">
		</imgdir>
		<imgdir name="tile">
		</imgdir>
		<imgdir name="obj">
		</imgdir>
	</imgdir>
	<imgdir name="5">
		<imgdir name="info">
		</imgdir>
		<imgdir name="tile">
		</imgdir>
		<imgdir name="obj">
		</imgdir>
	</imgdir>
	<imgdir name="6">
		<imgdir name="info">
		</imgdir>
		<imgdir name="tile">
		</imgdir>
		<imgdir name="obj">
		</imgdir>
	</imgdir>
	<imgdir name="7">
		<imgdir name="info">
		</imgdir>
		<imgdir name="tile">
		</imgdir>
		<imgdir name="obj">
		</imgdir>
	</imgdir>
	<imgdir name="reactor">
	</imgdir>
	<imgdir name="foothold">
		<imgdir name="1">
			<imgdir name="0">
				<imgdir name="1">
					<int name="x1" value="-296"/>
					<int name="y1" value="-469"/>
					<int name="x2" value="-296"/>
					<int name="y2" value="-61"/>
					<int name="prev" value="0"/>
					<int name="next" value="2"/>
					<int name="piece" value="0"/>
				</imgdir>
				<imgdir name="2">
					<int name="x1" value="-296"/>
					<int name="y1" value="-61"/>
					<int name="x2" value="294"/>
					<int name="y2" value="-61"/>
					<int name="prev" value="1"/>
					<int name="next" value="3"/>
					<int name="piece" value="0"/>
				</imgdir>
				<imgdir name="3">
					<int name="x1" value="294"/>
					<int name="y1" value="-61"/>
					<int name="x2" value="294"/>
					<int name="y2" value="-469"/>
					<int name="prev" value="2"/>
					<int name="next" value="0"/>
					<int name="piece" value="0"/>
				</imgdir>
				<imgdir name="4">
					<int name="x1" value="69"/>
					<int name="y1" value="-34"/>
					<int name="x2" value="160"/>
					<int name="y2" value="-34"/>
					<int name="prev" value="0"/>
					<int name="next" value="0"/>
					<int name="piece" value="0"/>
				</imgdir>
				<imgdir name="5">
					<int name="x1" value="84"/>
					<int name="y1" value="-13"/>
					<int name="x2" value="175"/>
					<int name="y2" value="-13"/>
					<int name="prev" value="0"/>
					<int name="next" value="0"/>
					<int name="piece" value="0"/>
				</imgdir>
				<imgdir name="6">
					<int name="x1" value="101"/>
					<int name="y1" value="9"/>
					<int name="x2" value="192"/>
					<int name="y2" value="9"/>
					<int name="prev" value="0"/>
					<int name="next" value="0"/>
					<int name="piece" value="0"/>
				</imgdir>
				<imgdir name="7">
					<int name="x1" value="117"/>
					<int name="y1" value="31"/>
					<int name="x2" value="208"/>
					<int name="y2" value="31"/>
					<int name="prev" value="0"/>
					<int name="next" value="0"/>
					<int name="piece" value="0"/>
				</imgdir>
				<imgdir name="8">
					<int name="x1" value="73"/>
					<int name="y1" value="52"/>
					<int name="x2" value="228"/>
					<int name="y2" value="52"/>
					<int name="prev" value="0"/>
					<int name="next" value="0"/>
					<int name="piece" value="0"/>
				</imgdir>
				<imgdir name="9">
					<int name="x1" value="57"/>
					<int name="y1" value="74"/>
					<int name="x2" value="153"/>
					<int name="y2" value="74"/>
					<int name="prev" value="0"/>
					<int name="next" value="0"/>
					<int name="piece" value="0"/>
				</imgdir>
				<imgdir name="10">
					<int name="x1" value="41"/>
					<int name="y1" value="95"/>
					<int name="x2" value="137"/>
					<int name="y2" value="95"/>
					<int name="prev" value="0"/>
					<int name="next" value="0"/>
					<int name="piece" value="0"/>
				</imgdir>
				<imgdir name="11">
					<int name="x1" value="25"/>
					<int name="y1" value="118"/>
					<int name="x2" value="121"/>
					<int name="y2" value="118"/>
					<int name="prev" value="0"/>
					<int name="next" value="0"/>
					<int name="piece" value="0"/>
				</imgdir>
				<imgdir name="12">
					<int name="x1" value="-683"/>
					<int name="y1" value="140"/>
					<int name="x2" value="684"/>
					<int name="y2" value="140"/>
					<int name="prev" value="0"/>
					<int name="next" value="0"/>
					<int name="piece" value="2"/>
				</imgdir>
			</imgdir>
		</imgdir>
	</imgdir>
	<imgdir name="ladderRope">
	</imgdir>
	<imgdir name="miniMap">
		<canvas name="canvas" width="85" height="48">
			<string name="_hash" value="8a7fbba7e382d4b98b28ccf2bc5bc8747e7c4138537004cdb433cb687057f820"/>
		</canvas>
		<int name="width" value="1366"/>
		<int name="height" value="769"/>
		<int name="centerX" value="683"/>
		<int name="centerY" value="470"/>
		<int name="mag" value="4"/>
	</imgdir>
	<imgdir name="portal">
		<imgdir name="0">
			<string name="pn" value="sp"/>
			<int name="pt" value="0"/>
			<int name="x" value="-12"/>
			<int name="y" value="126"/>
			<int name="tm" value="999999999"/>
			<string name="tn" value=""/>
		</imgdir>
		<imgdir name="1">
			<string name="pn" value="out02"/>
			<int name="pt" value="2"/>
			<int name="x" value="234"/>
			<int name="y" value="137"/>
			<int name="tm" value="100000000"/>
			<string name="tn" value="in02"/>
		</imgdir>
	</imgdir>
</imgdir>