<?xml version="1.0" encoding="UTF-8" standalone="yes"?>
<imgdir name="871200174.img">
    <imgdir name="info">
        <int name="version" value="10"/>
        <int name="cloud" value="0"/>
        <int name="town" value="0"/>
        <int name="swim" value="0"/>
        <int name="returnMap" value="871000000"/>
        <int name="forcedReturn" value="999999999"/>
        <float name="mobRate" value="1.0"/>
        <string name="bgm" value="BgmWz2/myHome_room"/>
        <string name="mapMark" value="myHome"/>
        <int name="fly" value="0"/>
        <int name="noMapCmd" value="0"/>
        <int name="hideMinimap" value="1"/>
        <int name="fieldLimit" value="4718688"/>
        <int name="VRTop" value="-550"/>
        <int name="VRLeft" value="-928"/>
        <int name="VRBottom" value="275"/>
        <int name="VRRight" value="418"/>
        <string name="onFirstUserEnter" value=""/>
        <string name="onUserEnter" value="myHomeOnUserEnter"/>
        <int name="standAlone" value="0"/>
        <int name="partyStandAlone" value="0"/>
        <string name="fieldScript" value=""/>
        <int name="quarterView" value="0"/>
        <int name="fieldLimit_tw" value="0"/>
        <string name="AmbientBGM" value=""/>
        <int name="AmbientBGMv" value="100"/>
        <int name="MRLeft" value="-928"/>
        <int name="MRTop" value="-550"/>
        <int name="MRRight" value="418"/>
        <int name="MRBottom" value="275"/>
        <int name="reviveCurField" value="1"/>
        <string name="link" value="871100000"/>
    </imgdir>
</imgdir>
