<?xml version="1.0" encoding="UTF-8" standalone="yes"?>
<imgdir name="993080000.img">
	<imgdir name="info">
		<int name="version" value="10"/>
		<int name="cloud" value="0"/>
		<int name="town" value="1"/>
		<int name="swim" value="0"/>
		<int name="returnMap" value="993080000"/>
		<int name="forcedReturn" value="993080000"/>
		<float name="mobRate" value="1.0"/>
		<string name="bgm" value="BgmEvent2/adventureIsland"/>
		<string name="mapMark" value="adventureIsland"/>
		<int name="fly" value="0"/>
		<int name="standAlone" value="0"/>
		<int name="partyStandAlone" value="0"/>
		<int name="quarterView" value="0"/>
		<int name="noMapCmd" value="0"/>
		<int name="hideMinimap" value="0"/>
		<int name="fieldLimit" value="1908780"/>
		<string name="AmbientBGM" value=""/>
		<int name="AmbientBGMv" value="100"/>
		<int name="VRTop" value="-1000"/>
		<int name="VRLeft" value="-1507"/>
		<int name="VRBottom" value="85"/>
		<int name="VRRight" value="2811"/>
		<int name="MRLeft" value="-1507"/>
		<int name="MRTop" value="-1000"/>
		<int name="MRRight" value="2811"/>
		<int name="MRBottom" value="85"/>
		<string name="fieldScript" value=""/>
		<string name="onFirstUserEnter" value=""/>
		<string name="onUserEnter" value=""/>
	</imgdir>
	<imgdir name="back">
		<imgdir name="0">
			<string name="bS" value="event_2018"/>
			<int name="front" value="0"/>
			<int name="ani" value="0"/>
			<int name="no" value="1"/>
			<int name="f" value="0"/>
			<int name="w" value="0"/>
			<int name="x" value="-33"/>
			<int name="y" value="-225"/>
			<int name="rx" value="0"/>
			<int name="ry" value="0"/>
			<int name="wx" value="0"/>
			<int name="wy" value="0"/>
			<int name="type" value="1"/>
			<int name="cx" value="0"/>
			<int name="cy" value="0"/>
			<int name="a" value="255"/>
			<string name="backTags" value=""/>
		</imgdir>
		<imgdir name="1">
			<string name="bS" value="event_2018"/>
			<int name="front" value="0"/>
			<int name="ani" value="0"/>
			<int name="no" value="36"/>
			<int name="f" value="0"/>
			<int name="w" value="0"/>
			<int name="x" value="-74"/>
			<int name="y" value="-258"/>
			<int name="rx" value="0"/>
			<int name="ry" value="0"/>
			<int name="wx" value="0"/>
			<int name="wy" value="0"/>
			<int name="type" value="0"/>
			<int name="cx" value="0"/>
			<int name="cy" value="0"/>
			<int name="a" value="255"/>
			<string name="backTags" value=""/>
			<int name="flowX" value="-1"/>
			<int name="flowY" value="0"/>
		</imgdir>
		<imgdir name="2">
			<string name="bS" value="event_2018"/>
			<int name="front" value="0"/>
			<int name="ani" value="0"/>
			<int name="no" value="37"/>
			<int name="f" value="0"/>
			<int name="w" value="0"/>
			<int name="x" value="-273"/>
			<int name="y" value="-355"/>
			<int name="rx" value="0"/>
			<int name="ry" value="0"/>
			<int name="wx" value="0"/>
			<int name="wy" value="0"/>
			<int name="type" value="0"/>
			<int name="cx" value="0"/>
			<int name="cy" value="0"/>
			<int name="a" value="255"/>
			<string name="backTags" value=""/>
			<int name="flowX" value="-3"/>
			<int name="flowY" value="0"/>
		</imgdir>
		<imgdir name="3">
			<string name="bS" value="event_2018"/>
			<int name="front" value="0"/>
			<int name="ani" value="0"/>
			<int name="no" value="38"/>
			<int name="f" value="0"/>
			<int name="w" value="0"/>
			<int name="x" value="121"/>
			<int name="y" value="-299"/>
			<int name="rx" value="0"/>
			<int name="ry" value="0"/>
			<int name="wx" value="0"/>
			<int name="wy" value="0"/>
			<int name="type" value="0"/>
			<int name="cx" value="0"/>
			<int name="cy" value="0"/>
			<int name="a" value="255"/>
			<string name="backTags" value=""/>
			<int name="flowX" value="-4"/>
			<int name="flowY" value="0"/>
		</imgdir>
		<imgdir name="4">
			<string name="bS" value="event_2018"/>
			<int name="front" value="0"/>
			<int name="ani" value="0"/>
			<int name="no" value="39"/>
			<int name="f" value="0"/>
			<int name="w" value="0"/>
			<int name="x" value="-336"/>
			<int name="y" value="-104"/>
			<int name="rx" value="-5"/>
			<int name="ry" value="0"/>
			<int name="wx" value="0"/>
			<int name="wy" value="0"/>
			<int name="type" value="0"/>
			<int name="cx" value="0"/>
			<int name="cy" value="0"/>
			<int name="a" value="255"/>
			<string name="backTags" value=""/>
		</imgdir>
		<imgdir name="5">
			<string name="bS" value="event_2018"/>
			<int name="front" value="0"/>
			<int name="ani" value="0"/>
			<int name="no" value="40"/>
			<int name="f" value="0"/>
			<int name="w" value="0"/>
			<int name="x" value="132"/>
			<int name="y" value="-108"/>
			<int name="rx" value="-6"/>
			<int name="ry" value="0"/>
			<int name="wx" value="0"/>
			<int name="wy" value="0"/>
			<int name="type" value="0"/>
			<int name="cx" value="0"/>
			<int name="cy" value="0"/>
			<int name="a" value="255"/>
			<string name="backTags" value=""/>
		</imgdir>
		<imgdir name="6">
			<string name="bS" value="event_2018"/>
			<int name="front" value="0"/>
			<int name="ani" value="0"/>
			<int name="no" value="41"/>
			<int name="f" value="0"/>
			<int name="w" value="0"/>
			<int name="x" value="397"/>
			<int name="y" value="-106"/>
			<int name="rx" value="-3"/>
			<int name="ry" value="0"/>
			<int name="wx" value="0"/>
			<int name="wy" value="0"/>
			<int name="type" value="0"/>
			<int name="cx" value="0"/>
			<int name="cy" value="0"/>
			<int name="a" value="255"/>
			<string name="backTags" value=""/>
		</imgdir>
		<imgdir name="7">
			<string name="bS" value="event_2018"/>
			<int name="front" value="0"/>
			<int name="ani" value="0"/>
			<int name="no" value="42"/>
			<int name="f" value="0"/>
			<int name="w" value="0"/>
			<int name="x" value="672"/>
			<int name="y" value="-110"/>
			<int name="rx" value="-2"/>
			<int name="ry" value="0"/>
			<int name="wx" value="0"/>
			<int name="wy" value="0"/>
			<int name="type" value="0"/>
			<int name="cx" value="0"/>
			<int name="cy" value="0"/>
			<int name="a" value="255"/>
			<string name="backTags" value=""/>
		</imgdir>
		<imgdir name="8">
			<string name="bS" value="event_2018"/>
			<int name="front" value="0"/>
			<int name="ani" value="0"/>
			<int name="no" value="43"/>
			<int name="f" value="0"/>
			<int name="w" value="0"/>
			<int name="x" value="-69"/>
			<int name="y" value="128"/>
			<int name="rx" value="0"/>
			<int name="ry" value="0"/>
			<int name="wx" value="0"/>
			<int name="wy" value="0"/>
			<int name="type" value="1"/>
			<int name="cx" value="50"/>
			<int name="cy" value="0"/>
			<int name="a" value="255"/>
			<string name="backTags" value=""/>
		</imgdir>
		<imgdir name="9">
			<string name="bS" value="event_2018"/>
			<int name="front" value="0"/>
			<int name="ani" value="0"/>
			<int name="no" value="44"/>
			<int name="f" value="0"/>
			<int name="w" value="0"/>
			<int name="x" value="-18"/>
			<int name="y" value="-40"/>
			<int name="rx" value="0"/>
			<int name="ry" value="0"/>
			<int name="wx" value="0"/>
			<int name="wy" value="0"/>
			<int name="type" value="1"/>
			<int name="cx" value="300"/>
			<int name="cy" value="0"/>
			<int name="a" value="255"/>
			<string name="backTags" value=""/>
			<int name="flowX" value="-2"/>
			<int name="flowY" value="0"/>
		</imgdir>
		<imgdir name="10">
			<string name="bS" value="event_2018"/>
			<int name="front" value="0"/>
			<int name="ani" value="0"/>
			<int name="no" value="45"/>
			<int name="f" value="0"/>
			<int name="w" value="0"/>
			<int name="x" value="-192"/>
			<int name="y" value="-128"/>
			<int name="rx" value="-15"/>
			<int name="ry" value="0"/>
			<int name="wx" value="0"/>
			<int name="wy" value="0"/>
			<int name="type" value="0"/>
			<int name="cx" value="0"/>
			<int name="cy" value="0"/>
			<int name="a" value="255"/>
			<string name="backTags" value=""/>
		</imgdir>
		<imgdir name="11">
			<string name="bS" value="event_2018"/>
			<int name="front" value="0"/>
			<int name="ani" value="0"/>
			<int name="no" value="46"/>
			<int name="f" value="0"/>
			<int name="w" value="0"/>
			<int name="x" value="236"/>
			<int name="y" value="-128"/>
			<int name="rx" value="-15"/>
			<int name="ry" value="0"/>
			<int name="wx" value="0"/>
			<int name="wy" value="0"/>
			<int name="type" value="0"/>
			<int name="cx" value="0"/>
			<int name="cy" value="0"/>
			<int name="a" value="255"/>
			<string name="backTags" value=""/>
		</imgdir>
		<imgdir name="12">
			<string name="bS" value="event_2018"/>
			<int name="front" value="0"/>
			<int name="ani" value="0"/>
			<int name="no" value="47"/>
			<int name="f" value="0"/>
			<int name="w" value="0"/>
			<int name="x" value="-801"/>
			<int name="y" value="-116"/>
			<int name="rx" value="-20"/>
			<int name="ry" value="0"/>
			<int name="wx" value="0"/>
			<int name="wy" value="0"/>
			<int name="type" value="0"/>
			<int name="cx" value="0"/>
			<int name="cy" value="0"/>
			<int name="a" value="255"/>
			<string name="backTags" value=""/>
		</imgdir>
		<imgdir name="13">
			<string name="bS" value="event_2018"/>
			<int name="front" value="0"/>
			<int name="ani" value="0"/>
			<int name="no" value="48"/>
			<int name="f" value="0"/>
			<int name="w" value="0"/>
			<int name="x" value="588"/>
			<int name="y" value="-79"/>
			<int name="rx" value="-20"/>
			<int name="ry" value="0"/>
			<int name="wx" value="0"/>
			<int name="wy" value="0"/>
			<int name="type" value="0"/>
			<int name="cx" value="0"/>
			<int name="cy" value="0"/>
			<int name="a" value="255"/>
			<string name="backTags" value=""/>
		</imgdir>
		<imgdir name="14">
			<string name="bS" value="event_2018"/>
			<int name="front" value="0"/>
			<int name="ani" value="0"/>
			<int name="no" value="49"/>
			<int name="f" value="0"/>
			<int name="w" value="0"/>
			<int name="x" value="902"/>
			<int name="y" value="-59"/>
			<int name="rx" value="-20"/>
			<int name="ry" value="0"/>
			<int name="wx" value="0"/>
			<int name="wy" value="0"/>
			<int name="type" value="0"/>
			<int name="cx" value="0"/>
			<int name="cy" value="0"/>
			<int name="a" value="255"/>
			<string name="backTags" value=""/>
		</imgdir>
		<imgdir name="15">
			<string name="bS" value="event_2018"/>
			<int name="front" value="0"/>
			<int name="ani" value="0"/>
			<int name="no" value="50"/>
			<int name="f" value="0"/>
			<int name="w" value="0"/>
			<int name="x" value="-220"/>
			<int name="y" value="-118"/>
			<int name="rx" value="-100"/>
			<int name="ry" value="-100"/>
			<int name="wx" value="0"/>
			<int name="wy" value="0"/>
			<int name="type" value="1"/>
			<int name="cx" value="0"/>
			<int name="cy" value="0"/>
			<int name="a" value="255"/>
			<string name="backTags" value=""/>
		</imgdir>
	</imgdir>
	<imgdir name="life">
		<imgdir name="0">
			<string name="type" value="n"/>
			<string name="id" value="9062143"/>
			<int name="x" value="-269"/>
			<int name="y" value="-103"/>
			<int name="mobTime" value="0"/>
			<int name="f" value="0"/>
			<int name="hide" value="0"/>
			<int name="fh" value="4"/>
			<int name="cy" value="-86"/>
			<int name="rx0" value="-319"/>
			<int name="rx1" value="-219"/>
		</imgdir>
		<imgdir name="3">
			<string name="type" value="n"/>
			<string name="id" value="9062146"/>
			<int name="x" value="-932"/>
			<int name="y" value="-104"/>
			<int name="mobTime" value="0"/>
			<int name="f" value="0"/>
			<int name="hide" value="0"/>
			<int name="fh" value="2"/>
			<int name="cy" value="-86"/>
			<int name="rx0" value="-982"/>
			<int name="rx1" value="-882"/>
		</imgdir>
		<imgdir name="4">
			<string name="type" value="n"/>
			<string name="id" value="9062147"/>
			<int name="x" value="2003"/>
			<int name="y" value="-110"/>
			<int name="mobTime" value="0"/>
			<int name="f" value="0"/>
			<int name="hide" value="0"/>
			<int name="fh" value="10"/>
			<int name="cy" value="-86"/>
			<int name="rx0" value="1953"/>
			<int name="rx1" value="2053"/>
		</imgdir>
		<imgdir name="2">
			<string name="type" value="n"/>
			<string name="id" value="9062148"/>
			<int name="x" value="1603"/>
			<int name="y" value="-107"/>
			<int name="mobTime" value="0"/>
			<int name="f" value="0"/>
			<int name="hide" value="0"/>
			<int name="fh" value="9"/>
			<int name="cy" value="-86"/>
			<int name="rx0" value="1553"/>
			<int name="rx1" value="1653"/>
		</imgdir>
		<imgdir name="1">
			<string name="type" value="n"/>
			<string name="id" value="9062153"/>
			<int name="x" value="878"/>
			<int name="y" value="-109"/>
			<int name="mobTime" value="0"/>
			<int name="f" value="0"/>
			<int name="hide" value="0"/>
			<int name="fh" value="7"/>
			<int name="cy" value="-86"/>
			<int name="rx0" value="828"/>
			<int name="rx1" value="928"/>
		</imgdir>
		<imgdir name="5">
			<string name="type" value="n"/>
			<string name="id" value="9010010"/>
			<int name="x" value="378"/>
			<int name="y" value="-109"/>
			<int name="mobTime" value="0"/>
			<int name="f" value="0"/>
			<int name="hide" value="0"/>
			<int name="fh" value="6"/>
			<int name="cy" value="-86"/>
			<int name="rx0" value="328"/>
			<int name="rx1" value="428"/>
		</imgdir>
		<imgdir name="9">
			<string name="type" value="n"/>
			<string name="id" value="9062163"/>
			<int name="x" value="-1"/>
			<int name="y" value="-110"/>
			<int name="mobTime" value="0"/>
			<int name="f" value="0"/>
			<int name="hide" value="0"/>
			<int name="fh" value="5"/>
			<int name="cy" value="-86"/>
			<int name="rx0" value="-44"/>
			<int name="rx1" value="49"/>
			<int name="useDay" value="1"/>
			<int name="useNight" value="1"/>
			<string name="limitedname" value="v164_Squad"/>
		</imgdir>
	</imgdir>
	<imgdir name="reactor">
	</imgdir>
	<imgdir name="0">
		<imgdir name="info">
		</imgdir>
		<imgdir name="tile">
		</imgdir>
		<imgdir name="obj">
		</imgdir>
	</imgdir>
	<imgdir name="1">
		<imgdir name="info">
		</imgdir>
		<imgdir name="tile">
		</imgdir>
		<imgdir name="obj">
		</imgdir>
	</imgdir>
	<imgdir name="2">
		<imgdir name="info">
		</imgdir>
		<imgdir name="tile">
		</imgdir>
		<imgdir name="obj">
		</imgdir>
	</imgdir>
	<imgdir name="3">
		<imgdir name="info">
		</imgdir>
		<imgdir name="tile">
		</imgdir>
		<imgdir name="obj">
		</imgdir>
	</imgdir>
	<imgdir name="4">
		<imgdir name="info">
		</imgdir>
		<imgdir name="tile">
		</imgdir>
		<imgdir name="obj">
			<imgdir name="0">
				<string name="oS" value="event_2018"/>
				<string name="l0" value="Adventure"/>
				<string name="l1" value="island"/>
				<string name="l2" value="2"/>
				<int name="x" value="32"/>
				<int name="y" value="-252"/>
				<int name="z" value="9"/>
				<int name="f" value="0"/>
				<int name="zM" value="12"/>
				<int name="r" value="0"/>
				<int name="move" value="0"/>
				<int name="dynamic" value="0"/>
				<int name="piece" value="0"/>
			</imgdir>
			<imgdir name="1">
				<string name="oS" value="event_2018"/>
				<string name="l0" value="Adventure"/>
				<string name="l1" value="island"/>
				<string name="l2" value="8"/>
				<int name="x" value="-1325"/>
				<int name="y" value="-228"/>
				<int name="z" value="9"/>
				<int name="f" value="1"/>
				<int name="zM" value="13"/>
				<int name="r" value="0"/>
				<int name="move" value="0"/>
				<int name="dynamic" value="0"/>
				<int name="piece" value="1"/>
			</imgdir>
			<imgdir name="2">
				<string name="oS" value="event_2018"/>
				<string name="l0" value="Adventure"/>
				<string name="l1" value="island"/>
				<string name="l2" value="4"/>
				<int name="x" value="-797"/>
				<int name="y" value="-237"/>
				<int name="z" value="9"/>
				<int name="f" value="0"/>
				<int name="zM" value="12"/>
				<int name="r" value="0"/>
				<int name="move" value="0"/>
				<int name="dynamic" value="0"/>
				<int name="piece" value="2"/>
			</imgdir>
			<imgdir name="3">
				<string name="oS" value="event_2018"/>
				<string name="l0" value="Adventure"/>
				<string name="l1" value="island"/>
				<string name="l2" value="6"/>
				<int name="x" value="-1048"/>
				<int name="y" value="-414"/>
				<int name="z" value="8"/>
				<int name="f" value="0"/>
				<int name="zM" value="12"/>
				<int name="r" value="0"/>
				<int name="move" value="0"/>
				<int name="dynamic" value="0"/>
				<int name="piece" value="3"/>
			</imgdir>
			<imgdir name="4">
				<string name="oS" value="event_2018"/>
				<string name="l0" value="Adventure"/>
				<string name="l1" value="island"/>
				<string name="l2" value="6"/>
				<int name="x" value="419"/>
				<int name="y" value="-413"/>
				<int name="z" value="8"/>
				<int name="f" value="0"/>
				<int name="zM" value="12"/>
				<int name="r" value="0"/>
				<int name="move" value="0"/>
				<int name="dynamic" value="0"/>
				<int name="piece" value="4"/>
			</imgdir>
			<imgdir name="5">
				<string name="oS" value="event_2018"/>
				<string name="l0" value="Adventure"/>
				<string name="l1" value="island"/>
				<string name="l2" value="5"/>
				<int name="x" value="825"/>
				<int name="y" value="-205"/>
				<int name="z" value="9"/>
				<int name="f" value="0"/>
				<int name="zM" value="12"/>
				<int name="r" value="0"/>
				<int name="move" value="0"/>
				<int name="dynamic" value="0"/>
				<int name="piece" value="5"/>
			</imgdir>
			<imgdir name="6">
				<string name="oS" value="event_2018"/>
				<string name="l0" value="Adventure"/>
				<string name="l1" value="island"/>
				<string name="l2" value="3"/>
				<int name="x" value="2235"/>
				<int name="y" value="-259"/>
				<int name="z" value="9"/>
				<int name="f" value="0"/>
				<int name="zM" value="14"/>
				<int name="r" value="0"/>
				<int name="move" value="0"/>
				<int name="dynamic" value="0"/>
				<int name="piece" value="6"/>
			</imgdir>
			<imgdir name="7">
				<string name="oS" value="platformer"/>
				<string name="l0" value="object"/>
				<string name="l1" value="lobby"/>
				<string name="l2" value="1"/>
				<int name="x" value="1450"/>
				<int name="y" value="-230"/>
				<int name="z" value="9"/>
				<int name="f" value="0"/>
				<int name="zM" value="0"/>
				<int name="r" value="0"/>
				<int name="move" value="0"/>
				<int name="dynamic" value="0"/>
				<int name="piece" value="7"/>
			</imgdir>
			<imgdir name="8">
				<string name="oS" value="event_2018"/>
				<string name="l0" value="Adventure"/>
				<string name="l1" value="island"/>
				<string name="l2" value="8"/>
				<int name="x" value="2716"/>
				<int name="y" value="-222"/>
				<int name="z" value="9"/>
				<int name="f" value="0"/>
				<int name="zM" value="0"/>
				<int name="r" value="0"/>
				<int name="move" value="0"/>
				<int name="dynamic" value="0"/>
				<int name="piece" value="8"/>
			</imgdir>
		</imgdir>
	</imgdir>
	<imgdir name="5">
		<imgdir name="info">
		</imgdir>
		<imgdir name="tile">
		</imgdir>
		<imgdir name="obj">
			<imgdir name="0">
				<string name="oS" value="event_2018"/>
				<string name="l0" value="Adventure"/>
				<string name="l1" value="island"/>
				<string name="l2" value="0"/>
				<int name="x" value="-1507"/>
				<int name="y" value="-137"/>
				<int name="z" value="9"/>
				<int name="f" value="0"/>
				<int name="zM" value="0"/>
				<int name="r" value="0"/>
				<int name="move" value="0"/>
				<int name="dynamic" value="0"/>
				<int name="piece" value="0"/>
			</imgdir>
			<imgdir name="1">
				<string name="oS" value="event_2018"/>
				<string name="l0" value="Adventure"/>
				<string name="l1" value="island"/>
				<string name="l2" value="1"/>
				<int name="x" value="-1147"/>
				<int name="y" value="-131"/>
				<int name="z" value="9"/>
				<int name="f" value="0"/>
				<int name="zM" value="1"/>
				<int name="r" value="0"/>
				<int name="move" value="0"/>
				<int name="dynamic" value="0"/>
				<int name="piece" value="1"/>
			</imgdir>
			<imgdir name="2">
				<string name="oS" value="event_2018"/>
				<string name="l0" value="Adventure"/>
				<string name="l1" value="island"/>
				<string name="l2" value="0"/>
				<int name="x" value="-787"/>
				<int name="y" value="-137"/>
				<int name="z" value="9"/>
				<int name="f" value="0"/>
				<int name="zM" value="2"/>
				<int name="r" value="0"/>
				<int name="move" value="0"/>
				<int name="dynamic" value="0"/>
				<int name="piece" value="2"/>
			</imgdir>
			<imgdir name="3">
				<string name="oS" value="event_2018"/>
				<string name="l0" value="Adventure"/>
				<string name="l1" value="island"/>
				<string name="l2" value="1"/>
				<int name="x" value="-427"/>
				<int name="y" value="-131"/>
				<int name="z" value="9"/>
				<int name="f" value="0"/>
				<int name="zM" value="3"/>
				<int name="r" value="0"/>
				<int name="move" value="0"/>
				<int name="dynamic" value="0"/>
				<int name="piece" value="3"/>
			</imgdir>
			<imgdir name="4">
				<string name="oS" value="event_2018"/>
				<string name="l0" value="Adventure"/>
				<string name="l1" value="island"/>
				<string name="l2" value="0"/>
				<int name="x" value="-67"/>
				<int name="y" value="-137"/>
				<int name="z" value="9"/>
				<int name="f" value="0"/>
				<int name="zM" value="4"/>
				<int name="r" value="0"/>
				<int name="move" value="0"/>
				<int name="dynamic" value="0"/>
				<int name="piece" value="4"/>
			</imgdir>
			<imgdir name="5">
				<string name="oS" value="event_2018"/>
				<string name="l0" value="Adventure"/>
				<string name="l1" value="island"/>
				<string name="l2" value="1"/>
				<int name="x" value="293"/>
				<int name="y" value="-131"/>
				<int name="z" value="9"/>
				<int name="f" value="0"/>
				<int name="zM" value="5"/>
				<int name="r" value="0"/>
				<int name="move" value="0"/>
				<int name="dynamic" value="0"/>
				<int name="piece" value="5"/>
			</imgdir>
			<imgdir name="6">
				<string name="oS" value="event_2018"/>
				<string name="l0" value="Adventure"/>
				<string name="l1" value="island"/>
				<string name="l2" value="0"/>
				<int name="x" value="653"/>
				<int name="y" value="-137"/>
				<int name="z" value="9"/>
				<int name="f" value="0"/>
				<int name="zM" value="6"/>
				<int name="r" value="0"/>
				<int name="move" value="0"/>
				<int name="dynamic" value="0"/>
				<int name="piece" value="6"/>
			</imgdir>
			<imgdir name="7">
				<string name="oS" value="event_2018"/>
				<string name="l0" value="Adventure"/>
				<string name="l1" value="island"/>
				<string name="l2" value="0"/>
				<int name="x" value="1013"/>
				<int name="y" value="-137"/>
				<int name="z" value="9"/>
				<int name="f" value="0"/>
				<int name="zM" value="7"/>
				<int name="r" value="0"/>
				<int name="move" value="0"/>
				<int name="dynamic" value="0"/>
				<int name="piece" value="7"/>
			</imgdir>
			<imgdir name="8">
				<string name="oS" value="event_2018"/>
				<string name="l0" value="Adventure"/>
				<string name="l1" value="island"/>
				<string name="l2" value="1"/>
				<int name="x" value="1373"/>
				<int name="y" value="-131"/>
				<int name="z" value="9"/>
				<int name="f" value="0"/>
				<int name="zM" value="8"/>
				<int name="r" value="0"/>
				<int name="move" value="0"/>
				<int name="dynamic" value="0"/>
				<int name="piece" value="8"/>
			</imgdir>
			<imgdir name="9">
				<string name="oS" value="event_2018"/>
				<string name="l0" value="Adventure"/>
				<string name="l1" value="island"/>
				<string name="l2" value="0"/>
				<int name="x" value="1733"/>
				<int name="y" value="-137"/>
				<int name="z" value="9"/>
				<int name="f" value="0"/>
				<int name="zM" value="9"/>
				<int name="r" value="0"/>
				<int name="move" value="0"/>
				<int name="dynamic" value="0"/>
				<int name="piece" value="9"/>
			</imgdir>
			<imgdir name="10">
				<string name="oS" value="event_2018"/>
				<string name="l0" value="Adventure"/>
				<string name="l1" value="island"/>
				<string name="l2" value="1"/>
				<int name="x" value="2093"/>
				<int name="y" value="-131"/>
				<int name="z" value="9"/>
				<int name="f" value="0"/>
				<int name="zM" value="10"/>
				<int name="r" value="0"/>
				<int name="move" value="0"/>
				<int name="dynamic" value="0"/>
				<int name="piece" value="10"/>
			</imgdir>
			<imgdir name="11">
				<string name="oS" value="event_2018"/>
				<string name="l0" value="Adventure"/>
				<string name="l1" value="island"/>
				<string name="l2" value="0"/>
				<int name="x" value="2453"/>
				<int name="y" value="-137"/>
				<int name="z" value="9"/>
				<int name="f" value="0"/>
				<int name="zM" value="11"/>
				<int name="r" value="0"/>
				<int name="move" value="0"/>
				<int name="dynamic" value="0"/>
				<int name="piece" value="11"/>
			</imgdir>
		</imgdir>
	</imgdir>
	<imgdir name="6">
		<imgdir name="info">
		</imgdir>
		<imgdir name="tile">
		</imgdir>
		<imgdir name="obj">
		</imgdir>
	</imgdir>
	<imgdir name="7">
		<imgdir name="info">
		</imgdir>
		<imgdir name="tile">
		</imgdir>
		<imgdir name="obj">
		</imgdir>
	</imgdir>
	<imgdir name="foothold">
		<imgdir name="5">
			<imgdir name="0">
				<imgdir name="1">
					<int name="x1" value="-1507"/>
					<int name="y1" value="-86"/>
					<int name="x2" value="-1144"/>
					<int name="y2" value="-86"/>
					<int name="prev" value="0"/>
					<int name="next" value="2"/>
					<int name="piece" value="0"/>
				</imgdir>
			</imgdir>
			<imgdir name="1">
				<imgdir name="2">
					<int name="x1" value="-1144"/>
					<int name="y1" value="-86"/>
					<int name="x2" value="-784"/>
					<int name="y2" value="-86"/>
					<int name="prev" value="1"/>
					<int name="next" value="3"/>
					<int name="piece" value="1"/>
				</imgdir>
			</imgdir>
			<imgdir name="2">
				<imgdir name="3">
					<int name="x1" value="-784"/>
					<int name="y1" value="-86"/>
					<int name="x2" value="-424"/>
					<int name="y2" value="-86"/>
					<int name="prev" value="2"/>
					<int name="next" value="4"/>
					<int name="piece" value="2"/>
				</imgdir>
			</imgdir>
			<imgdir name="3">
				<imgdir name="4">
					<int name="x1" value="-424"/>
					<int name="y1" value="-86"/>
					<int name="x2" value="-64"/>
					<int name="y2" value="-86"/>
					<int name="prev" value="3"/>
					<int name="next" value="5"/>
					<int name="piece" value="3"/>
				</imgdir>
			</imgdir>
			<imgdir name="4">
				<imgdir name="5">
					<int name="x1" value="-64"/>
					<int name="y1" value="-86"/>
					<int name="x2" value="296"/>
					<int name="y2" value="-86"/>
					<int name="prev" value="4"/>
					<int name="next" value="6"/>
					<int name="piece" value="4"/>
				</imgdir>
			</imgdir>
			<imgdir name="5">
				<imgdir name="6">
					<int name="x1" value="296"/>
					<int name="y1" value="-86"/>
					<int name="x2" value="656"/>
					<int name="y2" value="-86"/>
					<int name="prev" value="5"/>
					<int name="next" value="7"/>
					<int name="piece" value="5"/>
				</imgdir>
			</imgdir>
			<imgdir name="6">
				<imgdir name="7">
					<int name="x1" value="656"/>
					<int name="y1" value="-86"/>
					<int name="x2" value="1016"/>
					<int name="y2" value="-86"/>
					<int name="prev" value="6"/>
					<int name="next" value="8"/>
					<int name="piece" value="6"/>
				</imgdir>
			</imgdir>
			<imgdir name="7">
				<imgdir name="8">
					<int name="x1" value="1016"/>
					<int name="y1" value="-86"/>
					<int name="x2" value="1376"/>
					<int name="y2" value="-86"/>
					<int name="prev" value="7"/>
					<int name="next" value="9"/>
					<int name="piece" value="7"/>
				</imgdir>
			</imgdir>
			<imgdir name="8">
				<imgdir name="9">
					<int name="x1" value="1376"/>
					<int name="y1" value="-86"/>
					<int name="x2" value="1736"/>
					<int name="y2" value="-86"/>
					<int name="prev" value="8"/>
					<int name="next" value="10"/>
					<int name="piece" value="8"/>
				</imgdir>
			</imgdir>
			<imgdir name="9">
				<imgdir name="10">
					<int name="x1" value="1736"/>
					<int name="y1" value="-86"/>
					<int name="x2" value="2096"/>
					<int name="y2" value="-86"/>
					<int name="prev" value="9"/>
					<int name="next" value="11"/>
					<int name="piece" value="9"/>
				</imgdir>
			</imgdir>
			<imgdir name="10">
				<imgdir name="11">
					<int name="x1" value="2096"/>
					<int name="y1" value="-86"/>
					<int name="x2" value="2456"/>
					<int name="y2" value="-86"/>
					<int name="prev" value="10"/>
					<int name="next" value="12"/>
					<int name="piece" value="10"/>
				</imgdir>
			</imgdir>
			<imgdir name="11">
				<imgdir name="12">
					<int name="x1" value="2456"/>
					<int name="y1" value="-86"/>
					<int name="x2" value="2816"/>
					<int name="y2" value="-86"/>
					<int name="prev" value="11"/>
					<int name="next" value="0"/>
					<int name="piece" value="11"/>
				</imgdir>
			</imgdir>
		</imgdir>
	</imgdir>
	<imgdir name="ladderRope">
	</imgdir>
	<imgdir name="miniMap">
		<canvas name="canvas" width="269" height="67">
			<string name="_hash" value="7b6bf5b28b1b3d2689d2e0c0ee348cee284ae2bbfded6633fa08737af2ea039c"/>
		</canvas>
		<int name="width" value="4318"/>
		<int name="height" value="1085"/>
		<int name="centerX" value="1507"/>
		<int name="centerY" value="1000"/>
		<int name="mag" value="4"/>
	</imgdir>
	<imgdir name="portal">
		<imgdir name="0">
			<string name="pn" value="sp"/>
			<int name="pt" value="0"/>
			<int name="x" value="1902"/>
			<int name="y" value="-192"/>
			<int name="tm" value="999999999"/>
			<string name="tn" value=""/>
			<int name="horizontalImpact" value="0"/>
		</imgdir>
		<imgdir name="1">
			<string name="pn" value="sp"/>
			<int name="pt" value="0"/>
			<int name="x" value="1357"/>
			<int name="y" value="-189"/>
			<int name="tm" value="999999999"/>
			<string name="tn" value=""/>
			<int name="horizontalImpact" value="0"/>
		</imgdir>
		<imgdir name="2">
			<string name="pn" value="sp"/>
			<int name="pt" value="0"/>
			<int name="x" value="746"/>
			<int name="y" value="-188"/>
			<int name="tm" value="999999999"/>
			<string name="tn" value=""/>
			<int name="horizontalImpact" value="0"/>
		</imgdir>
		<imgdir name="3">
			<string name="pn" value="sp"/>
			<int name="pt" value="0"/>
			<int name="x" value="193"/>
			<int name="y" value="-190"/>
			<int name="tm" value="999999999"/>
			<string name="tn" value=""/>
			<int name="horizontalImpact" value="0"/>
		</imgdir>
		<imgdir name="4">
			<string name="pn" value="sp"/>
			<int name="pt" value="0"/>
			<int name="x" value="-1230"/>
			<int name="y" value="-184"/>
			<int name="tm" value="999999999"/>
			<string name="tn" value=""/>
			<int name="horizontalImpact" value="0"/>
		</imgdir>
		<imgdir name="5">
			<string name="pn" value="sp"/>
			<int name="pt" value="0"/>
			<int name="x" value="-668"/>
			<int name="y" value="-186"/>
			<int name="tm" value="999999999"/>
			<string name="tn" value=""/>
			<int name="horizontalImpact" value="0"/>
		</imgdir>
		<imgdir name="6">
			<string name="pn" value="sp"/>
			<int name="pt" value="0"/>
			<int name="x" value="-885"/>
			<int name="y" value="-183"/>
			<int name="tm" value="999999999"/>
			<string name="tn" value=""/>
			<int name="horizontalImpact" value="0"/>
		</imgdir>
		<imgdir name="7">
			<string name="pn" value="sp"/>
			<int name="pt" value="0"/>
			<int name="x" value="-442"/>
			<int name="y" value="-196"/>
			<int name="tm" value="999999999"/>
			<string name="tn" value=""/>
			<int name="horizontalImpact" value="0"/>
		</imgdir>
		<imgdir name="8">
			<string name="pn" value="sp"/>
			<int name="pt" value="0"/>
			<int name="x" value="-213"/>
			<int name="y" value="-198"/>
			<int name="tm" value="999999999"/>
			<string name="tn" value=""/>
			<int name="horizontalImpact" value="0"/>
		</imgdir>
		<imgdir name="9">
			<string name="pn" value="sp"/>
			<int name="pt" value="0"/>
			<int name="x" value="-3"/>
			<int name="y" value="-183"/>
			<int name="tm" value="999999999"/>
			<string name="tn" value=""/>
			<int name="horizontalImpact" value="0"/>
		</imgdir>
		<imgdir name="10">
			<string name="pn" value="sp"/>
			<int name="pt" value="0"/>
			<int name="x" value="383"/>
			<int name="y" value="-186"/>
			<int name="tm" value="999999999"/>
			<string name="tn" value=""/>
			<int name="horizontalImpact" value="0"/>
		</imgdir>
		<imgdir name="11">
			<string name="pn" value="sp"/>
			<int name="pt" value="0"/>
			<int name="x" value="497"/>
			<int name="y" value="-182"/>
			<int name="tm" value="999999999"/>
			<string name="tn" value=""/>
			<int name="horizontalImpact" value="0"/>
		</imgdir>
		<imgdir name="12">
			<string name="pn" value="sp"/>
			<int name="pt" value="0"/>
			<int name="x" value="1007"/>
			<int name="y" value="-194"/>
			<int name="tm" value="999999999"/>
			<string name="tn" value=""/>
			<int name="horizontalImpact" value="0"/>
		</imgdir>
		<imgdir name="13">
			<string name="pn" value="sp"/>
			<int name="pt" value="0"/>
			<int name="x" value="1249"/>
			<int name="y" value="-190"/>
			<int name="tm" value="999999999"/>
			<string name="tn" value=""/>
			<int name="horizontalImpact" value="0"/>
		</imgdir>
		<imgdir name="14">
			<string name="pn" value="sp"/>
			<int name="pt" value="0"/>
			<int name="x" value="1795"/>
			<int name="y" value="-186"/>
			<int name="tm" value="999999999"/>
			<string name="tn" value=""/>
			<int name="horizontalImpact" value="0"/>
		</imgdir>
		<imgdir name="15">
			<string name="pn" value="sp"/>
			<int name="pt" value="0"/>
			<int name="x" value="2110"/>
			<int name="y" value="-192"/>
			<int name="tm" value="999999999"/>
			<string name="tn" value=""/>
			<int name="horizontalImpact" value="0"/>
		</imgdir>
		<imgdir name="16">
			<string name="pn" value="sp"/>
			<int name="pt" value="0"/>
			<int name="x" value="2461"/>
			<int name="y" value="-189"/>
			<int name="tm" value="999999999"/>
			<string name="tn" value=""/>
			<int name="horizontalImpact" value="0"/>
		</imgdir>
		<imgdir name="17">
			<string name="pn" value="sp"/>
			<int name="pt" value="0"/>
			<int name="x" value="-1114"/>
			<int name="y" value="-179"/>
			<int name="tm" value="999999999"/>
			<string name="tn" value=""/>
			<int name="horizontalImpact" value="0"/>
		</imgdir>
		<imgdir name="18">
			<string name="pn" value="sp"/>
			<int name="pt" value="0"/>
			<int name="x" value="-1005"/>
			<int name="y" value="-177"/>
			<int name="tm" value="999999999"/>
			<string name="tn" value=""/>
			<int name="horizontalImpact" value="0"/>
		</imgdir>
		<imgdir name="19">
			<string name="pn" value="sp"/>
			<int name="pt" value="0"/>
			<int name="x" value="-776"/>
			<int name="y" value="-180"/>
			<int name="tm" value="999999999"/>
			<string name="tn" value=""/>
			<int name="horizontalImpact" value="0"/>
		</imgdir>
		<imgdir name="20">
			<string name="pn" value="sp"/>
			<int name="pt" value="0"/>
			<int name="x" value="-568"/>
			<int name="y" value="-185"/>
			<int name="tm" value="999999999"/>
			<string name="tn" value=""/>
			<int name="horizontalImpact" value="0"/>
		</imgdir>
		<imgdir name="21">
			<string name="pn" value="sp"/>
			<int name="pt" value="0"/>
			<int name="x" value="-325"/>
			<int name="y" value="-195"/>
			<int name="tm" value="999999999"/>
			<string name="tn" value=""/>
			<int name="horizontalImpact" value="0"/>
		</imgdir>
		<imgdir name="22">
			<string name="pn" value="sp"/>
			<int name="pt" value="0"/>
			<int name="x" value="-119"/>
			<int name="y" value="-183"/>
			<int name="tm" value="999999999"/>
			<string name="tn" value=""/>
			<int name="horizontalImpact" value="0"/>
		</imgdir>
		<imgdir name="23">
			<string name="pn" value="sp"/>
			<int name="pt" value="0"/>
			<int name="x" value="100"/>
			<int name="y" value="-186"/>
			<int name="tm" value="999999999"/>
			<string name="tn" value=""/>
			<int name="horizontalImpact" value="0"/>
		</imgdir>
		<imgdir name="24">
			<string name="pn" value="sp"/>
			<int name="pt" value="0"/>
			<int name="x" value="292"/>
			<int name="y" value="-184"/>
			<int name="tm" value="999999999"/>
			<string name="tn" value=""/>
			<int name="horizontalImpact" value="0"/>
		</imgdir>
		<imgdir name="25">
			<string name="pn" value="sp"/>
			<int name="pt" value="0"/>
			<int name="x" value="620"/>
			<int name="y" value="-187"/>
			<int name="tm" value="999999999"/>
			<string name="tn" value=""/>
			<int name="horizontalImpact" value="0"/>
		</imgdir>
		<imgdir name="26">
			<string name="pn" value="sp"/>
			<int name="pt" value="0"/>
			<int name="x" value="1134"/>
			<int name="y" value="-192"/>
			<int name="tm" value="999999999"/>
			<string name="tn" value=""/>
			<int name="horizontalImpact" value="0"/>
		</imgdir>
		<imgdir name="27">
			<string name="pn" value="sp"/>
			<int name="pt" value="0"/>
			<int name="x" value="1697"/>
			<int name="y" value="-189"/>
			<int name="tm" value="999999999"/>
			<string name="tn" value=""/>
			<int name="horizontalImpact" value="0"/>
		</imgdir>
		<imgdir name="28">
			<string name="pn" value="sp"/>
			<int name="pt" value="0"/>
			<int name="x" value="2343"/>
			<int name="y" value="-192"/>
			<int name="tm" value="999999999"/>
			<string name="tn" value=""/>
			<int name="horizontalImpact" value="0"/>
		</imgdir>
		<imgdir name="29">
			<string name="pn" value="out_left"/>
			<int name="pt" value="7"/>
			<int name="x" value="-1336"/>
			<int name="y" value="-85"/>
			<int name="tm" value="999999999"/>
			<string name="tn" value=""/>
			<int name="horizontalImpact" value="0"/>
			<string name="script" value="out_adventure"/>
			<int name="hideTooltip" value="0"/>
			<int name="onlyOnce" value="0"/>
			<int name="delay" value="0"/>
		</imgdir>
		<imgdir name="30">
			<string name="pn" value="pt_1"/>
			<int name="pt" value="7"/>
			<int name="x" value="-667"/>
			<int name="y" value="-85"/>
			<int name="tm" value="999999999"/>
			<string name="tn" value=""/>
			<int name="horizontalImpact" value="0"/>
			<string name="script" value="in_restaurant"/>
			<int name="hideTooltip" value="0"/>
			<int name="onlyOnce" value="0"/>
			<int name="delay" value="0"/>
		</imgdir>
		<imgdir name="31">
			<string name="pn" value="out_right"/>
			<int name="pt" value="7"/>
			<int name="x" value="2728"/>
			<int name="y" value="-85"/>
			<int name="tm" value="999999999"/>
			<string name="tn" value=""/>
			<int name="horizontalImpact" value="0"/>
			<string name="script" value="out_adventure"/>
		</imgdir>
		<imgdir name="32">
			<string name="pn" value="pt_4"/>
			<int name="pt" value="7"/>
			<int name="x" value="2232"/>
			<int name="y" value="-82"/>
			<int name="tm" value="999999999"/>
			<string name="tn" value=""/>
			<int name="horizontalImpact" value="0"/>
			<string name="script" value="in_battleroom"/>
			<int name="hideTooltip" value="0"/>
			<int name="onlyOnce" value="0"/>
			<int name="delay" value="0"/>
		</imgdir>
		<imgdir name="33">
			<string name="pn" value="pt_3"/>
			<int name="pt" value="7"/>
			<int name="x" value="1461"/>
			<int name="y" value="-86"/>
			<int name="tm" value="999999999"/>
			<string name="tn" value=""/>
			<int name="horizontalImpact" value="0"/>
			<string name="script" value="in_godofcontrol"/>
			<int name="hideTooltip" value="0"/>
			<int name="onlyOnce" value="0"/>
			<int name="delay" value="0"/>
		</imgdir>
	</imgdir>
</imgdir>