<?xml version="1.0" encoding="UTF-8" standalone="yes"?>
<imgdir name="1093.img">
	<imgdir name="info">
		<string name="mainCategory" value="adventure"/>
		<string name="subCategory" value="exploration"/>
		<string name="name" value="[地区探险]探索狮子王之城"/>
		<string name="desc" value="探索狮子王之城"/>
		<string name="difficulty" value="rare"/>
		<int name="score" value="20"/>
		<imgdir name="uiType">
			<string name="uiForm" value="mission"/>
			<string name="gauge" value="mission_count"/>
		</imgdir>
	</imgdir>
	<imgdir name="mission">
		<imgdir name="0">
			<string name="name" value="探索&lt;狮子王之城 - 城堡入口&gt;"/>
			<imgdir name="subMission">
				<imgdir name="field_enter">
					<imgdir name="score">
						<int name="targetScore" value="1"/>
						<string name="compare" value="greater_than_or_equal_to"/>
						<string name="type" value="counting"/>
					</imgdir>
					<imgdir name="checkValue">
						<imgdir name="field">
							<int name="field_id" value="211060010"/>
						</imgdir>
					</imgdir>
				</imgdir>
			</imgdir>
			<string name="keyword" value="城堡入口"/>
		</imgdir>
		<imgdir name="1">
			<string name="name" value="探索&lt;狮子王之城 - 城墙下1&gt;"/>
			<imgdir name="subMission">
				<imgdir name="field_enter">
					<imgdir name="score">
						<int name="targetScore" value="1"/>
						<string name="compare" value="greater_than_or_equal_to"/>
						<string name="type" value="counting"/>
					</imgdir>
					<imgdir name="checkValue">
						<imgdir name="field">
							<int name="field_id" value="211060100"/>
						</imgdir>
					</imgdir>
				</imgdir>
			</imgdir>
			<string name="keyword" value="城墙下1"/>
		</imgdir>
		<imgdir name="2">
			<string name="name" value="探索&lt;狮子王之城 - 第一座塔&gt;"/>
			<imgdir name="subMission">
				<imgdir name="field_enter">
					<imgdir name="score">
						<int name="targetScore" value="1"/>
						<string name="compare" value="greater_than_or_equal_to"/>
						<string name="type" value="counting"/>
					</imgdir>
					<imgdir name="checkValue">
						<imgdir name="field">
							<int name="field_id" value="211060200"/>
						</imgdir>
					</imgdir>
				</imgdir>
			</imgdir>
			<string name="keyword" value="第一座塔"/>
		</imgdir>
		<imgdir name="3">
			<string name="name" value="探索&lt;狮子王之城 - 第一座塔楼&gt;"/>
			<imgdir name="subMission">
				<imgdir name="field_enter">
					<imgdir name="score">
						<int name="targetScore" value="1"/>
						<string name="compare" value="greater_than_or_equal_to"/>
						<string name="type" value="counting"/>
					</imgdir>
					<imgdir name="checkValue">
						<imgdir name="field">
							<int name="field_id" value="211060201"/>
						</imgdir>
					</imgdir>
				</imgdir>
			</imgdir>
			<string name="keyword" value="第一座塔楼"/>
		</imgdir>
		<imgdir name="4">
			<string name="name" value="探索&lt;狮子王之城 - 城墙下2&gt;"/>
			<imgdir name="subMission">
				<imgdir name="field_enter">
					<imgdir name="score">
						<int name="targetScore" value="1"/>
						<string name="compare" value="greater_than_or_equal_to"/>
						<string name="type" value="counting"/>
					</imgdir>
					<imgdir name="checkValue">
						<imgdir name="field">
							<int name="field_id" value="211060300"/>
						</imgdir>
					</imgdir>
				</imgdir>
			</imgdir>
			<string name="keyword" value="城墙下2"/>
		</imgdir>
		<imgdir name="5">
			<string name="name" value="探索&lt;狮子王之城 - 第二座塔&gt;"/>
			<imgdir name="subMission">
				<imgdir name="field_enter">
					<imgdir name="score">
						<int name="targetScore" value="1"/>
						<string name="compare" value="greater_than_or_equal_to"/>
						<string name="type" value="counting"/>
					</imgdir>
					<imgdir name="checkValue">
						<imgdir name="field">
							<int name="field_id" value="211060400"/>
						</imgdir>
					</imgdir>
				</imgdir>
			</imgdir>
			<string name="keyword" value="第二座塔"/>
		</imgdir>
		<imgdir name="6">
			<string name="name" value="探索&lt;狮子王之城 - 第二座塔楼&gt;"/>
			<imgdir name="subMission">
				<imgdir name="field_enter">
					<imgdir name="score">
						<int name="targetScore" value="1"/>
						<string name="compare" value="greater_than_or_equal_to"/>
						<string name="type" value="counting"/>
					</imgdir>
					<imgdir name="checkValue">
						<imgdir name="field">
							<int name="field_id" value="211060401"/>
						</imgdir>
					</imgdir>
				</imgdir>
			</imgdir>
			<string name="keyword" value="第二座塔楼"/>
		</imgdir>
		<imgdir name="7">
			<string name="name" value="探索&lt;狮子王之城 - 矮城墙1&gt;"/>
			<imgdir name="subMission">
				<imgdir name="field_enter">
					<imgdir name="score">
						<int name="targetScore" value="1"/>
						<string name="compare" value="greater_than_or_equal_to"/>
						<string name="type" value="counting"/>
					</imgdir>
					<imgdir name="checkValue">
						<imgdir name="field">
							<int name="field_id" value="211060410"/>
						</imgdir>
					</imgdir>
				</imgdir>
			</imgdir>
			<string name="keyword" value="矮城墙1"/>
		</imgdir>
		<imgdir name="8">
			<string name="name" value="探索&lt;狮子王之城 - 城墙下3&gt;"/>
			<imgdir name="subMission">
				<imgdir name="field_enter">
					<imgdir name="score">
						<int name="targetScore" value="1"/>
						<string name="compare" value="greater_than_or_equal_to"/>
						<string name="type" value="counting"/>
					</imgdir>
					<imgdir name="checkValue">
						<imgdir name="field">
							<int name="field_id" value="211060500"/>
						</imgdir>
					</imgdir>
				</imgdir>
			</imgdir>
			<string name="keyword" value="城墙下3"/>
		</imgdir>
		<imgdir name="9">
			<string name="name" value="探索&lt;狮子王之城 - 第三座塔&gt;"/>
			<imgdir name="subMission">
				<imgdir name="field_enter">
					<imgdir name="score">
						<int name="targetScore" value="1"/>
						<string name="compare" value="greater_than_or_equal_to"/>
						<string name="type" value="counting"/>
					</imgdir>
					<imgdir name="checkValue">
						<imgdir name="field">
							<int name="field_id" value="211060600"/>
						</imgdir>
					</imgdir>
				</imgdir>
			</imgdir>
			<string name="keyword" value="第三座塔"/>
		</imgdir>
		<imgdir name="10">
			<string name="name" value="探索&lt;狮子王之城 - 第三座塔楼&gt;"/>
			<imgdir name="subMission">
				<imgdir name="field_enter">
					<imgdir name="score">
						<int name="targetScore" value="1"/>
						<string name="compare" value="greater_than_or_equal_to"/>
						<string name="type" value="counting"/>
					</imgdir>
					<imgdir name="checkValue">
						<imgdir name="field">
							<int name="field_id" value="211060601"/>
						</imgdir>
					</imgdir>
				</imgdir>
			</imgdir>
			<string name="keyword" value="第三座塔楼"/>
		</imgdir>
		<imgdir name="11">
			<string name="name" value="探索&lt;狮子王之城 - 矮城墙2&gt;"/>
			<imgdir name="subMission">
				<imgdir name="field_enter">
					<imgdir name="score">
						<int name="targetScore" value="1"/>
						<string name="compare" value="greater_than_or_equal_to"/>
						<string name="type" value="counting"/>
					</imgdir>
					<imgdir name="checkValue">
						<imgdir name="field">
							<int name="field_id" value="211060610"/>
						</imgdir>
					</imgdir>
				</imgdir>
			</imgdir>
			<string name="keyword" value="矮城墙2"/>
		</imgdir>
		<imgdir name="12">
			<string name="name" value="探索&lt;狮子王之城 - 高城墙1&gt;"/>
			<imgdir name="subMission">
				<imgdir name="field_enter">
					<imgdir name="score">
						<int name="targetScore" value="1"/>
						<string name="compare" value="greater_than_or_equal_to"/>
						<string name="type" value="counting"/>
					</imgdir>
					<imgdir name="checkValue">
						<imgdir name="field">
							<int name="field_id" value="211060620"/>
						</imgdir>
					</imgdir>
				</imgdir>
			</imgdir>
			<string name="keyword" value="高城墙1"/>
		</imgdir>
		<imgdir name="13">
			<string name="name" value="探索&lt;狮子王之城 - 城墙下4&gt;"/>
			<imgdir name="subMission">
				<imgdir name="field_enter">
					<imgdir name="score">
						<int name="targetScore" value="1"/>
						<string name="compare" value="greater_than_or_equal_to"/>
						<string name="type" value="counting"/>
					</imgdir>
					<imgdir name="checkValue">
						<imgdir name="field">
							<int name="field_id" value="211060700"/>
						</imgdir>
					</imgdir>
				</imgdir>
			</imgdir>
			<string name="keyword" value="城墙下4"/>
		</imgdir>
		<imgdir name="14">
			<string name="name" value="探索&lt;狮子王之城 - 第四座塔&gt;"/>
			<imgdir name="subMission">
				<imgdir name="field_enter">
					<imgdir name="score">
						<int name="targetScore" value="1"/>
						<string name="compare" value="greater_than_or_equal_to"/>
						<string name="type" value="counting"/>
					</imgdir>
					<imgdir name="checkValue">
						<imgdir name="field">
							<int name="field_id" value="211060800"/>
						</imgdir>
					</imgdir>
				</imgdir>
			</imgdir>
			<string name="keyword" value="第四座塔"/>
		</imgdir>
		<imgdir name="15">
			<string name="name" value="探索&lt;狮子王之城 - 第四座塔楼&gt;"/>
			<imgdir name="subMission">
				<imgdir name="field_enter">
					<imgdir name="score">
						<int name="targetScore" value="1"/>
						<string name="compare" value="greater_than_or_equal_to"/>
						<string name="type" value="counting"/>
					</imgdir>
					<imgdir name="checkValue">
						<imgdir name="field">
							<int name="field_id" value="211060801"/>
						</imgdir>
					</imgdir>
				</imgdir>
			</imgdir>
			<string name="keyword" value="第四座塔楼"/>
		</imgdir>
		<imgdir name="16">
			<string name="name" value="探索&lt;狮子王之城 - 矮城墙3&gt;"/>
			<imgdir name="subMission">
				<imgdir name="field_enter">
					<imgdir name="score">
						<int name="targetScore" value="1"/>
						<string name="compare" value="greater_than_or_equal_to"/>
						<string name="type" value="counting"/>
					</imgdir>
					<imgdir name="checkValue">
						<imgdir name="field">
							<int name="field_id" value="211060810"/>
						</imgdir>
					</imgdir>
				</imgdir>
			</imgdir>
			<string name="keyword" value="矮城墙3"/>
		</imgdir>
		<imgdir name="17">
			<string name="name" value="探索&lt;狮子王之城 - 高城墙2&gt;"/>
			<imgdir name="subMission">
				<imgdir name="field_enter">
					<imgdir name="score">
						<int name="targetScore" value="1"/>
						<string name="compare" value="greater_than_or_equal_to"/>
						<string name="type" value="counting"/>
					</imgdir>
					<imgdir name="checkValue">
						<imgdir name="field">
							<int name="field_id" value="211060820"/>
						</imgdir>
					</imgdir>
				</imgdir>
			</imgdir>
			<string name="keyword" value="高城墙2"/>
		</imgdir>
		<imgdir name="18">
			<string name="name" value="探索&lt;狮子王之城 - 非常高的城墙&gt;"/>
			<imgdir name="subMission">
				<imgdir name="field_enter">
					<imgdir name="score">
						<int name="targetScore" value="1"/>
						<string name="compare" value="greater_than_or_equal_to"/>
						<string name="type" value="counting"/>
					</imgdir>
					<imgdir name="checkValue">
						<imgdir name="field">
							<int name="field_id" value="211060830"/>
						</imgdir>
					</imgdir>
				</imgdir>
			</imgdir>
			<string name="keyword" value="非常高的城墙"/>
		</imgdir>
		<imgdir name="19">
			<string name="name" value="探索&lt;狮子王之城 - 城墙下5&gt;"/>
			<imgdir name="subMission">
				<imgdir name="field_enter">
					<imgdir name="score">
						<int name="targetScore" value="1"/>
						<string name="compare" value="greater_than_or_equal_to"/>
						<string name="type" value="counting"/>
					</imgdir>
					<imgdir name="checkValue">
						<imgdir name="field">
							<int name="field_id" value="211060900"/>
						</imgdir>
					</imgdir>
				</imgdir>
			</imgdir>
			<string name="keyword" value="城墙下5"/>
		</imgdir>
		<imgdir name="20">
			<string name="name" value="探索&lt;狮子王之城 - 第五座塔&gt;"/>
			<imgdir name="subMission">
				<imgdir name="field_enter">
					<imgdir name="score">
						<int name="targetScore" value="1"/>
						<string name="compare" value="greater_than_or_equal_to"/>
						<string name="type" value="counting"/>
					</imgdir>
					<imgdir name="checkValue">
						<imgdir name="field">
							<int name="field_id" value="211061000"/>
						</imgdir>
					</imgdir>
				</imgdir>
			</imgdir>
			<string name="keyword" value="第五座塔"/>
		</imgdir>
		<imgdir name="21">
			<string name="name" value="探索&lt;狮子王之城 - 第五座塔楼&gt;"/>
			<imgdir name="subMission">
				<imgdir name="field_enter">
					<imgdir name="score">
						<int name="targetScore" value="1"/>
						<string name="compare" value="greater_than_or_equal_to"/>
						<string name="type" value="counting"/>
					</imgdir>
					<imgdir name="checkValue">
						<imgdir name="field">
							<int name="field_id" value="211061001"/>
						</imgdir>
					</imgdir>
				</imgdir>
			</imgdir>
			<string name="keyword" value="第五座塔楼"/>
		</imgdir>
		<imgdir name="22">
			<string name="name" value="探索&lt;狮子王之城 - 沉寂原野&gt;"/>
			<imgdir name="subMission">
				<imgdir name="field_enter">
					<imgdir name="score">
						<int name="targetScore" value="1"/>
						<string name="compare" value="greater_than_or_equal_to"/>
						<string name="type" value="counting"/>
					</imgdir>
					<imgdir name="checkValue">
						<imgdir name="field">
							<int name="field_id" value="211060000"/>
						</imgdir>
					</imgdir>
				</imgdir>
			</imgdir>
			<string name="keyword" value="沉寂原野"/>
		</imgdir>
		<imgdir name="23">
			<string name="name" value="探索&lt;狮子王之城 - 接见室走廊&gt;"/>
			<imgdir name="subMission">
				<imgdir name="field_enter">
					<imgdir name="score">
						<int name="targetScore" value="1"/>
						<string name="compare" value="greater_than_or_equal_to"/>
						<string name="type" value="counting"/>
					</imgdir>
					<imgdir name="checkValue">
						<imgdir name="field">
							<int name="field_id" value="211070000"/>
						</imgdir>
					</imgdir>
				</imgdir>
			</imgdir>
			<string name="keyword" value="接见室走廊"/>
		</imgdir>
		<imgdir name="24">
			<string name="name" value="探索&lt;狮子王之城 - 接见室&gt;"/>
			<imgdir name="subMission">
				<imgdir name="field_enter">
					<imgdir name="score">
						<int name="targetScore" value="1"/>
						<string name="compare" value="greater_than_or_equal_to"/>
						<string name="type" value="counting"/>
					</imgdir>
					<imgdir name="checkValue">
						<imgdir name="field">
							<string name="condition" value="or"/>
							<imgdir name="values">
								<imgdir name="0">
									<int name="field_id" value="211070100"/>
								</imgdir>
								<imgdir name="1">
									<int name="field_id" value="211070102"/>
								</imgdir>
								<imgdir name="2">
									<int name="field_id" value="211070104"/>
								</imgdir>
								<imgdir name="3">
									<int name="field_id" value="211070200"/>
								</imgdir>
							</imgdir>
						</imgdir>
					</imgdir>
				</imgdir>
			</imgdir>
			<string name="keyword" value="接见室"/>
		</imgdir>
		<imgdir name="25">
			<string name="name" value="探索&lt;狮子王之城 - 空中监狱&gt;"/>
			<imgdir name="subMission">
				<imgdir name="field_enter">
					<imgdir name="score">
						<int name="targetScore" value="1"/>
						<string name="compare" value="greater_than_or_equal_to"/>
						<string name="type" value="counting"/>
					</imgdir>
					<imgdir name="checkValue">
						<imgdir name="field">
							<string name="condition" value="or"/>
							<imgdir name="values">
								<imgdir name="0">
									<int name="field_id" value="211070101"/>
								</imgdir>
								<imgdir name="1">
									<int name="field_id" value="211070103"/>
								</imgdir>
								<imgdir name="2">
									<int name="field_id" value="211070105"/>
								</imgdir>
							</imgdir>
						</imgdir>
					</imgdir>
				</imgdir>
			</imgdir>
			<string name="keyword" value="空中监狱"/>
		</imgdir>
		<imgdir name="26">
			<string name="name" value="探索&lt;狮子王之城 - 复活塔楼&gt;"/>
			<imgdir name="subMission">
				<imgdir name="field_enter">
					<imgdir name="score">
						<int name="targetScore" value="1"/>
						<string name="compare" value="greater_than_or_equal_to"/>
						<string name="type" value="counting"/>
					</imgdir>
					<imgdir name="checkValue">
						<imgdir name="field">
							<string name="condition" value="or"/>
							<imgdir name="values">
								<imgdir name="0">
									<int name="field_id" value="211070110"/>
								</imgdir>
								<imgdir name="1">
									<int name="field_id" value="211070111"/>
								</imgdir>
								<imgdir name="2">
									<int name="field_id" value="211070112"/>
								</imgdir>
							</imgdir>
						</imgdir>
					</imgdir>
				</imgdir>
			</imgdir>
			<string name="keyword" value="复活塔楼"/>
		</imgdir>
		<imgdir name="27">
			<string name="name" value="探索&lt;玫瑰花园 - 园艺师区域&gt;"/>
			<imgdir name="subMission">
				<imgdir name="field_enter">
					<imgdir name="score">
						<int name="targetScore" value="1"/>
						<string name="compare" value="greater_than_or_equal_to"/>
						<string name="type" value="counting"/>
					</imgdir>
					<imgdir name="checkValue">
						<imgdir name="field">
							<int name="field_id" value="211080000"/>
						</imgdir>
					</imgdir>
				</imgdir>
			</imgdir>
			<string name="keyword" value="园艺师区域"/>
		</imgdir>
		<imgdir name="28">
			<string name="name" value="探索&lt;玫瑰花园 - 荒废的庭院&gt;"/>
			<imgdir name="subMission">
				<imgdir name="field_enter">
					<imgdir name="score">
						<int name="targetScore" value="1"/>
						<string name="compare" value="greater_than_or_equal_to"/>
						<string name="type" value="counting"/>
					</imgdir>
					<imgdir name="checkValue">
						<imgdir name="field">
							<int name="field_id" value="211080100"/>
						</imgdir>
					</imgdir>
				</imgdir>
			</imgdir>
			<string name="keyword" value="荒废的庭院"/>
		</imgdir>
		<imgdir name="29">
			<string name="name" value="探索&lt;玫瑰花园 - 灵魂束缚之地&gt;"/>
			<imgdir name="subMission">
				<imgdir name="field_enter">
					<imgdir name="score">
						<int name="targetScore" value="1"/>
						<string name="compare" value="greater_than_or_equal_to"/>
						<string name="type" value="counting"/>
					</imgdir>
					<imgdir name="checkValue">
						<imgdir name="field">
							<int name="field_id" value="211080200"/>
						</imgdir>
					</imgdir>
				</imgdir>
			</imgdir>
			<string name="keyword" value="灵魂束缚之地"/>
		</imgdir>
		<imgdir name="30">
			<string name="name" value="探索&lt;玫瑰花园 - 城墙尽头&gt;"/>
			<imgdir name="subMission">
				<imgdir name="field_enter">
					<imgdir name="score">
						<int name="targetScore" value="1"/>
						<string name="compare" value="greater_than_or_equal_to"/>
						<string name="type" value="counting"/>
					</imgdir>
					<imgdir name="checkValue">
						<imgdir name="field">
							<int name="field_id" value="211080300"/>
						</imgdir>
					</imgdir>
				</imgdir>
			</imgdir>
			<string name="keyword" value="城墙尽头"/>
		</imgdir>
		<imgdir name="31">
			<string name="name" value="探索&lt;玫瑰花园 - 秘密庭院1&gt;"/>
			<imgdir name="subMission">
				<imgdir name="field_enter">
					<imgdir name="score">
						<int name="targetScore" value="1"/>
						<string name="compare" value="greater_than_or_equal_to"/>
						<string name="type" value="counting"/>
					</imgdir>
					<imgdir name="checkValue">
						<imgdir name="field">
							<int name="field_id" value="211080400"/>
						</imgdir>
					</imgdir>
				</imgdir>
			</imgdir>
			<string name="keyword" value="秘密庭院1"/>
		</imgdir>
		<imgdir name="32">
			<string name="name" value="探索&lt;玫瑰花园 - 秘密庭院2&gt;"/>
			<imgdir name="subMission">
				<imgdir name="field_enter">
					<imgdir name="score">
						<int name="targetScore" value="1"/>
						<string name="compare" value="greater_than_or_equal_to"/>
						<string name="type" value="counting"/>
					</imgdir>
					<imgdir name="checkValue">
						<imgdir name="field">
							<int name="field_id" value="211080500"/>
						</imgdir>
					</imgdir>
				</imgdir>
			</imgdir>
			<string name="keyword" value="秘密庭院2"/>
		</imgdir>
		<imgdir name="33">
			<string name="name" value="探索&lt;玫瑰花园 - 秘密庭院3&gt;"/>
			<imgdir name="subMission">
				<imgdir name="field_enter">
					<imgdir name="score">
						<int name="targetScore" value="1"/>
						<string name="compare" value="greater_than_or_equal_to"/>
						<string name="type" value="counting"/>
					</imgdir>
					<imgdir name="checkValue">
						<imgdir name="field">
							<int name="field_id" value="211080600"/>
						</imgdir>
					</imgdir>
				</imgdir>
			</imgdir>
			<string name="keyword" value="秘密庭院3"/>
		</imgdir>
	</imgdir>
</imgdir>
