<?xml version="1.0" encoding="UTF-8" standalone="yes"?>
<imgdir name="1096.img">
	<imgdir name="info">
		<string name="mainCategory" value="adventure"/>
		<string name="subCategory" value="exploration"/>
		<string name="name" value="[地区探险]探索时间塔最下层"/>
		<string name="desc" value="探索时间塔最下层"/>
		<string name="difficulty" value="rare"/>
		<int name="score" value="20"/>
		<imgdir name="uiType">
			<string name="uiForm" value="mission"/>
			<string name="gauge" value="mission_count"/>
		</imgdir>
	</imgdir>
	<imgdir name="mission">
		<imgdir name="0">
			<string name="name" value="探索&lt;时间塔最下层 - 时间通道&gt;"/>
			<imgdir name="subMission">
				<imgdir name="field_enter">
					<imgdir name="score">
						<int name="targetScore" value="1"/>
						<string name="compare" value="greater_than_or_equal_to"/>
						<string name="type" value="counting"/>
					</imgdir>
					<imgdir name="checkValue">
						<imgdir name="field">
							<int name="field_id" value="220050300"/>
						</imgdir>
					</imgdir>
				</imgdir>
			</imgdir>
			<string name="keyword" value="时间通道"/>
		</imgdir>
		<imgdir name="1">
			<string name="name" value="探索&lt;时间塔最下层 - 扭曲的时间&lt;1&gt;&gt;"/>
			<imgdir name="subMission">
				<imgdir name="field_enter">
					<imgdir name="score">
						<int name="targetScore" value="1"/>
						<string name="compare" value="greater_than_or_equal_to"/>
						<string name="type" value="counting"/>
					</imgdir>
					<imgdir name="checkValue">
						<imgdir name="field">
							<int name="field_id" value="220060000"/>
						</imgdir>
					</imgdir>
				</imgdir>
			</imgdir>
			<string name="keyword" value="扭曲的时间&lt;1&gt;"/>
		</imgdir>
		<imgdir name="2">
			<string name="name" value="探索&lt;时间塔最下层 - 扭曲的时间&lt;2&gt;&gt;"/>
			<imgdir name="subMission">
				<imgdir name="field_enter">
					<imgdir name="score">
						<int name="targetScore" value="1"/>
						<string name="compare" value="greater_than_or_equal_to"/>
						<string name="type" value="counting"/>
					</imgdir>
					<imgdir name="checkValue">
						<imgdir name="field">
							<int name="field_id" value="220060100"/>
						</imgdir>
					</imgdir>
				</imgdir>
			</imgdir>
			<string name="keyword" value="扭曲的时间&lt;2&gt;"/>
		</imgdir>
		<imgdir name="3">
			<string name="name" value="探索&lt;时间塔最下层 - 扭曲的时间&lt;3&gt;&gt;"/>
			<imgdir name="subMission">
				<imgdir name="field_enter">
					<imgdir name="score">
						<int name="targetScore" value="1"/>
						<string name="compare" value="greater_than_or_equal_to"/>
						<string name="type" value="counting"/>
					</imgdir>
					<imgdir name="checkValue">
						<imgdir name="field">
							<int name="field_id" value="220060200"/>
						</imgdir>
					</imgdir>
				</imgdir>
			</imgdir>
			<string name="keyword" value="扭曲的时间&lt;3&gt;"/>
		</imgdir>
		<imgdir name="4">
			<string name="name" value="探索&lt;时间塔最下层 - 扭曲的时间&lt;4&gt;&gt;"/>
			<imgdir name="subMission">
				<imgdir name="field_enter">
					<imgdir name="score">
						<int name="targetScore" value="1"/>
						<string name="compare" value="greater_than_or_equal_to"/>
						<string name="type" value="counting"/>
					</imgdir>
					<imgdir name="checkValue">
						<imgdir name="field">
							<int name="field_id" value="220060300"/>
						</imgdir>
					</imgdir>
				</imgdir>
			</imgdir>
			<string name="keyword" value="扭曲的时间&lt;4&gt;"/>
		</imgdir>
		<imgdir name="5">
			<string name="name" value="探索&lt;时间塔最下层 - 怪异的回廊&gt;"/>
			<imgdir name="subMission">
				<imgdir name="field_enter">
					<imgdir name="score">
						<int name="targetScore" value="1"/>
						<string name="compare" value="greater_than_or_equal_to"/>
						<string name="type" value="counting"/>
					</imgdir>
					<imgdir name="checkValue">
						<imgdir name="field">
							<int name="field_id" value="220060400"/>
						</imgdir>
					</imgdir>
				</imgdir>
			</imgdir>
			<string name="keyword" value="怪异的回廊"/>
		</imgdir>
		<imgdir name="6">
			<string name="name" value="探索&lt;时间塔最下层 - 时间消失之路&lt;1&gt;&gt;"/>
			<imgdir name="subMission">
				<imgdir name="field_enter">
					<imgdir name="score">
						<int name="targetScore" value="1"/>
						<string name="compare" value="greater_than_or_equal_to"/>
						<string name="type" value="counting"/>
					</imgdir>
					<imgdir name="checkValue">
						<imgdir name="field">
							<int name="field_id" value="220070000"/>
						</imgdir>
					</imgdir>
				</imgdir>
			</imgdir>
			<string name="keyword" value="时间消失之路&lt;1&gt;"/>
		</imgdir>
		<imgdir name="7">
			<string name="name" value="探索&lt;时间塔最下层 - 时间消失之路&lt;2&gt;&gt;"/>
			<imgdir name="subMission">
				<imgdir name="field_enter">
					<imgdir name="score">
						<int name="targetScore" value="1"/>
						<string name="compare" value="greater_than_or_equal_to"/>
						<string name="type" value="counting"/>
					</imgdir>
					<imgdir name="checkValue">
						<imgdir name="field">
							<int name="field_id" value="220070100"/>
						</imgdir>
					</imgdir>
				</imgdir>
			</imgdir>
			<string name="keyword" value=" 时间消失之路&lt;2&gt;"/>
		</imgdir>
		<imgdir name="8">
			<string name="name" value="探索&lt;时间塔最下层 - 时间消失之路&lt;3&gt;&gt;"/>
			<imgdir name="subMission">
				<imgdir name="field_enter">
					<imgdir name="score">
						<int name="targetScore" value="1"/>
						<string name="compare" value="greater_than_or_equal_to"/>
						<string name="type" value="counting"/>
					</imgdir>
					<imgdir name="checkValue">
						<imgdir name="field">
							<int name="field_id" value="220070200"/>
						</imgdir>
					</imgdir>
				</imgdir>
			</imgdir>
			<string name="keyword" value="时间消失之路&lt;3&gt;"/>
		</imgdir>
		<imgdir name="9">
			<string name="name" value="探索&lt;时间塔最下层 - 时间消失之路&lt;4&gt;&gt;"/>
			<imgdir name="subMission">
				<imgdir name="field_enter">
					<imgdir name="score">
						<int name="targetScore" value="1"/>
						<string name="compare" value="greater_than_or_equal_to"/>
						<string name="type" value="counting"/>
					</imgdir>
					<imgdir name="checkValue">
						<imgdir name="field">
							<int name="field_id" value="220070300"/>
						</imgdir>
					</imgdir>
				</imgdir>
			</imgdir>
			<string name="keyword" value="时间消失之路&lt;4&gt;"/>
		</imgdir>
		<imgdir name="10">
			<string name="name" value="探索&lt;时间塔最下层 - 消失的回廊&gt;"/>
			<imgdir name="subMission">
				<imgdir name="field_enter">
					<imgdir name="score">
						<int name="targetScore" value="1"/>
						<string name="compare" value="greater_than_or_equal_to"/>
						<string name="type" value="counting"/>
					</imgdir>
					<imgdir name="checkValue">
						<imgdir name="field">
							<int name="field_id" value="220070400"/>
						</imgdir>
					</imgdir>
				</imgdir>
			</imgdir>
			<string name="keyword" value="消失的回廊"/>
		</imgdir>
		<imgdir name="11">
			<string name="name" value="探索&lt;时间塔最下层 - 时间塔的隐秘场所&gt;"/>
			<imgdir name="subMission">
				<imgdir name="field_enter">
					<imgdir name="score">
						<int name="targetScore" value="1"/>
						<string name="compare" value="greater_than_or_equal_to"/>
						<string name="type" value="counting"/>
					</imgdir>
					<imgdir name="checkValue">
						<imgdir name="field">
							<int name="field_id" value="220080000"/>
						</imgdir>
					</imgdir>
				</imgdir>
			</imgdir>
			<string name="keyword" value="时间塔的隐秘场所"/>
		</imgdir>
		<imgdir name="12">
			<string name="name" value="探索&lt;时间塔最下层 - 时间塔的起源&gt;"/>
			<imgdir name="subMission">
				<imgdir name="field_enter">
					<imgdir name="score">
						<int name="targetScore" value="1"/>
						<string name="compare" value="greater_than_or_equal_to"/>
						<string name="type" value="counting"/>
					</imgdir>
					<imgdir name="checkValue">
						<imgdir name="field">
							<string name="condition" value="or"/>
							<imgdir name="values">
								<imgdir name="0">
									<int name="field_id" value="220080100"/>
								</imgdir>
								<imgdir name="1">
									<int name="field_id" value="220080200"/>
								</imgdir>
								<imgdir name="2">
									<int name="field_id" value="220080300"/>
								</imgdir>
							</imgdir>
						</imgdir>
					</imgdir>
				</imgdir>
			</imgdir>
			<string name="keyword" value="时间塔的起源"/>
		</imgdir>
	</imgdir>
</imgdir>
